report,t_s,F0.Va.rms,F0.Va.ang_rad,F0.Va.freq_hz,F0.Va.event,F0.Vb.rms,F0.Vb.ang_rad,F0.Vb.freq_hz,F0.Vb.event,F0.Vc.rms,F0.Vc.ang_rad,F0.Vc.freq_hz,F0.Vc.event,F0.Ia.rms,F0.Ia.ang_rad,F0.Ia.freq_hz,F0.Ia.event,F0.Ib.rms,F0.Ib.ang_rad,F0.Ib.freq_hz,F0.Ib.event,F0.Ic.rms,F0.Ic.ang_rad,F0.Ic.freq_hz,F0.Ic.event,F0.mode
0,0.008333,14831.3,4.482371,60.00000,0,14888.2,2.386176,60.00000,0,14852,0.287432,60.00000,0,53.2788,4.517327,60.00000,0,55.664,2.386481,60.00000,0,67.2886,0.220436,60.00000,0,PMU
1,0.016667,14829,4.476758,60.00000,0,14817.1,2.390919,60.00000,0,14947,0.291277,60.00000,0,53.3533,4.515801,60.00000,0,55.6516,2.387519,60.00000,0,67.3814,0.220314,60.00000,0,PMU
2,0.025000,14831.7,4.483897,60.13401,0,14895.9,2.388661,59.95804,0,14867.6,0.289019,59.95804,0,53.2562,4.518364,60.04663,0,55.7665,2.388661,60.02182,0,67.5076,0.222877,60.05129,0,PMU
3,0.033333,14830,4.478772,59.90212,0,14817.9,2.392872,60.08043,0,14948.6,0.293230,60.08043,0,53.0097,4.516228,59.95920,0,55.7377,2.389576,60.01749,0,67.5556,0.223121,60.00466,0,PMU
4,0.041667,14832.3,4.485972,60.13751,0,14895.7,2.390736,59.95920,0,14869.1,0.291094,59.95920,0,52.6844,4.519280,60.05828,0,55.8117,2.390553,60.01865,0,67.6422,0.224769,60.03147,0,PMU
5,0.050000,14830.6,4.480906,59.90325,0,14817,2.394886,60.07927,0,14948.4,0.295303,60.08039,0,52.597,4.518669,59.98834,0,55.831,2.391407,60.01632,0,67.5753,0.224708,59.99883,0,PMU
6,0.058333,14831.2,4.488047,60.13638,0,14895.6,2.392750,59.95920,0,14867.7,0.293108,59.95808,0,52.6461,4.521355,60.05129,0,55.8926,2.391896,60.00933,0,67.6262,0.226295,60.03031,0,PMU
7,0.066667,14828.7,4.482554,59.89509,0,14815,2.396717,60.07577,0,14947,0.297134,60.07689,0,52.8928,4.521721,60.00699,0,55.8047,2.393177,60.02448,0,67.5904,0.226905,60.01166,0,PMU
8,0.075000,14832.3,4.489817,60.13872,0,14896.2,2.394459,59.95687,0,14866.4,0.294815,59.95570,0,52.8365,4.523674,60.03730,0,55.7679,2.392933,59.99534,0,67.6923,0.228675,60.03380,0,PMU
9,0.083333,14828.1,4.484568,59.89975,0,14816.1,2.398670,60.08043,0,14947.6,0.298965,60.07927,0,52.7888,4.523918,60.00466,0,55.7333,2.394886,60.03730,0,67.7008,0.229469,60.01515,0,PMU
10,0.091667,14830.5,4.491648,60.13522,0,14894,2.396473,59.95804,0,14866.5,0.296768,59.95804,0,52.7282,4.524956,60.01982,0,55.6929,2.394764,59.99767,0,67.6379,0.230018,60.01049,0,PMU
11,0.100000,14829.2,4.486643,59.90441,0,14814.5,2.400563,60.07810,0,14945.2,0.301041,60.08160,0,52.5533,4.524346,59.98834,0,55.7887,2.396656,60.03614,0,67.5377,0.230751,60.01399,0,PMU
12,0.108333,14828.5,4.493723,60.13522,0,14894.3,2.398304,59.95687,0,14864,0.298477,59.95104,0,52.3141,4.527946,60.06877,0,55.8309,2.396961,60.00583,0,67.5642,0.230812,60.00117,0,PMU
13,0.116667,14828.2,4.488474,59.89975,0,14816,2.402577,60.08160,0,14947.9,0.302872,60.08393,0,52.6261,4.528374,60.00816,0,55.8397,2.398487,60.02914,0,67.7251,0.233373,60.04892,0,PMU
14,0.125000,14829.4,4.495676,60.13755,0,14894.3,2.400440,59.95920,0,14865.7,0.300674,59.95804,0,52.7951,4.529655,60.02448,0,55.8063,2.398609,60.00233,0,67.653,0.233861,60.00933,0,PMU
15,0.133333,14827.9,4.490488,59.90092,0,14816.5,2.404469,60.07693,0,14946,0.304825,60.07927,0,52.7729,4.530510,60.01632,0,55.7514,2.400746,60.04080,0,67.562,0.234960,60.02098,0,PMU
16,0.141667,14829,4.497629,60.13638,0,14895.5,2.402455,59.96154,0,14866,0.302627,59.95804,0,52.8991,4.531303,60.01515,0,55.8548,2.400624,59.99767,0,67.6694,0.234899,59.99883,0,PMU
17,0.150000,14828.8,4.492564,59.90325,0,14816.3,2.406666,60.08043,0,14947.6,0.306961,60.08276,0,52.8458,4.529838,59.97202,0,55.9015,2.402516,60.03614,0,67.704,0.237035,60.04080,0,PMU
18,0.158333,14828.7,4.499827,60.13871,0,14894.3,2.404469,59.95804,0,14864.1,0.304703,59.95687,0,52.604,4.531425,60.03031,0,55.9818,2.402211,59.99417,0,67.7118,0.237279,60.00466,0,PMU
19,0.166667,14828.3,4.494700,59.90209,0,14817.2,2.408497,60.07694,0,14945,0.308792,60.07810,0,52.165,4.531608,60.00350,0,56.0155,2.404102,60.03613,0,67.7453,0.238744,60.02798,0,PMU
20,0.175000,14827.2,4.501841,60.13638,0,14895.8,2.406483,59.96153,0,14866,0.306534,59.95687,0,52.1909,4.534965,60.06411,0,56.1197,2.404041,59.99883,0,67.814,0.238866,60.00233,0,PMU
21,0.183333,14829.1,4.496592,59.89975,0,14815.8,2.410572,60.07810,0,14947,0.310928,60.08392,0,52.3365,4.535637,60.01282,0,56.0815,2.405933,60.03614,0,67.7836,0.241368,60.04779,0,PMU
22,0.191667,14828,4.503733,60.13638,0,14894.3,2.408436,59.95920,0,14865.2,0.308670,59.95687,0,52.6867,4.538566,60.05595,0,56.0982,2.404713,59.97669,0,67.6808,0.241491,60.00233,0,PMU
23,0.200000,14828.7,4.498423,59.89859,0,14815.1,2.412464,60.07693,0,14947,0.312820,60.07926,0,52.7071,4.537712,59.98368,0,56.0682,2.407459,60.05246,0,67.6509,0.242528,60.01982,0,PMU
24,0.208333,14829,4.505686,60.13872,0,14894.8,2.410267,59.95804,0,14865.3,0.310562,59.95687,0,52.9208,4.540825,60.05945,0,56.0572,2.405506,59.96270,0,67.6342,0.243016,60.00933,0,PMU
25,0.216667,14829.6,4.500559,59.90208,0,14815.4,2.414295,60.07693,0,14945.9,0.314773,60.08043,0,52.8251,4.538322,59.95221,0,56.1907,2.408680,60.06062,0,67.9003,0.245275,60.04313,0,PMU
26,0.225000,14827.7,4.507700,60.13638,0,14894.6,2.412220,59.96037,0,14866.1,0.312454,59.95570,0,52.5595,4.540275,60.03730,0,56.1231,2.407276,59.97319,0,67.9561,0.246434,60.02215,0,PMU
27,0.233333,14831,4.502695,59.90441,0,14815.3,2.416187,60.07577,0,14946.3,0.316787,60.08276,0,52.1968,4.540886,60.01166,0,56.2261,2.409718,60.04663,0,68.0601,0.249120,60.05128,0,PMU
28,0.241667,14828.1,4.509958,60.13872,0,14895.5,2.414173,59.96153,0,14864.8,0.314407,59.95454,0,52.3355,4.545034,60.07922,0,56.1758,2.409168,59.98951,0,68.1422,0.249608,60.00933,0,PMU
29,0.250000,14827.9,4.504587,59.89742,0,14815.1,2.418201,60.07694,0,14944.9,0.318618,60.08043,0,52.5738,4.544485,59.98951,0,56.2664,2.411304,60.04080,0,68.3242,0.251622,60.03847,0,PMU
30,0.258333,14827.8,4.511589,60.13373,0,14893.1,2.416065,59.95920,0,14865,0.316299,59.95570,0,52.8867,4.546804,60.04430,0,56.2348,2.409962,59.97435,0,68.4128,0.252171,60.01049,0,PMU
31,0.266667,14827.9,4.506479,59.90241,0,14814.9,2.420091,60.07689,0,14943.7,0.320388,60.07810,0,52.9489,4.548208,60.02681,0,56.2954,2.412708,60.05246,0,68.5609,0.253331,60.02215,0,PMU
32,0.275000,14827.6,4.513481,60.13373,0,14894,2.418018,59.96041,0,14865.7,0.318069,59.95570,0,52.9228,4.547781,59.99184,0,56.1884,2.412037,59.98718,0,68.5591,0.253514,60.00350,0,PMU
33,0.283333,14829.2,4.508555,59.90591,0,14816.2,2.422105,60.07806,0,14945.9,0.322380,60.08234,0,52.5857,4.548574,60.01515,0,56.3164,2.414844,60.05362,0,68.5664,0.254430,60.01749,0,PMU
34,0.291667,14828.2,4.515679,60.13606,0,14893.6,2.420091,59.96153,0,14865.6,0.320205,59.95846,0,52.4005,4.548086,59.99067,0,56.212,2.413929,59.98251,0,68.446,0.254491,60.00117,0,PMU
35,0.300000,14830.9,4.510691,59.90474,0,14815.7,2.424059,60.07577,0,14944.9,0.324517,60.08234,0,52.1365,4.551260,60.06061,0,56.2903,2.416126,60.04196,0,68.2963,0.255467,60.01865,0,PMU
36,0.308333,14826.7,4.517815,60.13606,0,14895.2,2.422228,59.96503,0,14865.4,0.322197,59.95570,0,52.444,4.552114,60.01632,0,56.1668,2.416309,60.00350,0,68.2329,0.255711,60.00466,0,PMU
37,0.316667,14829.6,4.512505,59.89859,0,14813.3,2.426134,60.07460,0,14945.5,0.326592,60.08393,0,52.7693,4.554494,60.04546,0,56.2342,2.417957,60.03147,0,68.1986,0.257542,60.03497,0,PMU
38,0.325000,14827.7,4.519707,60.13755,0,14895.1,2.423937,59.95804,0,14863.8,0.324150,59.95337,0,52.857,4.552480,59.96153,0,56.1814,2.418262,60.00583,0,68.0646,0.257420,59.99767,0,PMU
39,0.333333,14829.8,4.514580,59.90208,0,14816,2.428148,60.08043,0,14945.7,0.328545,60.08393,0,52.8323,4.556753,60.08160,0,56.2525,2.420335,60.03959,0,68.0826,0.258885,60.02798,0,PMU
40,0.341667,14826.8,4.521660,60.13522,0,14893.8,2.426012,59.95920,0,14864.7,0.326165,59.95454,0,52.7456,4.553762,59.94288,0,56.1336,2.420152,59.99650,0,67.9733,0.259312,60.00816,0,PMU
41,0.350000,14830.9,4.516655,59.90441,0,14816.3,2.429918,60.07460,0,14944.6,0.330559,60.08393,0,52.4367,4.556203,60.04663,0,56.2857,2.422167,60.03847,0,67.9703,0.260411,60.02098,0,PMU
42,0.358333,14826.5,4.523857,60.13755,0,14895.1,2.428087,59.96503,0,14865.4,0.328179,59.95454,0,52.0654,4.554922,59.97552,0,56.1358,2.423021,60.01632,0,67.8997,0.261082,60.01282,0,PMU
43,0.366667,14830.2,4.518669,59.90092,0,14815.9,2.431993,60.07460,0,14945.5,0.332512,60.08276,0,52.1228,4.559499,60.08742,0,56.337,2.424120,60.02098,0,68.007,0.262120,60.01982,0,PMU
44,0.375000,14824.8,4.525749,60.13522,0,14892.4,2.429857,59.95920,0,14862.5,0.330132,59.95454,0,52.2413,4.555837,59.93006,0,56.2406,2.424547,60.00816,0,67.8636,0.263812,60.03231,0,PMU
45,0.383333,14830.1,4.520500,59.89975,0,14815.1,2.433580,60.07111,0,14943.8,0.334221,60.07810,0,52.2644,4.559255,60.06527,0,56.4001,2.425096,60.01049,0,68.0189,0.264544,60.01399,0,PMU
46,0.391667,14825.4,4.527763,60.13871,0,14894.6,2.431810,59.96620,0,14863.6,0.331963,59.95687,0,52.3342,4.558644,59.98834,0,56.2758,2.426866,60.03380,0,67.933,0.266314,60.03380,0,PMU
47,0.400000,14829.6,4.522453,59.89859,0,14815.3,2.435594,60.07227,0,14943.1,0.336235,60.08159,0,52.3067,4.560659,60.03847,0,56.3304,2.426988,60.00233,0,67.9082,0.266497,60.00350,0,PMU
48,0.408333,14824.9,4.529716,60.13871,0,14894.5,2.433763,59.96503,0,14863.5,0.333855,59.95454,0,52.0427,4.558889,59.96620,0,56.2412,2.429369,60.04546,0,67.8658,0.268023,60.02914,0,PMU
49,0.416667,14829.5,4.524529,59.90092,0,14814.4,2.437608,60.07343,0,14942.7,0.338188,60.08276,0,51.7139,4.560598,60.03264,0,56.284,2.429186,59.99650,0,67.9612,0.268328,60.00583,0,PMU
50,0.425000,14824.4,4.531731,60.13755,0,14893.8,2.435716,59.96386,0,14863.5,0.335869,59.95570,0,51.4889,4.561086,60.00933,0,56.2225,2.431505,60.04430,0,67.907,0.270159,60.03497,0,PMU
51,0.433333,14829.7,4.526543,59.90092,0,14813.6,2.439439,60.07111,0,14941.4,0.340141,60.08160,0,51.52,4.563832,60.05246,0,56.1926,2.430833,59.98718,0,67.8514,0.270892,60.01399,0,PMU
52,0.441667,14824.3,4.533745,60.13755,0,14895.3,2.437669,59.96620,0,14863.3,0.337700,59.95337,0,51.7962,4.564931,60.02098,0,56.1923,2.433763,60.05595,0,67.9625,0.272540,60.03147,0,PMU
53,0.450000,14829.6,4.528435,59.89859,0,14813.7,2.441636,60.07577,0,14943.2,0.342216,60.08626,0,52.0299,4.565847,60.01749,0,56.0948,2.433092,59.98718,0,68.0367,0.273211,60.01282,0,PMU
54,0.458333,14825.9,4.535881,60.14221,0,14895.8,2.439805,59.96503,0,14863.1,0.339897,59.95570,0,52.0336,4.568410,60.04896,0,56.0643,2.435533,60.04662,0,68.0389,0.275103,60.03614,0,PMU
55,0.466667,14828.9,4.530632,59.89975,0,14815,2.443773,60.07577,0,14942.1,0.344231,60.08276,0,51.9951,4.568837,60.00816,0,55.9763,2.435838,60.00583,0,68.0414,0.274920,59.99650,0,PMU
56,0.475000,14826.2,4.537956,60.13988,0,14896,2.442003,59.96620,0,14864.8,0.341911,59.95570,0,51.7015,4.570363,60.02914,0,56.0031,2.437669,60.03497,0,67.9957,0.276812,60.03614,0,PMU
57,0.483333,14830.9,4.532890,59.90325,0,14814.1,2.445787,60.07227,0,14941.3,0.346489,60.08743,0,51.5735,4.571462,60.02098,0,56.0967,2.437791,60.00233,0,67.9832,0.277300,60.00933,0,PMU
58,0.491667,14827.3,4.540214,60.13988,0,14896.6,2.443895,59.96386,0,14863.7,0.343986,59.95221,0,51.469,4.575595,60.07893,0,56.1511,2.439500,60.03264,0,67.9645,0.278460,60.02215,0,PMU
59,0.500000,14830.1,4.535026,59.90092,0,14816.2,2.447923,60.07694,0,14942.9,0.348503,60.08626,0,51.8318,4.576266,60.01282,0,56.0685,2.439500,60.00000,0,67.947,0.279314,60.01631,0,PMU
60,0.508333,14827,4.542168,60.13639,0,14897.1,2.446092,59.96503,0,14864.2,0.346123,59.95454,0,52.2029,4.579623,60.06411,0,55.9423,2.440599,60.02098,0,67.7828,0.280901,60.03031,0,PMU
61,0.516667,14830.3,4.536918,59.89975,0,14816.1,2.449937,60.07344,0,14941.6,0.350515,60.08389,0,52.4003,4.578463,59.97785,0,55.8679,2.441575,60.01865,0,67.8553,0.281206,60.00583,0,PMU
62,0.525000,14828.1,4.544118,60.13751,0,14898.1,2.448167,59.96620,0,14865.5,0.348137,59.95458,0,52.4351,4.582309,60.07344,0,55.9338,2.442857,60.02448,0,67.852,0.283220,60.03847,0,PMU
63,0.533333,14832,4.538994,59.90212,0,14815.8,2.452117,60.07544,0,14943,0.352773,60.08855,0,52.286,4.579257,59.94172,0,55.9398,2.444261,60.02681,0,67.8912,0.283648,60.00816,0,PMU
64,0.541667,14828.7,4.546316,60.13984,0,14897.4,2.450181,59.96302,0,14863.9,0.350210,59.95104,0,51.7515,4.582553,60.06295,0,55.9305,2.444932,60.01282,0,67.8543,0.284685,60.01982,0,PMU
65,0.550000,14831.2,4.541191,59.90212,0,14816.3,2.454009,60.07311,0,14941.5,0.354726,60.08626,0,51.5445,4.581576,59.98135,0,55.8856,2.446458,60.02914,0,67.7233,0.285296,60.01166,0,PMU
66,0.558333,14827.7,4.548391,60.13751,0,14899.4,2.452239,59.96620,0,14864.7,0.352163,59.95104,0,51.6918,4.585360,60.07227,0,55.935,2.447374,60.01749,0,67.8799,0.286700,60.02681,0,PMU
67,0.566667,14830.6,4.543142,59.89975,0,14814,2.456146,60.07460,0,14940.4,0.356802,60.08859,0,52.0803,4.584262,59.97902,0,55.823,2.448655,60.02448,0,67.8437,0.288592,60.03614,0,PMU
68,0.575000,14826.2,4.550222,60.13522,0,14896.1,2.454131,59.96153,0,14861.6,0.353994,59.94638,0,52.1169,4.586886,60.05012,0,55.9291,2.449022,60.00699,0,67.8915,0.288775,60.00350,0,PMU
69,0.583333,14829.2,4.545095,59.90208,0,14815.3,2.458160,60.07694,0,14940.4,0.358450,60.08509,0,52.1208,4.586886,60.00000,0,55.8274,2.451263,60.04280,0,67.8799,0.290545,60.03380,0,PMU
70,0.591667,14827.4,4.552358,60.13872,0,14896.2,2.456207,59.96270,0,14862.5,0.355947,59.95221,0,52.0734,4.588473,60.03031,0,55.9353,2.450958,59.99417,0,67.9192,0.291582,60.01982,0,PMU
71,0.600000,14830.1,4.547353,59.90441,0,14817.1,2.460113,60.07460,0,14939.1,0.360342,60.08393,0,51.828,4.587680,59.98485,0,55.76,2.453521,60.04896,0,67.898,0.292498,60.01749,0,PMU
72,0.608333,14825.3,4.554372,60.13405,0,14896.7,2.458221,59.96386,0,14862,0.357656,59.94871,0,51.5476,4.590182,60.04779,0,55.7483,2.451873,59.96853,0,67.9536,0.293352,60.01632,0,PMU
73,0.616667,14831.9,4.549306,59.90325,0,14817.6,2.462066,60.07344,0,14940.2,0.362234,60.08743,0,51.4709,4.590365,60.00350,0,55.7714,2.455230,60.06411,0,68.109,0.294390,60.01982,0,PMU
74,0.625000,14825.2,4.556570,60.13872,0,14898.5,2.460296,59.96620,0,14860.7,0.359609,59.94988,0,51.6117,4.594088,60.07111,0,55.9195,2.454437,59.98485,0,68.1775,0.295303,60.01744,0,PMU
75,0.633333,14831.5,4.551321,59.89975,0,14817.7,2.464141,60.07344,0,14940.1,0.364187,60.08743,0,51.9333,4.593478,59.98834,0,55.9809,2.457488,60.05828,0,68.2926,0.296341,60.01982,0,PMU
76,0.641667,14824.9,4.558644,60.13988,0,14897.9,2.462371,59.96620,0,14861.1,0.361684,59.95221,0,51.9918,4.595553,60.03963,0,55.9135,2.456085,59.97319,0,68.2643,0.297745,60.02681,0,PMU
77,0.650000,14831,4.553396,59.89976,0,14817.7,2.466155,60.07227,0,14938.9,0.366140,60.08509,0,52.0732,4.595980,60.00816,0,55.9026,2.459319,60.06178,0,68.3545,0.298111,60.00699,0,PMU
78,0.658333,14825.1,4.560659,60.13871,0,14898.5,2.464385,59.96620,0,14861.7,0.363638,59.95221,0,51.8533,4.595431,59.98951,0,55.7992,2.458343,59.98135,0,68.3236,0.299698,60.03031,0,PMU
79,0.666667,14831.7,4.555532,59.90209,0,14817.4,2.468169,60.07227,0,14938.7,0.368154,60.08626,0,51.4119,4.597201,60.03380,0,55.8044,2.461395,60.05828,0,68.348,0.299698,60.00000,0,PMU
80,0.675000,14826.2,4.562917,60.14104,0,14899.7,2.466399,59.96620,0,14861.5,0.365651,59.95221,0,51.3481,4.599947,60.05246,0,55.819,2.460357,59.98018,0,68.3331,0.300857,60.02215,0,PMU
81,0.683333,14831.4,4.557729,59.90092,0,14818.1,2.470122,60.07111,0,14937,0.370168,60.08626,0,51.4184,4.599703,59.99534,0,55.8513,2.463592,60.06178,0,68.3599,0.301651,60.01515,0,PMU
82,0.691667,14824.5,4.564870,60.13638,0,14900.7,2.468413,59.96736,0,14861.4,0.367482,59.94871,0,51.6703,4.601901,60.04196,0,55.7651,2.463104,59.99067,0,68.4124,0.303055,60.02681,0,PMU
83,0.700000,14832,4.559621,59.89975,0,14817.6,2.472198,60.07227,0,14938.6,0.372182,60.08976,0,51.7433,4.602145,60.00466,0,55.6712,2.465301,60.04196,0,68.3174,0.304031,60.01865,0,PMU
84,0.708333,14824.6,4.566762,60.13638,0,14899,2.470305,59.96386,0,14859.4,0.369497,59.94871,0,51.6707,4.603549,60.02681,0,55.5474,2.465301,60.00000,0,68.2622,0.305069,60.01982,0,PMU
85,0.716667,14830.6,4.561391,59.89742,0,14817.4,2.473968,60.06994,0,14937.2,0.373891,60.08393,0,51.4815,4.602511,59.98018,0,55.5098,2.467925,60.05012,0,68.3677,0.305679,60.01166,0,PMU
86,0.725000,14825.9,4.568654,60.13872,0,14898.8,2.472198,59.96620,0,14861.2,0.371450,59.95337,0,51.3853,4.605011,60.04775,0,55.5711,2.467803,59.99767,0,68.4338,0.307388,60.03264,0,PMU
87,0.733333,14831.8,4.563710,59.90558,0,14818.8,2.475921,60.07111,0,14935.3,0.376088,60.08859,0,51.1565,4.605988,60.01865,0,55.6204,2.470550,60.05246,0,68.3663,0.308060,60.01282,0,PMU
88,0.741667,14824.4,4.570913,60.13755,0,14900,2.474334,59.96969,0,14859.3,0.373403,59.94871,0,51.1487,4.609650,60.06994,0,55.5279,2.470489,59.99883,0,68.372,0.308609,60.01049,0,PMU
89,0.750000,14830,4.565786,59.90208,0,14817.3,2.477935,60.06878,0,14935.2,0.378042,60.08859,0,51.3942,4.609467,59.99650,0,55.5792,2.472442,60.03730,0,68.314,0.309585,60.01865,0,PMU
90,0.758333,14824.5,4.572927,60.13638,0,14899.9,2.476348,59.96969,0,14859,0.375478,59.95104,0,51.7396,4.612274,60.05362,0,55.4969,2.471953,59.99067,0,68.3393,0.311111,60.02914,0,PMU
91,0.766667,14829.5,4.567678,59.89975,0,14816.4,2.480010,60.06994,0,14935.6,0.380099,60.08826,0,51.777,4.610932,59.97435,0,55.5651,2.474517,60.04896,0,68.3685,0.311477,60.00699,0,PMU
92,0.775000,14825,4.574923,60.13838,0,14900.8,2.478301,59.96736,0,14859.1,0.377492,59.95021,0,51.7749,4.613983,60.05828,0,55.4447,2.474883,60.00699,0,68.3011,0.312210,60.01399,0,PMU
93,0.783333,14831.4,4.569875,59.90358,0,14818.1,2.482083,60.07223,0,14936.2,0.382236,60.09059,0,51.4349,4.610382,59.93123,0,55.4994,2.476958,60.03963,0,68.2763,0.313308,60.02098,0,PMU
94,0.791667,14825.7,4.577121,60.13838,0,14901.6,2.480437,59.96857,0,14859.8,0.379567,59.94904,0,51.0743,4.614227,60.07344,0,55.3377,2.477202,60.00466,0,68.2696,0.314346,60.01982,0,PMU
95,0.800000,14831.7,4.572072,59.90358,0,14820,2.484280,60.07340,0,14937.4,0.384372,60.09176,0,51.0628,4.613495,59.98601,0,55.4491,2.479033,60.03497,0,68.2437,0.315200,60.01632,0,PMU
96,0.808333,14825.3,4.579135,60.13489,0,14901.2,2.482693,59.96969,0,14860.4,0.381686,59.94871,0,51.2138,4.617462,60.07577,0,55.3315,2.479583,60.01049,0,68.238,0.315994,60.01515,0,PMU
97,0.816667,14832.3,4.574069,59.90325,0,14819.8,2.486356,60.06994,0,14936.6,0.386447,60.09092,0,51.5638,4.617768,60.00583,0,55.4181,2.481109,60.02914,0,68.2538,0.317581,60.03031,0,PMU
98,0.825000,14824.3,4.581149,60.13522,0,14901.6,2.484708,59.96853,0,14859,0.383700,59.94754,0,51.7851,4.620209,60.04663,0,55.3445,2.482571,60.02793,0,68.1776,0.317947,60.00699,0,PMU
99,0.833333,14831.6,4.576022,59.90208,0,14820.4,2.488309,60.06878,0,14935.7,0.388339,60.08859,0,51.8413,4.620453,60.00466,0,55.4084,2.483548,60.01865,0,68.1555,0.319412,60.02798,0,PMU
100,0.841667,14825.7,4.583224,60.13755,0,14903.1,2.486722,59.96969,0,14859.5,0.385715,59.94988,0,51.9589,4.621429,60.01865,0,55.4446,2.485074,60.02914,0,68.2492,0.319778,60.00699,0,PMU
101,0.850000,14831.6,4.578097,59.90208,0,14821.4,2.490384,60.06994,0,14936,0.390292,60.08743,0,51.7526,4.620880,59.98951,0,55.4329,2.486539,60.02798,0,68.3202,0.321243,60.02798,0,PMU
102,0.858333,14824.9,4.585238,60.13638,0,14903.4,2.488858,59.97086,0,14861,0.387668,59.94988,0,51.6735,4.623260,60.04546,0,55.4302,2.487942,60.02681,0,68.4423,0.321731,60.00933,0,PMU
103,0.866667,14833.9,4.580233,59.90441,0,14821.6,2.492398,60.06761,0,14935.8,0.392428,60.09092,0,51.7087,4.624237,60.01865,0,55.459,2.488858,60.01749,0,68.3045,0.323845,60.04038,0,PMU
104,0.875000,14823.8,4.587436,60.13755,0,14905.9,2.490872,59.97086,0,14859.8,0.389560,59.94521,0,51.8435,4.625946,60.03264,0,55.4397,2.490811,60.03730,0,68.4556,0.323174,59.98718,0,PMU
105,0.883333,14832.9,4.582064,59.89742,0,14821.9,2.494534,60.06994,0,14937.6,0.394320,60.09092,0,52.101,4.626129,60.00350,0,55.2698,2.492093,60.02448,0,68.4541,0.325493,60.04430,0,PMU
106,0.891667,14825.4,4.589267,60.13755,0,14905.3,2.492825,59.96736,0,14860.5,0.391635,59.94871,0,52.2167,4.626678,60.01049,0,55.1559,2.493313,60.02331,0,68.5235,0.325615,60.00233,0,PMU
107,0.900000,14834.2,4.584140,59.90208,0,14823.7,2.496487,60.06994,0,14936.5,0.396212,60.08742,0,52.1873,4.628143,60.02798,0,55.0915,2.495206,60.03614,0,68.6315,0.327935,60.04430,0,PMU
108,0.908333,14826,4.591403,60.13871,0,14906.6,2.494961,59.97086,0,14861.4,0.393588,59.94988,0,51.9023,4.626861,59.97552,0,54.9925,2.496854,60.03147,0,68.6349,0.327873,59.99883,0,PMU
109,0.916667,14834.5,4.586337,59.90325,0,14823.2,2.498501,60.06760,0,14935.9,0.398287,60.08975,0,51.4778,4.628143,60.02448,0,55.0068,2.498196,60.02564,0,68.7185,0.329399,60.02914,0,PMU
110,0.925000,14825.6,4.593539,60.13755,0,14907.8,2.496915,59.96970,0,14860.9,0.395419,59.94522,0,51.4307,4.629852,60.03264,0,55.0175,2.499112,60.01749,0,68.6707,0.329521,60.00233,0,PMU
111,0.933333,14834.6,4.588473,59.90325,0,14825.3,2.500637,60.07110,0,14937,0.400241,60.09208,0,51.5921,4.631866,60.03847,0,55.0377,2.500943,60.03497,0,68.7493,0.331536,60.03847,0,PMU
112,0.941667,14824.1,4.595431,60.13288,0,14907.4,2.499051,59.96969,0,14861.7,0.397433,59.94638,0,51.9814,4.633453,60.03031,0,54.9268,2.501980,60.01982,0,68.6382,0.331597,60.00117,0,PMU
113,0.950000,14835.1,4.590243,59.90092,0,14823.8,2.502591,60.06761,0,14937.1,0.402255,60.09209,0,52.2784,4.634308,60.01632,0,54.8832,2.502407,60.00816,0,68.7126,0.334160,60.04895,0,PMU
114,0.958333,14826.3,4.597506,60.13872,0,14909.3,2.501126,59.97202,0,14862.1,0.399508,59.94754,0,52.4551,4.635889,60.03020,0,54.898,2.503994,60.03031,0,68.8546,0.334099,59.99883,0,PMU
115,0.966667,14833.8,4.592379,59.90208,0,14824.3,2.504666,60.06761,0,14935.9,0.404208,60.08976,0,52.2743,4.635284,59.98845,0,54.7727,2.505520,60.02914,0,68.922,0.335869,60.03380,0,PMU
116,0.975000,14825.3,4.599459,60.13522,0,14907.9,2.502896,59.96620,0,14860.6,0.401339,59.94521,0,51.9649,4.635284,60.00000,0,54.774,2.506253,60.01399,0,68.8523,0.335503,59.99301,0,PMU
117,0.983333,14833.2,4.594515,59.90558,0,14826.2,2.506558,60.06994,0,14934.8,0.406039,60.08976,0,51.4685,4.635828,60.01038,0,54.7127,2.508267,60.03847,0,68.9481,0.336784,60.02448,0,PMU
118,0.991667,14824.2,4.601473,60.13289,0,14908.5,2.504971,59.96969,0,14861.9,0.403292,59.94754,0,51.4485,4.637720,60.03614,0,54.7003,2.508694,60.00816,0,68.9864,0.337517,60.01399,0,PMU
119,1.000000,14834.7,4.596346,59.90208,0,14824.9,2.508633,60.06994,0,14936.4,0.408236,60.09442,0,51.664,4.638452,60.01399,0,54.6421,2.510281,60.03031,0,69.0187,0.339287,60.03380,0,PMU
120,1.008333,14822.1,4.603488,60.13638,0,14909.8,2.506985,59.96853,0,14859.8,0.405245,59.94288,0,52.3551,4.636194,59.95687,0,54.5439,2.510342,60.00117,0,68.9559,0.339470,60.00350,0,PMU
121,1.016667,14830.7,4.597872,59.89276,0,14825.4,2.510647,60.06994,0,14936.4,0.410128,60.09325,0,53.9504,4.626251,59.81010,0,54.4858,2.512356,60.03847,0,68.9552,0.340446,60.01865,0,PMU
122,1.025000,14821.2,4.605072,60.13751,0,14910.1,2.509060,59.96969,0,14861.2,0.407321,59.94638,0,54.5935,4.628876,60.05012,0,54.5294,2.513315,60.01832,0,69.012,0.340874,60.00816,0,PMU
123,1.033333,14830.8,4.599703,59.89746,0,14826.3,2.512661,60.06878,0,14935.4,0.412140,60.09205,0,55.5945,4.627045,59.96503,0,54.5496,2.515940,60.05012,0,69.0571,0.342216,60.02564,0,PMU
124,1.041667,14818.6,4.606659,60.13285,0,14909.5,2.511074,59.96969,0,14861.5,0.409213,59.94409,0,55.5483,4.621185,59.88809,0,54.4832,2.516672,60.01399,0,68.9435,0.343071,60.01632,0,PMU
125,1.050000,14832.3,4.601656,59.90446,0,14826.9,2.514658,60.06844,0,14936.4,0.414154,60.09438,0,55.4644,4.628754,60.14454,0,54.4653,2.519419,60.05246,0,69.1077,0.344047,60.01865,0,PMU
126,1.058333,14819.3,4.608734,60.13518,0,14908.7,2.513071,59.96969,0,14861.8,0.411347,59.94638,0,55.3443,4.621551,59.86245,0,54.3544,2.518930,59.99067,0,69.0094,0.345512,60.02798,0,PMU
127,1.066667,14831.9,4.603610,59.90212,0,14828.3,2.516672,60.06878,0,14936.4,0.416107,60.09092,0,55.996,4.628387,60.13056,0,54.3976,2.521982,60.05828,0,69.1668,0.345879,60.00699,0,PMU
128,1.075000,14818.4,4.610749,60.13634,0,14910,2.515268,59.97319,0,14862.5,0.413361,59.94754,0,56.0673,4.620209,59.84380,0,54.2588,2.521860,59.99767,0,69.062,0.347588,60.03264,0,PMU
129,1.083333,14832,4.605499,59.89975,0,14826.9,2.518686,60.06528,0,14936.8,0.418183,60.09209,0,56.3843,4.630463,60.19583,0,54.3229,2.523752,60.03614,0,69.1308,0.347465,59.99767,0,PMU
130,1.091667,14818.8,4.612763,60.13872,0,14911.6,2.517160,59.97086,0,14861,0.415253,59.94405,0,56.3447,4.621307,59.82515,0,54.2744,2.524241,60.00933,0,69.1158,0.348989,60.02910,0,PMU
131,1.100000,14833.2,4.607636,59.90208,0,14828.1,2.520701,60.06761,0,14936.7,0.420075,60.09209,0,55.8369,4.631439,60.19350,0,54.2939,2.526865,60.05012,0,69.1702,0.349233,60.00466,0,PMU
132,1.108333,14816.8,4.614899,60.13872,0,14909.9,2.519114,59.96969,0,14860.9,0.417206,59.94521,0,54.7138,4.620331,59.78785,0,54.2206,2.527536,60.01282,0,69.1438,0.350210,60.01865,0,PMU
133,1.116667,14833.1,4.609650,59.89975,0,14827.7,2.522287,60.06061,0,14934.8,0.421845,60.08859,0,54.909,4.633148,60.24479,0,54.3406,2.528330,60.01515,0,69.1427,0.350881,60.01282,0,PMU
134,1.125000,14816.4,4.616913,60.13872,0,14911.6,2.520945,59.97435,0,14862.1,0.418976,59.94521,0,54.6544,4.618988,59.72957,0,54.4131,2.529367,60.01981,0,69.3062,0.352041,60.02215,0,PMU
135,1.133333,14830.4,4.611420,59.89509,0,14827,2.524363,60.06528,0,14936.9,0.423920,60.09442,0,55.9443,4.631439,60.23779,0,54.4226,2.530405,60.01982,0,69.231,0.353017,60.01865,0,PMU
136,1.141667,14818.8,4.618622,60.13755,0,14909.5,2.522837,59.97086,0,14861.3,0.421051,59.94521,0,55.9788,4.621246,59.80533,0,54.3696,2.530893,60.00933,0,69.2963,0.354177,60.02215,0,PMU
137,1.150000,14829.8,4.613373,59.89975,0,14826.5,2.526316,60.06644,0,14935.8,0.425873,60.09209,0,56.363,4.633331,60.23080,0,54.3772,2.531748,60.01632,0,69.3808,0.355154,60.01865,0,PMU
138,1.158333,14817.5,4.620392,60.13405,0,14911.1,2.524790,59.97086,0,14860.7,0.422882,59.94288,0,57.423,4.624542,59.83214,0,54.431,2.533701,60.03730,0,69.6201,0.356863,60.03264,0,PMU
139,1.166667,14829.7,4.615143,59.89975,0,14828.1,2.528147,60.06411,0,14933.8,0.427582,60.08975,0,57.6534,4.630707,60.11773,0,54.3838,2.535104,60.02681,0,69.7312,0.357900,60.01982,0,PMU
140,1.175000,14816.7,4.622345,60.13755,0,14911.8,2.526865,59.97552,0,14861.5,0.424713,59.94522,0,57.4246,4.627472,59.93822,0,54.2392,2.536020,60.01749,0,69.7601,0.358877,60.01865,0,PMU
141,1.183333,14828.3,4.616974,59.89742,0,14826.8,2.530283,60.06527,0,14934.5,0.429596,60.09325,0,58.0338,4.634735,60.13872,0,54.2001,2.537912,60.03614,0,69.8098,0.359609,60.01399,0,PMU
142,1.191667,14815,4.623993,60.13405,0,14912.2,2.528818,59.97202,0,14861,0.426544,59.94172,0,58.5152,4.631744,59.94288,0,54.1446,2.539072,60.02215,0,69.8024,0.360036,60.00816,0,PMU
143,1.200000,14829.7,4.618805,59.90092,0,14829,2.532297,60.06644,0,14935.5,0.431610,60.09675,0,59.3623,4.640222,60.16192,0,54.2446,2.541147,60.03963,0,69.9453,0.361562,60.02914,0,PMU
144,1.208333,14815.9,4.625885,60.13521,0,14912.1,2.530954,59.97435,0,14861,0.428680,59.94405,0,59.6361,4.640344,60.00233,0,54.0619,2.541757,60.01166,0,69.9555,0.362783,60.02331,0,PMU
145,1.216667,14830.5,4.620636,59.89975,0,14828.5,2.534311,60.06411,0,14936.2,0.433624,60.09442,0,59.9298,4.644739,60.08393,0,54.0284,2.543222,60.02798,0,70.0148,0.363943,60.02215,0,PMU
146,1.225000,14818.2,4.627960,60.13988,0,14913.2,2.532968,59.97435,0,14861.1,0.430756,59.94521,0,59.6376,4.641626,59.94055,0,53.9618,2.544380,60.02211,0,69.9987,0.364370,60.00815,0,PMU
147,1.233333,14829.5,4.622833,59.90208,0,14829.8,2.536325,60.06411,0,14934.7,0.435516,60.09092,0,59.4666,4.646570,60.09442,0,53.9828,2.546272,60.03614,0,69.975,0.364553,60.00350,0,PMU
148,1.241667,14817.7,4.629913,60.13522,0,14913.6,2.534921,59.97319,0,14862.2,0.432587,59.94405,0,59.317,4.643701,59.94521,0,53.9621,2.547187,60.01749,0,70.0268,0.365163,60.01166,0,PMU
149,1.250000,14831.5,4.624908,59.90441,0,14831.2,2.538278,60.06411,0,14934.9,0.437592,60.09559,0,59.7437,4.648767,60.09675,0,53.9242,2.548652,60.02798,0,70.0194,0.366750,60.03031,0,PMU
150,1.258333,14815.5,4.631866,60.13289,0,14915.1,2.536813,59.97202,0,14860.5,0.434296,59.93705,0,59.931,4.645288,59.93356,0,53.8631,2.549507,60.01632,0,70.169,0.366872,60.00233,0,PMU
151,1.266667,14830.1,4.626495,59.89742,0,14831.2,2.540292,60.06644,0,14937.1,0.439362,60.09675,0,60.3952,4.650415,60.09792,0,53.7157,2.550544,60.01982,0,70.097,0.368215,60.02565,0,PMU
152,1.275000,14817.5,4.633636,60.13638,0,14914.5,2.538950,59.97435,0,14862.1,0.436493,59.94521,0,60.5266,4.647852,59.95104,0,53.6764,2.550788,60.00466,0,70.2024,0.368825,60.01166,0,PMU
153,1.283333,14830.2,4.628448,59.90092,0,14831.7,2.542307,60.06411,0,14935.6,0.441315,60.09209,0,60.7711,4.650537,60.05129,0,53.5119,2.552314,60.02914,0,70.2483,0.370107,60.02448,0,PMU
154,1.291667,14816.6,4.635467,60.13405,0,14913.9,2.540964,59.97435,0,14862.6,0.438324,59.94288,0,60.508,4.648035,59.95221,0,53.3513,2.552192,59.99767,0,70.1872,0.370717,60.01166,0,PMU
155,1.300000,14830.8,4.630279,59.90092,0,14830.6,2.544138,60.06062,0,14935.1,0.443190,60.09293,0,60.4857,4.652124,60.07810,0,53.274,2.553596,60.02681,0,70.2301,0.371084,60.00699,0,PMU
156,1.308333,14815.8,4.637354,60.13511,0,14913.4,2.542734,59.97319,0,14861.2,0.440155,59.94204,0,60.4882,4.650964,59.97785,0,53.2842,2.553657,60.00117,0,70.2801,0.372548,60.02798,0,PMU
157,1.316667,14830.9,4.632110,59.89986,0,14831.2,2.545967,60.06174,0,14933.2,0.445082,60.09409,0,61.042,4.653955,60.05712,0,53.3721,2.556159,60.04779,0,70.3596,0.373159,60.01166,0,PMU
158,1.325000,14814.3,4.639246,60.13628,0,14914.8,2.544746,59.97669,0,14857.9,0.441864,59.93854,0,61.1088,4.651758,59.95804,0,53.3484,2.556465,60.00583,0,70.3212,0.375112,60.03730,0,PMU
159,1.333333,14831,4.633880,59.89753,0,14830.1,2.547920,60.06062,0,14931.3,0.446852,60.09526,0,61.5528,4.656091,60.08276,0,53.4286,2.558845,60.04546,0,70.3105,0.375051,59.99883,0,PMU
160,1.341667,14814.9,4.641138,60.13861,0,14915.8,2.546638,59.97552,0,14857,0.443800,59.94172,0,61.3765,4.652124,59.92423,0,53.4375,2.559760,60.01749,0,70.3313,0.376210,60.02215,0,PMU
161,1.350000,14830.9,4.635950,59.90092,0,14831.7,2.549934,60.06295,0,14930.9,0.448805,60.09559,0,61.3167,4.655969,60.07344,0,53.5499,2.562385,60.05012,0,70.3274,0.376455,60.00466,0,PMU
162,1.358333,14815.3,4.643274,60.13988,0,14916,2.548652,59.97552,0,14858.1,0.445875,59.94405,0,60.9172,4.652856,59.94055,0,53.6249,2.563056,60.01282,0,70.3682,0.377980,60.02914,0,PMU
163,1.366667,14831.1,4.638147,59.90208,0,14832.1,2.551887,60.06178,0,14930.2,0.450819,60.09442,0,60.972,4.658533,60.10841,0,53.6582,2.564765,60.03264,0,70.2931,0.378347,60.00699,0,PMU
164,1.375000,14814.3,4.645105,60.13289,0,14914.6,2.550605,59.97552,0,14858.5,0.447889,59.94405,0,60.8885,4.654260,59.91840,0,53.6103,2.564765,60.00000,0,70.247,0.380160,60.03464,0,PMU
165,1.383333,14831.6,4.639978,59.90208,0,14831,2.553779,60.06061,0,14929.1,0.452894,60.09559,0,61.2364,4.659570,60.10141,0,53.5833,2.566474,60.03264,0,70.2475,0.380404,60.00466,0,PMU
166,1.391667,14813.7,4.647119,60.13638,0,14916.2,2.552497,59.97552,0,14856.3,0.449720,59.93939,0,61.2002,4.654993,59.91257,0,53.5523,2.566352,59.99767,0,70.3403,0.381625,60.02331,0,PMU
167,1.400000,14830.4,4.641809,59.89859,0,14830.6,2.555732,60.06178,0,14930.1,0.454725,60.09559,0,61.4905,4.661401,60.12240,0,53.4711,2.568671,60.04430,0,70.3415,0.383029,60.02681,0,PMU
168,1.408333,14813.5,4.649072,60.13872,0,14916.5,2.554511,59.97669,0,14857,0.451735,59.94288,0,61.4654,4.655420,59.88576,0,53.4893,2.569343,60.01282,0,70.4447,0.383639,60.01166,0,PMU
169,1.416667,14830.1,4.643884,59.90092,0,14830.6,2.557685,60.06062,0,14928.8,0.456739,60.09559,0,61.312,4.660303,60.09325,0,53.4236,2.571479,60.04080,0,70.3555,0.384799,60.02215,0,PMU
170,1.425000,14812.4,4.651086,60.13755,0,14916.9,2.556526,59.97785,0,14857.5,0.453688,59.94172,0,60.9792,4.656030,59.91840,0,53.4169,2.571174,59.99417,0,70.4094,0.384921,60.00233,0,PMU
171,1.433333,14830,4.645838,59.89976,0,14830.4,2.559699,60.06062,0,14929.3,0.458753,60.09675,0,61.2091,4.662744,60.12822,0,53.3779,2.572883,60.03264,0,70.2933,0.386691,60.03380,0,PMU
172,1.441667,14812.4,4.652978,60.13638,0,14916.7,2.558357,59.97435,0,14856.6,0.455519,59.93822,0,61.243,4.656946,59.88926,0,53.3029,2.572639,59.99534,0,70.2503,0.387179,60.00933,0,PMU
173,1.450000,14829.1,4.647669,59.89859,0,14832,2.561469,60.05944,0,14928.5,0.460462,60.09442,0,61.5795,4.664514,60.14454,0,53.3355,2.575379,60.05235,0,70.2641,0.388766,60.03031,0,PMU
174,1.458333,14812.1,4.654748,60.13521,0,14917.8,2.560371,59.97902,0,14857.9,0.457289,59.93939,0,61.593,4.659509,59.90441,0,53.2133,2.574470,59.98262,0,70.4091,0.389071,60.00583,0,PMU
175,1.466667,14829.2,4.649561,59.90092,0,14831.1,2.563544,60.06062,0,14930.1,0.462476,60.09908,0,61.8648,4.666040,60.12473,0,53.2881,2.576722,60.04302,0,70.5284,0.391025,60.03730,0,PMU
176,1.475000,14813,4.656824,60.13871,0,14917.6,2.562263,59.97552,0,14857,0.459303,59.93938,0,61.6753,4.661279,59.90908,0,53.1504,2.576173,59.98951,0,70.582,0.391635,60.01166,0,PMU
177,1.483333,14829.2,4.651636,59.90092,0,14832.7,2.565497,60.06178,0,14930.6,0.464430,60.09792,0,61.7351,4.669517,60.15733,0,53.2894,2.579286,60.05945,0,70.6606,0.392550,60.01749,0,PMU
178,1.491667,14813.2,4.658716,60.13522,0,14917.7,2.564277,59.97669,0,14858.8,0.461378,59.94172,0,61.8728,4.664941,59.91262,0,53.2798,2.579041,59.99534,0,70.6685,0.392917,60.00699,0,PMU
179,1.500000,14829,4.653467,59.89975,0,14832.2,2.567329,60.05828,0,14929.9,0.466444,60.09675,0,62.4076,4.672324,60.14101,0,53.4418,2.580934,60.03614,0,70.7032,0.394626,60.03264,0,PMU
180,1.508333,14811.3,4.660364,60.13172,0,14917.6,2.566108,59.97669,0,14859.4,0.463270,59.93939,0,62.7367,4.665979,59.87881,0,53.4272,2.580934,60.00000,0,70.8647,0.394992,60.00699,0,PMU
181,1.516667,14828.8,4.655176,59.90092,0,14832.4,2.569282,60.06061,0,14931.2,0.468519,60.10025,0,63.1605,4.673240,60.13867,0,53.4764,2.583253,60.04430,0,70.8115,0.396517,60.02914,0,PMU
182,1.525000,14812.6,4.662317,60.13638,0,14918.1,2.568122,59.97785,0,14859.7,0.465345,59.93939,0,63.1944,4.667808,59.89625,0,53.4268,2.583314,60.00117,0,70.8384,0.396884,60.00699,0,PMU
183,1.533333,14829.3,4.657129,59.90092,0,14832.7,2.571357,60.06178,0,14932.9,0.470533,60.09908,0,63.3115,4.673179,60.10258,0,53.4602,2.585450,60.04080,0,70.8035,0.397799,60.01749,0,PMU
184,1.541667,14812.7,4.664331,60.13755,0,14917.8,2.570075,59.97552,0,14860.2,0.467359,59.93938,0,63.1056,4.667075,59.88343,0,53.3617,2.585023,59.99184,0,70.8143,0.398410,60.01166,0,PMU
185,1.550000,14829.8,4.659143,59.90092,0,14832.8,2.573127,60.05828,0,14931.7,0.472425,60.09675,0,63.0381,4.673972,60.13172,0,53.4758,2.586854,60.03497,0,70.8092,0.398959,60.01049,0,PMU
186,1.558333,14811.1,4.666284,60.13639,0,14919.1,2.571967,59.97785,0,14860.4,0.469129,59.93705,0,62.8336,4.667869,59.88343,0,53.4225,2.586915,60.00117,0,70.9407,0.399691,60.01399,0,PMU
187,1.566667,14830,4.660974,59.89859,0,14832.6,2.575013,60.05817,0,14932.5,0.474315,60.09904,0,63.146,4.675315,60.14221,0,53.5786,2.587525,60.01166,0,70.8524,0.401339,60.03147,0,PMU
188,1.575000,14811.4,4.668113,60.13634,0,14918.1,2.573859,59.97796,0,14860.2,0.471082,59.93826,0,63.0666,4.668540,59.87061,0,53.6019,2.588075,60.01049,0,70.8331,0.402133,60.01515,0,PMU
189,1.583333,14829.2,4.662866,59.89979,0,14833.4,2.576844,60.05701,0,14931.8,0.476146,60.09671,0,63.2814,4.675193,60.12706,0,53.8315,2.589417,60.02565,0,70.6584,0.403231,60.02098,0,PMU
190,1.591667,14810.1,4.669944,60.13518,0,14918.1,2.575746,59.97902,0,14861.2,0.473035,59.94059,0,63.207,4.669150,59.88460,0,53.9643,2.590089,60.01282,0,70.6817,0.404086,60.01632,0,PMU
191,1.600000,14829,4.664636,59.89863,0,14832.5,2.578797,60.05828,0,14932.7,0.478099,60.09671,0,63.4059,4.675132,60.11424,0,54.2509,2.590699,60.01166,0,70.6666,0.405001,60.01749,0,PMU
192,1.608333,14809.7,4.671836,60.13751,0,14915.7,2.577516,59.97552,0,14860.5,0.474986,59.94055,0,62.9419,4.669212,59.88693,0,54.3368,2.590699,60.00000,0,70.6466,0.406344,60.02565,0,PMU
193,1.616667,14827,4.666526,59.89859,0,14831.1,2.580567,60.05828,0,14931,0.479930,60.09442,0,63.1546,4.676963,60.14804,0,54.5221,2.591736,60.01982,0,70.6604,0.406832,60.00933,0,PMU
194,1.625000,14807.2,4.673423,60.13172,0,14914.2,2.579347,59.97669,0,14860.7,0.476756,59.93938,0,63.233,4.670615,59.87877,0,54.5665,2.591736,60.00000,0,70.6105,0.408602,60.03380,0,PMU
195,1.633333,14827.7,4.668113,59.89859,0,14829.5,2.582032,60.05129,0,14928.5,0.481700,60.09442,0,63.7908,4.678611,60.15270,0,54.7529,2.591981,60.00466,0,70.56,0.409213,60.01166,0,PMU
196,1.641667,14807,4.675315,60.13755,0,14916.8,2.581178,59.98368,0,14859.9,0.478465,59.93822,0,63.6794,4.670920,59.85312,0,54.5637,2.593201,60.02331,0,70.5165,0.411408,60.04192,0,PMU
197,1.650000,14825,4.669822,59.89509,0,14827.8,2.584107,60.05595,0,14929.4,0.483592,60.09792,0,64.0176,4.678611,60.14688,0,54.5235,2.593445,60.00466,0,70.4127,0.412140,60.01399,0,PMU
198,1.658333,14807.2,4.676963,60.13638,0,14917.4,2.582887,59.97669,0,14859.7,0.480296,59.93705,0,64.0105,4.671592,59.86595,0,54.5296,2.595154,60.03264,0,70.504,0.412445,60.00583,0,PMU
199,1.666667,14825.8,4.671714,59.89975,0,14829.9,2.586060,60.06062,0,14929.4,0.485545,60.10025,0,64.2465,4.678855,60.13872,0,54.5581,2.596192,60.01982,0,70.3897,0.413178,60.01399,0,PMU
200,1.675000,14805.6,4.678794,60.13522,0,14916.1,2.584840,59.97669,0,14858.8,0.482250,59.93705,0,63.8633,4.672324,59.87527,0,54.5068,2.598206,60.03847,0,70.4294,0.414276,60.02098,0,PMU
201,1.683333,14826.4,4.673667,59.90208,0,14830.9,2.587892,60.05828,0,14929.5,0.487560,60.10141,0,64.1455,4.682090,60.18650,0,54.4777,2.599122,60.01749,0,70.2473,0.415558,60.02448,0,PMU
202,1.691667,14804.5,4.680686,60.13405,0,14916.4,2.586793,59.97902,0,14858.7,0.484325,59.93822,0,64.1294,4.675376,59.87178,0,54.4078,2.601685,60.04896,0,70.2444,0.416107,60.01049,0,PMU
203,1.700000,14824.2,4.675254,59.89625,0,14828.7,2.589784,60.05712,0,14928.5,0.489451,60.09791,0,64.6633,4.682700,60.13988,0,54.2373,2.601990,60.00583,0,70.2255,0.418061,60.03730,0,PMU
204,1.708333,14805.5,4.682456,60.13755,0,14915.7,2.588685,59.97902,0,14859,0.486217,59.93822,0,64.5698,4.675681,59.86595,0,54.1808,2.603882,60.03614,0,70.2952,0.418549,60.00933,0,PMU
205,1.716667,14824.8,4.677268,59.90092,0,14829.5,2.591675,60.05711,0,14927.7,0.491344,60.09791,0,64.9677,4.683677,60.15270,0,54.0635,2.604615,60.01399,0,70.2088,0.419953,60.02681,0,PMU
206,1.725000,14805.4,4.684409,60.13638,0,14916.5,2.590516,59.97785,0,14857.3,0.487926,59.93473,0,64.5692,4.676047,59.85429,0,54.0006,2.605772,60.02211,0,70.1056,0.420014,60.00117,0,PMU
207,1.733333,14824.6,4.679221,59.90092,0,14829.5,2.593506,60.05712,0,14928,0.493114,60.09908,0,64.7408,4.685569,60.18184,0,53.9039,2.606505,60.01399,0,70.0985,0.421662,60.03147,0,PMU
208,1.741667,14805.7,4.686362,60.13638,0,14917,2.592469,59.98018,0,14857.9,0.489818,59.93705,0,64.5645,4.679160,59.87761,0,53.8132,2.607664,60.02215,0,70.0272,0.422272,60.01166,0,PMU
209,1.750000,14823.3,4.681174,59.90092,0,14830.8,2.595460,60.05712,0,14927.6,0.494945,60.09792,0,65.0459,4.688071,60.17018,0,53.7952,2.608519,60.01632,0,70.0449,0.423432,60.02215,0,PMU
210,1.758333,14804.1,4.688010,60.13055,0,14915.6,2.594300,59.97785,0,14859.5,0.491710,59.93822,0,65.371,4.681602,59.87644,0,53.881,2.609434,60.01749,0,70.1605,0.424774,60.02565,0,PMU
211,1.766667,14824.8,4.682883,59.90208,0,14828.5,2.597108,60.05362,0,14926.9,0.496959,60.10025,0,65.9223,4.689109,60.14337,0,53.948,2.609801,60.00699,0,70.0865,0.425995,60.02331,0,PMU
212,1.775000,14802.9,4.689902,60.13405,0,14914.6,2.595948,59.97785,0,14857.1,0.493480,59.93356,0,65.8218,4.683310,59.88926,0,54.0472,2.610960,60.02215,0,70.1397,0.426789,60.01515,0,PMU
213,1.783333,14823.4,4.684531,59.89742,0,14827,2.598878,60.05595,0,14929,0.498668,60.09908,0,66.2339,4.690207,60.13172,0,54.0283,2.611998,60.01982,0,70.1176,0.428070,60.02447,0,PMU
214,1.791667,14803.8,4.691672,60.13638,0,14914.4,2.597657,59.97669,0,14857.3,0.495311,59.93589,0,66.0218,4.682761,59.85779,0,54.1916,2.612730,60.01399,0,70.0968,0.428314,60.00466,0,PMU
215,1.800000,14823.9,4.686423,59.89975,0,14828,2.600525,60.05479,0,14927.5,0.500438,60.09792,0,65.9955,4.691367,60.16436,0,54.1182,2.613890,60.02215,0,70.026,0.429474,60.02215,0,PMU
216,1.808333,14802.9,4.693503,60.13522,0,14914.9,2.599488,59.98018,0,14858.3,0.497081,59.93589,0,65.6994,4.684897,59.87644,0,54.1474,2.614561,60.01282,0,70.1537,0.429779,60.00583,0,PMU
217,1.816667,14824.3,4.688254,59.89975,0,14828,2.602479,60.05712,0,14928.1,0.502391,60.10141,0,66.0619,4.693259,60.15970,0,54.0698,2.616087,60.02914,0,70.0609,0.432159,60.04546,0,PMU
218,1.825000,14801.3,4.695212,60.13289,0,14913.3,2.601380,59.97902,0,14856.3,0.499034,59.93589,0,66.0665,4.686484,59.87061,0,54.0943,2.616637,60.01049,0,69.9664,0.431976,59.99650,0,PMU
219,1.833333,14823.5,4.690024,59.90092,0,14828.6,2.604249,60.05479,0,14926.3,0.504161,60.09792,0,66.5696,4.694785,60.15853,0,54.1185,2.618712,60.03963,0,69.9627,0.433441,60.02798,0,PMU
220,1.841667,14801.6,4.697104,60.13522,0,14914.8,2.603272,59.98135,0,14857.1,0.500865,59.93705,0,66.4503,4.688254,59.87527,0,54.121,2.619322,60.01166,0,69.8763,0.433441,60.00000,0,PMU
221,1.850000,14824.5,4.691855,59.89975,0,14828.7,2.606200,60.05591,0,14927.1,0.506097,60.09992,0,66.5172,4.694297,60.11540,0,53.9899,2.621153,60.03497,0,69.8039,0.435883,60.04663,0,PMU
222,1.858333,14801.8,4.699101,60.13838,0,14916,2.605347,59.98372,0,14857.8,0.502879,59.93855,0,66.2237,4.689414,59.90675,0,54.0654,2.621824,60.01282,0,69.8501,0.435455,59.99184,0,PMU
223,1.866667,14823.7,4.693869,59.90008,0,14828.2,2.608275,60.05591,0,14926.6,0.508172,60.10108,0,66.471,4.696921,60.14338,0,53.9178,2.624266,60.04663,0,69.6951,0.437592,60.04080,0,PMU
224,1.875000,14801,4.700871,60.13372,0,14915.9,2.607237,59.98018,0,14857.5,0.504771,59.93505,0,66.469,4.690879,59.88460,0,53.9407,2.623716,59.98951,0,69.5166,0.437103,59.99067,0,PMU
225,1.883333,14824.3,4.695639,59.90008,0,14829.3,2.610167,60.05595,0,14927.3,0.510186,60.10341,0,66.9991,4.698552,60.14654,0,53.9508,2.626463,60.05246,0,69.4003,0.439300,60.04196,0,PMU
226,1.891667,14799.8,4.702641,60.13372,0,14915.7,2.609190,59.98135,0,14858.1,0.506768,59.93472,0,67.0311,4.690451,59.84530,0,53.9116,2.625608,59.98368,0,69.3217,0.439117,59.99650,0,PMU
227,1.900000,14824.4,4.697409,59.90008,0,14828.1,2.612059,60.05479,0,14927.1,0.512139,60.10258,0,67.5031,4.699101,60.16519,0,54.0154,2.628294,60.05129,0,69.3954,0.441803,60.05129,0,PMU
228,1.908333,14800.1,4.704594,60.13722,0,14916.6,2.610960,59.97902,0,14856.4,0.508599,59.93239,0,67.4261,4.691672,59.85812,0,54.028,2.627195,59.97902,0,69.4102,0.441376,59.99184,0,PMU
229,1.916667,14822,4.699284,59.89859,0,14829.7,2.613951,60.05712,0,14927.1,0.513848,60.10025,0,67.7427,4.698674,60.13372,0,54.1451,2.629820,60.05012,0,69.4911,0.443861,60.04747,0,PMU
230,1.925000,14801,4.706425,60.13638,0,14915.6,2.612791,59.97785,0,14856.8,0.510552,59.93705,0,67.5476,4.691245,59.85812,0,54.1696,2.627867,59.96270,0,69.3949,0.444044,60.00350,0,PMU
231,1.933333,14822,4.701237,59.90092,0,14830.7,2.615721,60.05595,0,14925.7,0.515740,60.09908,0,67.8765,4.700932,60.18501,0,54.2754,2.630430,60.04896,0,69.3562,0.445082,60.01982,0,PMU
232,1.941667,14797.9,4.708134,60.13172,0,14915.4,2.614805,59.98251,0,14858.1,0.512383,59.93589,0,68.2378,4.692832,59.84530,0,54.2687,2.629026,59.97319,0,69.2794,0.445875,60.01515,0,PMU
233,1.950000,14820,4.702763,59.89742,0,14828,2.617613,60.05362,0,14926.2,0.517693,60.10141,0,69.1529,4.700200,60.14072,0,54.2878,2.630857,60.03497,0,69.148,0.447950,60.03963,0,PMU
234,1.958333,14797.8,4.709782,60.13405,0,14915.6,2.616637,59.98135,0,14857.6,0.514275,59.93472,0,69.6809,4.691184,59.82781,0,54.4551,2.629820,59.98018,0,69.325,0.447523,59.99184,0,PMU
235,1.966667,14819.3,4.704533,59.89975,0,14828.9,2.619444,60.05362,0,14925.4,0.519585,60.10141,0,70.4722,4.699101,60.15121,0,54.4174,2.633055,60.06178,0,69.2094,0.449049,60.02914,0,PMU
236,1.975000,14793.6,4.711247,60.12822,0,14913.8,2.618468,59.98135,0,14855.8,0.515984,59.93122,0,71.2219,4.687827,59.78468,0,54.3605,2.631102,59.96270,0,69.2879,0.448439,59.98834,0,PMU
237,1.983333,14813.6,4.705815,59.89625,0,14827.6,2.621214,60.05245,0,14925.2,0.521294,60.10141,0,73.2509,4.690024,60.04196,0,54.4006,2.633543,60.04663,0,69.3513,0.450148,60.03264,0,PMU
238,1.991667,14780.7,4.712040,60.11890,0,14913.2,2.620299,59.98252,0,14855.3,0.517815,59.93356,0,78.2065,4.666465,59.55005,0,54.4207,2.631346,59.95804,0,69.3298,0.451002,60.01632,0,PMU
239,2.000000,14737.3,4.704655,59.85895,0,14823.9,2.623289,60.05711,0,14922.7,0.522698,60.09325,0,99.6993,4.609467,58.91142,0,54.8073,2.625608,59.89043,0,69.7316,0.457716,60.12823,0,PMU
240,2.008333,14621.3,4.701970,59.94871,0,14895.5,2.622129,59.97785,0,14854.1,0.518609,59.92190,0,151.457,4.391329,55.83388,0,56.1971,2.601624,59.54193,0,70.3495,0.459608,60.03613,0,PMU
241,2.016667,14514.2,4.691001,59.79051,0,14802.1,2.624876,60.05246,0,14918,0.523186,60.08742,0,196.785,4.319289,58.62414,0,57.6274,2.583497,59.65380,0,70.8881,0.452406,59.86245,0,PMU
242,2.025000,14390.9,4.688865,59.95920,0,14875.7,2.624083,59.98485,0,14846.3,0.519158,59.92307,0,250.847,4.171444,57.17636,0,58.6643,2.559943,59.55016,0,70.7889,0.436981,59.70541,0,PMU
243,2.033333,14369,4.683249,59.89276,0,14788.2,2.626402,60.04430,0,14910.3,0.524285,60.09791,0,260.565,4.129458,59.19813,0,58.798,2.567878,60.15154,0,69.9045,0.413849,59.55821,0,PMU
244,2.041667,14333,4.689109,60.11191,0,14876.1,2.625547,59.98368,0,14838.1,0.520867,59.93472,0,262.977,4.100957,59.45567,0,59.0761,2.577760,60.18873,0,68.7815,0.407076,59.87065,0,PMU
245,2.050000,14323.4,4.686423,59.94871,0,14791.2,2.628233,60.05129,0,14904.3,0.525933,60.09675,0,265.305,4.071068,59.42915,0,59.0057,2.583802,60.11540,0,69.3545,0.412995,60.11303,0,PMU
246,2.058333,14295.1,4.692221,60.11074,0,14876.2,2.627439,59.98485,0,14835,0.522393,59.93239,0,265.323,4.054955,59.69227,0,58.7466,2.583253,59.98951,0,70.2097,0.419831,60.13056,0,PMU
247,2.066667,14312.8,4.688865,59.93589,0,14791.5,2.630003,60.04896,0,14902.9,0.527520,60.09792,0,262.628,4.051295,59.93010,0,58.5362,2.588075,60.09209,0,70.1695,0.421601,60.03380,0,PMU
248,2.075000,14481,4.697104,60.15737,0,14881.9,2.628721,59.97552,0,14841.2,0.525139,59.95454,0,213.784,4.000958,59.03865,0,57.9693,2.610899,60.43592,0,68.765,0.403597,59.65617,0,PMU
249,2.083333,14763.4,-1.568922,60.32772,0,14826.8,2.631346,60.05012,0,14912.5,0.532402,60.13872,0,73.2187,4.330276,66.28949,1,55.5459,2.677102,61.26438,0,65.6946,0.405306,60.03264,0,PMU
250,2.091667,14770.6,-1.554657,60.27244,0,14917.9,2.631102,59.99534,0,14843.7,0.529412,59.94288,0,54.1277,4.479443,62.84890,1,55.3448,2.683999,60.13172,0,66.5902,0.444227,60.74333,0,POW
251,2.100000,14774.5,-1.557508,59.94555,0,14830,2.634397,60.06295,0,14910.4,0.534294,60.09325,0,48.4073,4.314956,56.85852,1,54.1124,2.663738,59.61304,0,71.3946,0.465589,60.40798,0,POW
252,2.108333,14778.2,-1.550263,60.13838,0,14914,2.633543,59.98368,0,14848.1,0.531121,59.93938,0,43.7862,4.657800,66.54784,0,53.3725,2.656047,59.85312,0,70.8405,0.462537,59.94172,0,POW
253,2.116667,14792.7,-1.556959,59.87211,0,14823.7,2.636351,60.05362,0,14914,0.536856,60.10953,0,47.3834,4.518364,57.33697,0,53.6191,2.652324,59.92890,0,68.5826,0.449965,59.75987,0,PMU
254,2.125000,14801.3,-1.550079,60.13139,0,14911.7,2.635130,59.97669,0,14846.7,0.533745,59.94059,0,47.0747,-1.518344,64.70737,0,53.8518,2.653667,60.02564,0,66.5221,0.442169,59.85112,0,PMU
255,2.133333,14809.8,-1.554962,59.90675,0,14826.1,2.637981,60.05445,0,14912.5,0.538870,60.09788,0,46.0176,4.557241,56.03512,0,54.3573,2.655864,60.04196,0,66.7608,0.445265,60.05912,0,PMU
256,2.141667,14803.8,-1.547150,60.14921,0,14912.5,2.637005,59.98135,0,14847.6,0.535454,59.93476,0,43.1313,-1.524203,63.85297,0,54.0568,2.656352,60.00933,0,67.6791,0.452467,60.13755,0,PMU
257,2.150000,14810.2,-1.552216,59.90325,0,14826.2,2.639812,60.05362,0,14913.4,0.540640,60.09904,0,43.5183,4.582248,56.62462,0,54.2574,2.654765,59.96969,0,68.5353,0.457838,60.10258,0,PMU
258,2.158333,14803.9,-1.545441,60.12939,0,14913.6,2.638897,59.98251,0,14848.5,0.537222,59.93472,0,43.9744,-1.493997,63.95228,0,54.1149,2.655803,60.01982,0,68.364,0.457899,60.00117,0,PMU
259,2.166667,14815,-1.551239,59.88926,0,14826.7,2.641521,60.05012,0,14915.4,0.542471,60.10025,0,44.9952,4.631500,56.98837,0,54.4569,2.655315,59.99067,0,67.7883,0.454969,59.94405,0,PMU
260,2.175000,14811.5,-1.544037,60.13755,0,14913.7,2.640606,59.98251,0,14849.2,0.539236,59.93822,0,44.643,-1.484842,63.18648,0,54.3374,2.656963,60.03147,0,67.1919,0.454237,59.98601,0,PMU
261,2.183333,14819.1,-1.549164,59.90208,0,14827.9,2.643352,60.05246,0,14914.8,0.544363,60.09792,0,44.0849,4.645899,57.08851,0,54.3628,2.657390,60.00816,0,67.4054,0.456007,60.03380,0,PMU
262,2.191667,14811,-1.541840,60.13988,0,14914.8,2.642559,59.98485,0,14849.8,0.540945,59.93472,0,43.2089,-1.487283,62.86486,0,54.1112,2.659099,60.03264,0,67.5772,0.459303,60.06294,0,PMU
263,2.200000,14820.5,-1.546906,59.90325,0,14827.4,2.645183,60.05012,0,14914.9,0.546255,60.10141,0,43.2037,4.663660,57.47435,0,54.1562,2.657634,59.97202,0,67.6237,0.460401,60.02098,0,PMU
264,2.208333,14812.8,-1.539826,60.13521,0,14916.7,2.644512,59.98718,0,14850.6,0.542898,59.93589,0,43.2279,-1.479165,62.68069,0,54.0556,2.659953,60.04430,0,67.2977,0.460706,60.00583,0,PMU
265,2.216667,14825,-1.545014,59.90092,0,14827.9,2.647258,60.05246,0,14916.5,0.548452,60.10608,0,43.3248,4.685752,57.74124,0,54.2212,2.659587,59.99301,0,66.9098,0.459120,59.96969,0,PMU
266,2.225000,14815.5,-1.537873,60.13638,0,14916,2.646404,59.98368,0,14850.1,0.545034,59.93472,0,42.975,-1.477701,62.28673,0,54.1514,2.662273,60.05129,0,66.6053,0.459547,60.00816,0,PMU
267,2.233333,14826.6,-1.542877,59.90442,0,14829.3,2.649273,60.05479,0,14916.4,0.550467,60.10375,0,42.6486,4.695517,57.89978,0,54.1631,2.661845,59.99184,0,66.4946,0.459974,60.00816,0,PMU
268,2.241667,14815.2,-1.535859,60.13405,0,14915.9,2.648296,59.98135,0,14850.1,0.546988,59.93356,0,42.4646,-1.475931,62.13402,0,54.1956,2.664470,60.05012,0,66.4702,0.461561,60.03031,0,PMU
269,2.250000,14828.3,-1.541046,59.90092,0,14830.2,2.651043,60.05246,0,14917.6,0.552419,60.10374,0,42.7111,-1.570509,58.19369,0,54.3551,2.664226,59.99534,0,66.4049,0.461073,59.99067,0,PMU
270,2.258333,14817.6,-1.533966,60.13521,0,14917.2,2.650249,59.98485,0,14851.6,0.549124,59.93706,0,42.6905,-1.475198,61.82030,0,54.4568,2.667400,60.06062,0,66.289,0.461317,60.00466,0,PMU
271,2.266667,14829.4,-1.539032,59.90325,0,14831,2.652934,60.05128,0,14916.2,0.554434,60.10141,0,42.5455,-1.560011,58.38020,0,54.5556,2.667156,59.99534,0,66.0222,0.459791,59.97086,0,PMU
272,2.275000,14817.3,-1.532013,60.13405,0,14918.1,2.652324,59.98835,0,14852.6,0.551138,59.93706,0,42.4226,-1.475503,61.61397,0,54.4981,2.669839,60.05125,0,65.8968,0.461744,60.03730,0,PMU
273,2.283333,14831.3,-1.537079,59.90325,0,14829.9,2.654888,60.04895,0,14915.9,0.556570,60.10374,0,42.5346,-1.549835,58.58037,0,54.5194,2.668862,59.98135,0,65.8184,0.461561,59.99650,0,PMU
274,2.291667,14817,-1.530121,60.13289,0,14917.9,2.654033,59.98368,0,14850.6,0.552908,59.93006,0,42.5401,-1.472635,61.47442,0,54.4735,2.671548,60.05129,0,65.8488,0.464063,60.04779,0,PMU
275,2.300000,14830.4,-1.535370,59.89975,0,14830.2,2.656780,60.05246,0,14917.3,0.558279,60.10258,0,42.5894,-1.538788,58.73656,0,54.3254,2.671609,60.00117,0,65.9204,0.464735,60.01282,0,PMU
276,2.308333,14817.4,-1.528412,60.13289,0,14917.4,2.655925,59.98368,0,14851.4,0.554861,59.93472,0,42.4701,-1.473001,61.25644,0,54.2815,2.673379,60.03380,0,65.9345,0.467603,60.05479,0,PMU
277,2.316667,14832.4,-1.533417,59.90441,0,14831.4,2.658550,60.05012,0,14916.7,0.560110,60.10025,0,42.5403,-1.530854,58.89509,0,54.2723,2.673928,60.01049,0,66.0969,0.467970,60.00699,0,PMU
278,2.325000,14815.6,-1.526520,60.13172,0,14918.3,2.657817,59.98601,0,14851.4,0.556631,59.93356,0,42.4914,-1.473306,61.09908,0,54.1216,2.676064,60.04080,0,66.085,0.471876,60.07460,0,PMU
279,2.333333,14833.4,-1.531525,59.90441,0,14831.1,2.660442,60.05012,0,14916.7,0.562002,60.10258,0,42.4385,-1.523227,59.04659,0,54.0578,2.675942,59.99767,0,66.2597,0.473158,60.02448,0,PMU
280,2.341667,14815,-1.524508,60.13401,0,14918.8,2.659770,59.98718,0,14850.7,0.558401,59.93123,0,42.4059,-1.471048,60.99654,0,53.8964,2.677834,60.03614,0,66.3356,0.476024,60.05475,0,PMU
281,2.350000,14832.1,-1.529694,59.90096,0,14830.2,2.662273,60.04779,0,14915.9,0.563711,60.10141,0,42.3849,-1.516696,59.12819,0,53.7776,2.677468,59.99301,0,66.4614,0.476879,60.01632,0,PMU
282,2.358333,14815.1,-1.522738,60.13285,0,14919.9,2.661662,59.98834,0,14852.7,0.560110,59.93122,0,42.3186,-1.470804,60.87647,0,53.6497,2.679238,60.03380,0,66.6387,0.478771,60.03614,0,PMU
283,2.366667,14832.9,-1.527924,59.90096,0,14829.5,2.664348,60.05129,0,14918,0.565664,60.10608,0,42.3726,-1.510043,59.25059,0,53.5438,2.678933,59.99417,0,66.669,0.479747,60.01865,0,PMU
284,2.375000,14816.5,-1.520907,60.13401,0,14918.4,2.663493,59.98368,0,14852.3,0.562063,59.93122,0,42.2207,-1.470865,60.74825,0,53.552,2.680886,60.03730,0,66.6774,0.480602,60.01632,0,PMU
285,2.383333,14832.9,-1.525849,59.90562,0,14831.4,2.666179,60.05129,0,14917.2,0.567489,60.10364,0,42.057,-1.505832,59.33218,0,53.5142,2.681497,60.01166,0,66.6066,0.481029,60.00816,0,PMU
286,2.391667,14816.3,-1.519076,60.12935,0,14917,2.665386,59.98485,0,14852.6,0.564016,59.93367,0,42.03,-1.468851,60.70629,0,53.5329,2.683145,60.03147,0,66.4716,0.481578,60.01049,0,PMU
287,2.400000,14834.7,-1.523898,59.90791,0,14832.5,2.667949,60.04896,0,14916.5,0.569320,60.10130,0,42.0145,-1.500095,59.40329,0,53.5656,2.683022,59.99767,0,66.4591,0.482250,60.01282,0,PMU
288,2.408333,14815.5,-1.517123,60.12939,0,14919.7,2.667339,59.98834,0,14853.4,0.565786,59.93250,0,41.963,-1.467813,60.61653,0,53.5753,2.685403,60.04546,0,66.4467,0.482799,60.01049,0,PMU
289,2.416667,14835,-1.522189,59.90325,0,14831.2,2.669839,60.04775,0,14918.1,0.571273,60.10480,0,42.078,-1.495273,59.47556,0,53.654,2.685769,60.00699,0,66.3796,0.483470,60.01282,0,PMU
290,2.425000,14817.4,-1.515231,60.13289,0,14919.9,2.669106,59.98601,0,14852.6,0.567733,59.93239,0,42.1589,-1.466043,60.55825,0,53.6974,2.686867,60.02098,0,66.1805,0.484020,60.01049,0,PMU
291,2.433333,14834.9,-1.520236,59.90441,0,14831.4,2.671731,60.05012,0,14917.2,0.573166,60.10375,0,42.1636,-1.490030,59.54189,0,53.7646,2.688210,60.02565,0,66.1599,0.484447,60.00816,0,PMU
292,2.441667,14816.5,-1.513400,60.13056,0,14919.4,2.670938,59.98485,0,14851.7,0.569564,59.93122,0,42.3066,-1.463177,60.51285,0,53.8342,2.689919,60.03264,0,66.0425,0.484752,60.00583,0,PMU
293,2.450000,14835.8,-1.518283,59.90675,0,14832.2,2.673501,60.04896,0,14916.2,0.575058,60.10491,0,42.3833,-1.485452,59.57457,0,54.009,2.690652,60.01399,0,66.0558,0.485362,60.01166,0,PMU
294,2.458333,14814.8,-1.511386,60.13172,0,14920.7,2.672891,59.98834,0,14850.9,0.571334,59.92889,0,42.4062,-1.461284,60.46156,0,53.8759,2.691933,60.02448,0,65.9742,0.485912,60.01049,0,PMU
295,2.466667,14834.7,-1.516574,59.90092,0,14830.8,2.675393,60.04779,0,14916.3,0.576889,60.10608,0,42.4486,-1.480264,59.63752,0,53.8072,2.691994,60.00117,0,65.9301,0.487804,60.03614,0,PMU
296,2.475000,14816.6,-1.509616,60.13289,0,14919.9,2.674722,59.98718,0,14852,0.573288,59.93123,0,42.5368,-1.459637,60.39395,0,53.7999,2.693703,60.03264,0,65.9054,0.487804,60.00000,0,PMU
297,2.483333,14835.5,-1.514621,59.90441,0,14832.6,2.677346,60.05012,0,14916.6,0.578781,60.10491,0,42.5469,-1.476907,59.67015,0,53.7665,2.694558,60.01632,0,65.8957,0.489207,60.02681,0,PMU
298,2.491667,14816.7,-1.507785,60.13055,0,14919.5,2.676675,59.98718,0,14852.4,0.575180,59.93122,0,42.4935,-1.459453,60.33334,0,53.8098,2.695412,60.01632,0,65.7955,0.488780,59.99185,0,PMU
299,2.500000,14837.1,-1.512606,59.90792,0,14833.5,2.679238,60.04896,0,14916.8,0.580673,60.10491,0,42.3525,-1.474832,59.70629,0,53.7794,2.696389,60.01865,0,65.9117,0.491527,60.05245,0,PMU
300,2.508333,14816.5,-1.505710,60.13172,0,14921.3,2.678628,59.98834,0,14851.7,0.577011,59.93006,0,42.3716,-1.457256,60.33567,0,53.7759,2.697426,60.01982,0,65.9678,0.492198,60.01282,0,PMU
301,2.516667,14836.8,-1.510653,59.90558,0,14835.6,2.681191,60.04896,0,14916.9,0.582443,60.10374,0,42.2966,-1.471902,59.72028,0,53.7534,2.698647,60.02331,0,66.1022,0.494578,60.04546,0,PMU
302,2.525000,14816.1,-1.503818,60.13055,0,14921.1,2.680703,59.99067,0,14853.1,0.579025,59.93473,0,42.3169,-1.456463,60.29488,0,53.7407,2.699607,60.01832,0,66.1155,0.494884,60.00583,0,PMU
303,2.533333,14838.2,-1.508762,59.90558,0,14833.9,2.683022,60.04430,0,14915.8,0.584457,60.10374,0,42.1696,-1.470071,59.74009,0,53.7095,2.700278,60.01282,0,66.1027,0.497203,60.04430,0,PMU
304,2.541667,14815.3,-1.501803,60.13289,0,14923.3,2.682534,59.99067,0,14851.2,0.580734,59.92890,0,41.9704,-1.456524,60.25874,0,53.6811,2.702292,60.03847,0,66.0807,0.496776,59.99184,0,PMU
305,2.550000,14836.9,-1.506991,59.90092,0,14833.6,2.684914,60.04546,0,14916,0.586227,60.10491,0,41.9361,-1.467996,59.78089,0,53.6256,2.702719,60.00816,0,66.2412,0.499034,60.04313,0,PMU
306,2.558333,14816,-1.500095,60.13172,0,14921.8,2.684243,59.98718,0,14850.9,0.582565,59.93006,0,41.825,-1.455486,60.23892,0,53.5637,2.703147,60.00816,0,66.0462,0.499095,60.00117,0,PMU
307,2.566667,14838.1,-1.505038,59.90558,0,14835.1,2.686684,60.04663,0,14914.7,0.587936,60.10258,0,41.6912,-1.465860,59.80188,0,53.5393,2.704673,60.02914,0,66.1649,0.500743,60.03147,0,PMU
308,2.575000,14815.9,-1.498202,60.13056,0,14923.7,2.686196,59.99067,0,14852.6,0.584274,59.93006,0,41.7008,-1.452373,60.25757,0,53.4232,2.705954,60.02448,0,66.0559,0.501231,60.00933,0,PMU
309,2.583333,14839.7,-1.503146,59.90558,0,14835,2.688637,60.04663,0,14915.6,0.589950,60.10841,0,41.7374,-1.462200,59.81233,0,53.4499,2.706504,60.01049,0,66.0522,0.502452,60.02331,0,PMU
310,2.591667,14816.3,-1.496127,60.13405,0,14924.7,2.688149,59.99067,0,14851.2,0.586227,59.92889,0,41.6546,-1.450481,60.22381,0,53.3462,2.707541,60.01982,0,65.8689,0.502574,60.00233,0,PMU
311,2.600000,14838.6,-1.501315,59.90092,0,14834.9,2.690591,60.04663,0,14915.1,0.591720,60.10491,0,41.6244,-1.459148,59.83447,0,53.3349,2.708579,60.01982,0,65.9711,0.504100,60.02914,0,PMU
312,2.608333,14816.7,-1.494357,60.13289,0,14925,2.690041,59.98951,0,14852.2,0.588119,59.93123,0,41.6405,-1.446636,60.23896,0,53.398,2.710227,60.03147,0,65.877,0.504405,60.00583,0,PMU
313,2.616667,14839.9,-1.499362,59.90441,0,14836.7,2.692544,60.04779,0,14915.9,0.593673,60.10608,0,41.6801,-1.455486,59.83098,0,53.3333,2.711325,60.02098,0,65.9552,0.506097,60.03231,0,PMU
314,2.625000,14816.7,-1.492532,60.13045,0,14924,2.691994,59.98951,0,14852.2,0.590011,59.93006,0,41.6557,-1.444439,60.21098,0,53.2233,2.711447,60.00233,0,65.7356,0.506768,60.01282,0,PMU
315,2.633333,14840.4,-1.497470,59.90569,0,14836.9,2.694314,60.04430,0,14914.9,0.595504,60.10491,0,41.6719,-1.452251,59.85080,0,53.1759,2.712729,60.02448,0,65.8196,0.507378,60.01166,0,PMU
316,2.641667,14816.3,-1.490579,60.13161,0,14924.3,2.693886,59.99184,0,14851.8,0.591842,59.93006,0,41.736,-1.440655,60.22147,0,53.1908,2.712912,60.00350,0,65.8125,0.508843,60.02798,0,PMU
317,2.650000,14838.9,-1.495761,59.90103,0,14835.5,2.696084,60.04196,0,14913.8,0.597213,60.10258,0,41.7072,-1.449505,59.83098,0,53.1858,2.714499,60.03031,0,65.969,0.510064,60.02331,0,PMU
318,2.658333,14815.5,-1.488931,60.13045,0,14924.1,2.695656,59.99184,0,14852.5,0.593551,59.93006,0,41.8143,-1.438091,60.21798,0,53.2539,2.715414,60.01748,0,65.941,0.511101,60.01982,0,PMU
319,2.666667,14840.6,-1.493936,59.90441,0,14834.2,2.697915,60.04313,0,14914.9,0.599286,60.10953,0,41.8314,-1.446026,59.84846,0,53.2341,2.717062,60.03147,0,65.9452,0.512200,60.02098,0,PMU
320,2.675000,14816.5,-1.486856,60.13522,0,14925.7,2.697426,59.99067,0,14850.5,0.595443,59.92660,0,41.8686,-1.435833,60.19467,0,53.2447,2.717307,60.00466,0,65.9084,0.512444,60.00466,0,PMU
321,2.683333,14838.9,-1.491922,59.90325,0,14835.4,2.699790,60.04514,0,14914.6,0.601056,60.10720,0,41.9643,-1.444256,59.83914,0,53.1864,2.718649,60.02565,0,65.9532,0.513360,60.01748,0,PMU
322,2.691667,14818.1,-1.484964,60.13289,0,14924.4,2.699240,59.98951,0,14852.2,0.597455,59.93122,0,41.9833,-1.435162,60.17369,0,53.1605,2.718405,59.99534,0,65.9248,0.515618,60.04313,0,PMU
323,2.700000,14839.5,-1.489846,59.90675,0,14836.6,2.701682,60.04663,0,14913.6,0.603009,60.10608,0,41.9332,-1.441937,59.87061,0,53.1632,2.720908,60.04779,0,66.0509,0.515923,60.00583,0,PMU
324,2.708333,14816,-1.483194,60.12706,0,14923.2,2.701255,59.99184,0,14853.2,0.599347,59.93006,0,41.8362,-1.433331,60.16436,0,53.0149,2.720541,59.99301,0,65.8791,0.517388,60.02798,0,PMU
325,2.716667,14841.9,-1.488076,59.90675,0,14835.4,2.703574,60.04430,0,14915.6,0.605145,60.11074,0,41.7869,-1.441387,59.84613,0,53.0285,2.722556,60.03847,0,65.8225,0.517815,60.00816,0,PMU
326,2.725000,14818.3,-1.481057,60.13405,0,14924.8,2.703208,59.99301,0,14852.6,0.601483,59.93006,0,41.6552,-1.432537,60.16902,0,52.9667,2.722739,60.00350,0,65.6292,0.518670,60.01632,0,PMU
327,2.733333,14841.1,-1.486001,59.90558,0,14836.5,2.705466,60.04313,0,14914.5,0.606976,60.10491,0,41.4256,-1.439739,59.86245,0,52.9636,2.724936,60.04196,0,65.6405,0.518670,60.00000,0,PMU
328,2.741667,14817.3,-1.479165,60.13056,0,14924.9,2.705100,59.99301,0,14853.5,0.603314,59.93006,0,41.2233,-1.431029,60.16636,0,52.889,2.725546,60.01166,0,65.5623,0.521416,60.05245,0,PMU
329,2.750000,14841.5,-1.484109,59.90558,0,14836.9,2.707419,60.04430,0,14914.9,0.608930,60.10724,0,41.1479,-1.436871,59.88843,0,52.9891,2.727866,60.04430,0,65.6852,0.521111,59.99417,0,PMU
330,2.758333,14817.3,-1.477212,60.13172,0,14926,2.707053,59.99301,0,14852.9,0.605206,59.92889,0,41.1131,-1.429137,60.14771,0,52.8693,2.727682,59.99650,0,65.5932,0.523735,60.05012,0,PMU
331,2.766667,14842.3,-1.482095,59.90675,0,14838.1,2.709372,60.04430,0,14915.4,0.610822,60.10724,0,41.041,-1.434612,59.89542,0,52.8836,2.729452,60.03380,0,65.5947,0.523674,59.99883,0,PMU
332,2.775000,14817.6,-1.475259,60.13055,0,14926.2,2.709067,59.99417,0,14853.5,0.607160,59.93006,0,41.0944,-1.425475,60.17452,0,52.7755,2.729575,60.00233,0,65.583,0.524834,60.02215,0,PMU
333,2.783333,14842.5,-1.480264,59.90442,0,14837.2,2.711203,60.04080,0,14914.2,0.612714,60.10608,0,41.137,-1.431395,59.88693,0,52.8037,2.730671,60.02094,0,65.5059,0.525200,60.00699,0,PMU
334,2.791667,14816.1,-1.473550,60.12822,0,14926.6,2.710837,59.99301,0,14852.9,0.608869,59.92656,0,41.1737,-1.422545,60.16902,0,52.8335,2.731953,60.02448,0,65.5252,0.526299,60.02098,0,PMU
335,2.800000,14842.2,-1.478494,59.90558,0,14837.4,2.713034,60.04196,0,14914.4,0.614422,60.10607,0,41.2515,-1.426329,59.92773,0,52.8561,2.733845,60.03614,0,65.5436,0.526665,60.00699,0,PMU
336,2.808333,14816.9,-1.471658,60.13056,0,14927.6,2.712607,59.99184,0,14853,0.610639,59.92773,0,41.3441,-1.419493,60.13056,0,52.8196,2.733967,60.00233,0,65.5858,0.528374,60.03264,0,PMU
337,2.816667,14842.4,-1.476602,59.90558,0,14838.3,2.714987,60.04546,0,14914.8,0.616376,60.10957,0,41.4033,-1.424376,59.90675,0,52.8119,2.735493,60.02914,0,65.659,0.529351,60.01865,0,PMU
338,2.825000,14817.8,-1.469827,60.12939,0,14927.2,2.714621,59.99301,0,14854.4,0.612714,59.93006,0,41.5436,-1.417235,60.13638,0,52.652,2.735371,59.99767,0,65.5987,0.531121,60.03380,0,PMU
339,2.833333,14843,-1.474649,59.90791,0,14838.9,2.716818,60.04196,0,14914.1,0.618329,60.10724,0,41.7128,-1.421385,59.92073,0,52.7831,2.737141,60.03380,0,65.5339,0.531182,60.00117,0,PMU
340,2.841667,14816.1,-1.467996,60.12706,0,14928.2,2.716513,59.99417,0,14854.7,0.614483,59.92656,0,41.8179,-1.414977,60.12239,0,52.6715,2.738117,60.01865,0,65.5514,0.532891,60.03264,0,PMU
341,2.850000,14843.9,-1.472879,59.90675,0,14838.2,2.718771,60.04313,0,14916,0.620465,60.11424,0,41.9849,-1.419005,59.92307,0,52.8648,2.739277,60.02215,0,65.5779,0.534172,60.02448,0,PMU
342,2.858333,14816.7,-1.466104,60.12939,0,14927.9,2.718344,59.99184,0,14853.2,0.616559,59.92540,0,42.0762,-1.411742,60.13871,0,52.8519,2.740803,60.02914,0,65.5078,0.534905,60.01399,0,PMU
343,2.866667,14842.2,-1.471048,59.90558,0,14839,2.720602,60.04313,0,14915,0.622174,60.10724,0,42.2351,-1.416381,59.91141,0,53.002,2.741962,60.02215,0,65.5428,0.535576,60.01282,0,PMU
344,2.875000,14815.5,-1.464395,60.12706,0,14927.6,2.720236,59.99301,0,14854.9,0.618329,59.92656,0,42.321,-1.411132,60.10025,0,52.9279,2.742573,60.01166,0,65.542,0.536856,60.02444,0,PMU
345,2.883333,14844.2,-1.469217,59.90791,0,14838.2,2.722433,60.04196,0,14915.7,0.624249,60.11307,0,42.3064,-1.415648,59.91374,0,53.0343,2.743244,60.01282,0,65.5203,0.538260,60.02681,0,PMU
346,2.891667,14816,-1.462383,60.13052,0,14928.6,2.722128,59.99417,0,14854.4,0.620282,59.92423,0,42.2223,-1.409118,60.12473,0,52.9522,2.744465,60.02331,0,65.5283,0.538870,60.01166,0,PMU
347,2.900000,14843,-1.467386,59.90446,0,14838.1,2.724264,60.04080,0,14915.2,0.626080,60.11074,0,42.0969,-1.415526,59.87760,0,53.0244,2.744831,60.00699,0,65.4675,0.539969,60.02098,0,PMU
348,2.908333,14816.7,-1.460674,60.12818,0,14926.5,2.723837,59.99184,0,14853.4,0.622113,59.92423,0,41.9977,-1.408934,60.12589,0,52.9888,2.746113,60.02447,0,65.5935,0.540335,60.00699,0,PMU
349,2.916667,14844.2,-1.465494,59.90795,0,14838.7,2.725973,60.04080,0,14914.8,0.627911,60.11074,0,42.0257,-1.412902,59.92423,0,53.0756,2.745564,59.98951,0,65.5395,0.542471,60.04080,0,PMU
350,2.925000,14816.7,-1.458599,60.13168,0,14929.2,2.725668,59.99417,0,14852.4,0.623883,59.92306,0,41.8308,-1.408019,60.09325,0,52.9652,2.747272,60.03263,0,65.6217,0.541800,59.98718,0,PMU
351,2.933333,14843.3,-1.463480,59.90679,0,14840.9,2.728049,60.04546,0,14916,0.629664,60.11041,0,41.6496,-1.412230,59.91957,0,52.8123,2.747333,60.00117,0,65.5611,0.544424,60.05012,0,PMU
352,2.941667,14816,-1.456707,60.12935,0,14927.2,2.727621,59.99184,0,14852.7,0.625775,59.92573,0,41.4512,-1.405150,60.13522,0,52.8097,2.748310,60.01865,0,65.5546,0.544058,59.99301,0,PMU
353,2.950000,14842.2,-1.461529,59.90791,0,14840.3,2.729880,60.04313,0,14914.4,0.631434,60.10808,0,41.3551,-1.410216,59.90325,0,52.8341,2.749469,60.02215,0,65.6606,0.546438,60.04546,0,PMU
354,2.958333,14814.8,-1.454937,60.12589,0,14927.4,2.729513,59.99301,0,14854.2,0.627545,59.92573,0,41.2393,-1.404174,60.11540,0,52.8101,2.750629,60.02215,0,65.6854,0.546377,59.99883,0,PMU
355,2.966667,14844.6,-1.459637,59.91024,0,14840.1,2.731648,60.04076,0,14914.4,0.633387,60.11157,0,41.3247,-1.406676,59.95221,0,52.8961,2.750812,60.00350,0,65.6782,0.548819,60.04663,0,PMU
356,2.975000,14814.4,-1.452923,60.12822,0,14928.7,2.731403,59.99534,0,14853.2,0.629420,59.92423,0,41.2575,-1.401122,60.10608,0,52.9463,2.752033,60.02331,0,65.5989,0.547659,59.97785,0,PMU
357,2.983333,14843.7,-1.457928,59.90441,0,14838.1,2.733540,60.04080,0,14915.5,0.635279,60.11191,0,41.3612,-1.404357,59.93822,0,53.1086,2.751117,59.98251,0,65.5512,0.550406,60.05246,0,PMU
358,2.991667,14815.6,-1.451031,60.13172,0,14928.3,2.733234,59.99417,0,14852.7,0.631434,59.92656,0,41.3674,-1.397645,60.12818,0,53.3567,2.751606,60.00933,0,65.4486,0.549551,59.98368,0,PMU
359,3.000000,14843.4,-1.456035,59.90441,0,14838.6,2.735310,60.03963,0,14914,0.637049,60.10724,0,41.4055,-1.401976,59.91728,0,53.5829,2.751240,59.99301,0,65.4711,0.551321,60.03380,0,PMU
360,3.008333,14815.2,-1.449261,60.12939,0,14927.1,2.735127,59.99650,0,14854,0.633265,59.92773,0,41.3664,-1.395997,60.11420,0,53.7749,2.751728,60.00933,0,65.3077,0.550894,59.99184,0,PMU
361,3.016667,14844.3,-1.454143,59.90675,0,14837.2,2.737080,60.03730,0,14913.7,0.639063,60.11074,0,41.5101,-1.398500,59.95221,0,54.0139,2.750934,59.98485,0,65.2998,0.553457,60.04895,0,PMU
362,3.025000,14814.8,-1.447369,60.12939,0,14927.5,2.736897,59.99650,0,14853,0.635157,59.92540,0,41.4815,-1.393373,60.09792,0,54.2551,2.752216,60.02448,0,65.3561,0.553396,59.99883,0,PMU
363,3.033333,14843.6,-1.452312,59.90558,0,14837.7,2.739033,60.04080,0,14914.3,0.640894,60.10957,0,41.5199,-1.396363,59.94288,0,54.32,2.752216,60.00000,0,65.4392,0.556936,60.06761,0,PMU
364,3.041667,14813.7,-1.445721,60.12589,0,14925.5,2.738728,59.99417,0,14852.9,0.636988,59.92540,0,41.6035,-1.389894,60.12356,0,54.3771,2.752826,60.01166,0,65.4021,0.556631,59.99417,0,PMU
365,3.050000,14845.6,-1.450603,59.90675,0,14837.5,2.740681,60.03730,0,14914.1,0.642603,60.10724,0,41.6285,-1.393983,59.92190,0,54.3207,2.752948,60.00233,0,65.5088,0.559072,60.04663,0,PMU
366,3.058333,14815.1,-1.443585,60.13405,0,14928.5,2.740559,59.99767,0,14852.7,0.638819,59.92773,0,41.5696,-1.388490,60.10491,0,54.4098,2.754780,60.03497,0,65.4822,0.557485,59.96969,0,PMU
367,3.066667,14844.4,-1.448589,59.90442,0,14838.3,2.742695,60.04080,0,14914.3,0.644495,60.10840,0,41.5536,-1.391786,59.93705,0,54.1514,2.756305,60.02914,0,65.5496,0.560354,60.05479,0,PMU
368,3.075000,14815.7,-1.441754,60.13055,0,14928.6,2.742512,59.99650,0,14854.4,0.640772,59.92890,0,41.5664,-1.387513,60.08160,0,54.0924,2.757526,60.02331,0,65.4977,0.559866,59.99067,0,PMU
369,3.083333,14845.4,-1.446514,59.90908,0,14838.8,2.744648,60.04080,0,14913.3,0.646631,60.11190,0,41.5679,-1.389833,59.95570,0,53.956,2.759845,60.04430,0,65.5831,0.562124,60.04313,0,PMU
370,3.091667,14811.7,-1.439984,60.12473,0,14926.3,2.744465,59.99650,0,14852.6,0.642542,59.92190,0,41.6312,-1.384462,60.10258,0,53.7646,2.761005,60.02215,0,65.552,0.561575,59.98951,0,PMU
371,3.100000,14844.4,-1.444988,59.90441,0,14836.8,2.746235,60.03380,0,14912.5,0.648218,60.10840,0,41.762,-1.388124,59.93006,0,53.785,2.762453,60.02764,0,65.6313,0.564138,60.04896,0,PMU
372,3.108333,14813.7,-1.438091,60.13172,0,14928.4,2.746052,59.99650,0,14851.8,0.644251,59.92424,0,41.7754,-1.382753,60.10258,0,53.8844,2.763734,60.02448,0,65.6072,0.563650,59.99067,0,PMU
373,3.116667,14844.8,-1.443035,59.90558,0,14838.8,2.748188,60.04080,0,14913.9,0.650049,60.11073,0,41.9411,-1.385072,59.95570,0,53.8052,2.764833,60.02098,0,65.7471,0.566940,60.06284,0,PMU
374,3.125000,14814,-1.436199,60.13056,0,14929,2.748005,59.99650,0,14853.5,0.646204,59.92656,0,42.022,-1.381532,60.06761,0,53.839,2.764894,60.00117,0,65.6564,0.566335,59.98845,0,PMU
375,3.133333,14844.5,-1.441204,59.90441,0,14838.4,2.750080,60.03963,0,14913.2,0.652063,60.11191,0,42.0406,-1.383424,59.96386,0,53.9881,2.766603,60.03264,0,65.7343,0.567428,60.02087,0,PMU
376,3.141667,14813,-1.434490,60.12822,0,14926.7,2.749836,59.99534,0,14852.8,0.648096,59.92423,0,42.1693,-1.379274,60.07927,0,53.962,2.766237,59.99301,0,65.6776,0.567978,60.01049,0,PMU
377,3.150000,14844.4,-1.439495,59.90441,0,14837.8,2.751789,60.03730,0,14912,0.653833,60.10957,0,42.3975,-1.381898,59.94988,0,54.2383,2.767702,60.02798,0,65.8229,0.569687,60.03264,0,PMU
378,3.158333,14815.1,-1.432476,60.13405,0,14929.2,2.751667,59.99767,0,14852.9,0.649927,59.92540,0,42.4824,-1.377565,60.08276,0,54.358,2.767579,59.99767,0,65.7881,0.569442,59.99534,0,PMU
379,3.166667,14844.5,-1.437359,59.90675,0,14840.3,2.753803,60.04080,0,14913.1,0.655786,60.11191,0,42.5887,-1.380067,59.95221,0,54.3461,2.769472,60.03614,0,65.7963,0.571334,60.03614,0,PMU
380,3.175000,14814.6,-1.430663,60.12789,0,14928,2.753620,59.99650,0,14853.3,0.651819,59.92423,0,42.4286,-1.377565,60.04779,0,54.1568,2.768800,59.98718,0,65.6504,0.570907,59.99184,0,PMU
381,3.183333,14844.4,-1.435528,59.90708,0,14839.3,2.755634,60.03847,0,14912.9,0.657679,60.11191,0,42.3456,-1.379457,59.96386,0,54.1738,2.770814,60.03847,0,65.6971,0.573715,60.05362,0,PMU
382,3.191667,14809.8,-1.429137,60.12206,0,14923.2,2.755146,59.99067,0,14848.2,0.653467,59.91957,0,42.2375,-1.376283,60.06061,0,54.1104,2.771242,60.00816,0,65.5977,0.574203,60.00932,0,PMU
383,3.200000,14842.5,-1.434368,59.90008,0,14837.4,2.756855,60.03264,0,14909.8,0.658899,60.10375,0,42.2593,-1.378847,59.95104,0,54.1882,2.774415,60.06062,0,65.8438,0.576706,60.04779,0,PMU
384,3.208333,14812.1,-1.427611,60.12906,0,14924.8,2.756794,59.99883,0,14850.6,0.655054,59.92656,0,42.218,-1.374147,60.08976,0,54.3924,2.775453,60.01982,0,66.006,0.576828,60.00233,0,PMU
385,3.216667,14843,-1.432537,59.90591,0,14837.4,2.758625,60.03497,0,14908.7,0.660667,60.10720,0,42.3819,-1.375368,59.97669,0,54.3073,2.776918,60.02798,0,66.1079,0.579696,60.05479,0,PMU
386,3.225000,14811,-1.425719,60.13022,0,14927.6,2.758747,60.00233,0,14850.5,0.656702,59.92427,0,42.3125,-1.372011,60.06411,0,54.1699,2.777162,60.00466,0,66.1778,0.578964,59.98601,0,PMU
387,3.233333,14843.4,-1.430663,59.90558,0,14837.1,2.760700,60.03730,0,14910.6,0.662742,60.11536,0,42.363,-1.374147,59.95920,0,54.0409,2.778504,60.02564,0,66.1165,0.580978,60.03847,0,PMU
388,3.241667,14813.1,-1.423522,60.13638,0,14927.9,2.760761,60.00117,0,14849.8,0.658838,59.92544,0,42.2377,-1.370851,60.06295,0,53.9326,2.779664,60.02215,0,66.0793,0.580612,59.99301,0,PMU
389,3.250000,14842.7,-1.428465,59.90558,0,14838.4,2.762758,60.03813,0,14909.7,0.664634,60.11070,0,42.3394,-1.373720,59.94521,0,53.9545,2.781190,60.02914,0,66.1841,0.581466,60.01632,0,PMU
390,3.258333,14813.3,-1.421568,60.13172,0,14928.1,2.762880,60.00233,0,14852.1,0.660911,59.92889,0,42.118,-1.369813,60.07460,0,53.7928,2.781983,60.01515,0,65.9524,0.582015,60.01049,0,PMU
391,3.266667,14844,-1.426329,59.90908,0,14839.3,2.764772,60.03614,0,14909.1,0.666710,60.11074,0,42.1499,-1.371889,59.96037,0,53.6682,2.783143,60.02215,0,65.8531,0.582321,60.00583,0,PMU
392,3.275000,14812.7,-1.419554,60.12939,0,14928,2.764833,60.00117,0,14851.6,0.662864,59.92656,0,41.9081,-1.367389,60.08593,0,53.5094,2.783631,60.00933,0,65.4584,0.581710,59.98835,0,PMU
393,3.283333,14845,-1.424376,59.90791,0,14839.2,2.766664,60.03497,0,14909.3,0.668724,60.11191,0,41.9096,-1.369647,59.95687,0,53.5752,2.785523,60.03614,0,65.3458,0.582382,60.01282,0,PMU
394,3.291667,14813.4,-1.417479,60.13172,0,14928.5,2.766725,60.00117,0,14852.1,0.664879,59.92656,0,41.8121,-1.363727,60.11307,0,53.5559,2.785951,60.00816,0,65.0838,0.584335,60.03730,0,PMU
395,3.300000,14844.9,-1.422362,59.90675,0,14838.3,2.768495,60.03380,0,14908.5,0.670677,60.11074,0,41.8084,-1.367450,59.92889,0,53.6726,2.787232,60.02448,0,65.0952,0.584518,60.00350,0,PMU
396,3.308333,14812.6,-1.415526,60.13055,0,14929.2,2.768495,60.00000,0,14851.7,0.666649,59.92307,0,41.742,-1.361408,60.11540,0,53.6595,2.787599,60.00699,0,64.8985,0.585922,60.02681,0,PMU
397,3.316667,14844.3,-1.420470,59.90558,0,14837.9,2.770448,60.03730,0,14909.2,0.672630,60.11424,0,41.8876,-1.364276,59.94521,0,53.649,2.788270,60.01282,0,64.9483,0.586959,60.01982,0,PMU
398,3.325000,14812.3,-1.413756,60.12822,0,14928.3,2.770387,59.99883,0,14851.3,0.668602,59.92306,0,41.845,-1.358844,60.10375,0,53.6687,2.788819,60.01049,0,64.8673,0.588912,60.03730,0,PMU
399,3.333333,14844.7,-1.418456,59.91025,0,14838,2.772340,60.03730,0,14907.8,0.674461,60.11191,0,41.8215,-1.361774,59.94405,0,53.6859,2.789308,60.00933,0,64.9264,0.589645,60.01399,0,PMU
400,3.341667,14811.3,-1.411803,60.12705,0,14927.4,2.772340,60.00000,0,14851.3,0.670433,59.92306,0,41.8699,-1.355365,60.12240,0,53.7316,2.790467,60.02215,0,64.9448,0.591903,60.04313,0,PMU
401,3.350000,14844.9,-1.416625,59.90792,0,14837,2.774171,60.03497,0,14907.1,0.676353,60.11307,0,41.9141,-1.359027,59.93006,0,53.7818,2.791627,60.02215,0,65.0493,0.591415,59.99067,0,PMU
402,3.358333,14810.6,-1.409911,60.12822,0,14928.1,2.774232,60.00117,0,14850.8,0.672203,59.92074,0,41.8601,-1.353412,60.10724,0,53.8209,2.792542,60.01749,0,65.0726,0.593917,60.04779,0,PMU
403,3.366667,14844.2,-1.414916,59.90441,0,14836.3,2.776124,60.03614,0,14909,0.678245,60.11540,0,41.9309,-1.357807,59.91608,0,53.7543,2.793090,60.01045,0,65.1152,0.593795,59.99767,0,PMU
404,3.375000,14812.2,-1.408141,60.12939,0,14928.4,2.776002,59.99767,0,14851.1,0.674095,59.92074,0,41.9383,-1.353351,60.08509,0,53.768,2.794554,60.02798,0,65.1768,0.596053,60.04313,0,PMU
405,3.383333,14843.8,-1.413024,59.90675,0,14838.6,2.777894,60.03613,0,14907.7,0.679893,60.11073,0,41.9338,-1.356830,59.93356,0,53.6957,2.795592,60.01982,0,65.2179,0.596175,60.00233,0,PMU
406,3.391667,14813.6,-1.406249,60.12939,0,14929.8,2.777955,60.00117,0,14852.5,0.675926,59.92423,0,41.918,-1.351520,60.10141,0,53.7116,2.797057,60.02798,0,65.3165,0.599591,60.06524,0,PMU
407,3.400000,14845.7,-1.410827,59.91257,0,14839.6,2.779908,60.03730,0,14907.1,0.681968,60.11540,0,41.8818,-1.354816,59.93706,0,53.7347,2.797789,60.01399,0,65.3357,0.597821,59.96620,0,PMU
408,3.408333,14812.9,-1.404235,60.12589,0,14930.3,2.779847,59.99883,0,14851.3,0.677818,59.92073,0,41.7964,-1.349994,60.09208,0,53.5536,2.798217,60.00816,0,65.0973,0.600446,60.05012,0,PMU
409,3.416667,14845.3,-1.408934,59.91024,0,14841,2.781922,60.03963,0,14908,0.683860,60.11540,0,41.8177,-1.352497,59.95221,0,53.4495,2.799376,60.02215,0,64.9275,0.598493,59.96270,0,PMU
410,3.425000,14812.6,-1.402404,60.12473,0,14929.5,2.781861,59.99883,0,14852.4,0.679832,59.92307,0,41.7756,-1.348285,60.08043,0,53.2732,2.799865,60.00933,0,64.7587,0.601605,60.05945,0,PMU
411,3.433333,14846.9,-1.407103,59.91024,0,14840.3,2.783692,60.03497,0,14907.7,0.685813,60.11424,0,41.7208,-1.350605,59.95570,0,53.3438,2.801085,60.02331,0,64.7134,0.600324,59.97552,0,PMU
412,3.441667,14812.3,-1.400392,60.12818,0,14930.4,2.783753,60.00117,0,14850.7,0.681663,59.92073,0,41.6952,-1.346638,60.07577,0,53.4521,2.802794,60.03264,0,64.802,0.603070,60.05246,0,PMU
413,3.450000,14845.3,-1.405272,59.90679,0,14839.5,2.785523,60.03380,0,14907.5,0.687522,60.11191,0,41.6034,-1.349201,59.95104,0,53.4592,2.803466,60.01282,0,64.7377,0.602704,59.99301,0,PMU
414,3.458333,14811.9,-1.398622,60.12702,0,14929.4,2.785462,59.99883,0,14850.7,0.683433,59.92190,0,41.6268,-1.345905,60.06295,0,53.5737,2.804137,60.01282,0,64.746,0.605390,60.05129,0,PMU
415,3.466667,14846.4,-1.403441,59.90795,0,14840.1,2.787171,60.03264,0,14906.5,0.689353,60.11307,0,41.5196,-1.347065,59.97785,0,53.6351,2.805175,60.01982,0,64.5967,0.604291,59.97902,0,PMU
416,3.475000,14811.5,-1.396730,60.12818,0,14930.5,2.787416,60.00466,0,14851.4,0.685203,59.92073,0,41.4335,-1.343830,60.06178,0,53.56,2.806151,60.01865,0,64.6175,0.607099,60.05362,0,PMU
417,3.483333,14846.5,-1.401549,59.90795,0,14838.6,2.789186,60.03380,0,14907.2,0.691411,60.11857,0,41.3963,-1.345661,59.96503,0,53.597,2.806639,60.00933,0,64.4381,0.607037,59.99883,0,PMU
418,3.491667,14688,-1.396852,60.08972,0,14923.9,2.789552,60.00699,0,14845.3,0.686485,59.90591,0,77.9223,-1.487039,57.29988,0,54.2415,2.788941,59.66199,0,65.0884,0.624432,60.33221,0,PMU
419,3.500000,14506.3,-1.411437,59.72144,0,14817.4,2.791505,60.03730,0,14895.2,0.691001,60.08626,0,161.398,4.164181,47.93034,0,55.6604,2.746418,59.18786,0,67.9184,0.616009,59.83914,0,PMU
420,3.508333,14372.6,-1.415526,59.92190,0,14895.4,2.791383,59.99767,0,14840.6,0.686363,59.91141,0,198.337,4.296526,62.52760,0,56.6183,2.738117,59.84147,0,67.2217,0.601605,59.72490,0,PMU
421,3.516667,14285.1,-1.429198,59.73889,0,14794.8,2.792604,60.02331,0,14891,0.691594,60.09992,0,270.496,4.201410,58.18342,1,58.6858,2.714804,59.55475,0,65.2094,0.588363,59.74709,0,PMU
422,3.525000,14225.8,-1.427367,60.03497,0,14885.2,2.792968,60.00695,0,14835.2,0.687278,59.91756,0,284.77,4.179071,59.57337,1,57.3756,2.717184,60.04546,0,65.4882,0.571823,59.68411,0,POW
423,3.533333,14245.3,-1.430418,59.94172,0,14794.3,2.794493,60.02914,0,14887,0.693303,60.11508,0,287.078,4.169125,59.81003,1,57.0974,2.724753,60.14454,0,64.6499,0.569626,59.95804,0,POW
424,3.541667,14204.6,-1.424376,60.11540,0,14889,2.794982,60.00933,0,14830.9,0.688804,59.91407,0,286.831,4.148434,59.60484,0,56.5434,2.735798,60.21095,0,65.824,0.580185,60.20166,0,POW
425,3.550000,14235.8,-1.427123,59.94754,0,14797.5,2.796508,60.02914,0,14887.7,0.694768,60.11391,0,282.435,4.154415,60.11424,0,56.6134,2.740559,60.09092,0,66.1966,0.586227,60.11540,0,PMU
426,3.558333,14209.1,-1.421691,60.10375,0,14888.6,2.796813,60.00583,0,14831.7,0.690696,59.92223,0,281.143,4.155331,60.01749,0,56.3695,2.747028,60.12356,0,66.0498,0.588790,60.04896,0,PMU
427,3.566667,14238.3,-1.425292,59.93123,0,14796.5,2.798339,60.02914,0,14886.6,0.696782,60.11624,0,280.509,4.164181,60.16902,0,56.1562,2.743488,59.93240,0,65.4958,0.586715,59.96037,0,PMU
428,3.575000,14205.4,-1.419982,60.10141,0,14887.3,2.798583,60.00466,0,14828,0.692510,59.91840,0,282.707,4.157467,59.87178,0,55.8334,2.746235,60.05245,0,65.4717,0.586532,59.99650,0,PMU
429,3.583333,14231.5,-1.423338,59.93589,0,14796.2,2.800353,60.03380,0,14885.4,0.698552,60.11540,0,282.202,4.159542,60.03963,0,55.7251,2.744343,59.96387,0,65.6606,0.588912,60.04546,0,PMU
430,3.591667,14196.4,-1.417662,60.10841,0,14884.5,2.800597,60.00466,0,14826.9,0.694341,59.91957,0,283.742,4.149227,59.80300,0,55.7393,2.748493,60.07926,0,66.0469,0.590560,60.03147,0,PMU
431,3.600000,14226.2,-1.421385,59.92889,0,14794.5,2.802001,60.02681,0,14881.9,0.700200,60.11191,0,281.658,4.158627,60.17951,0,55.7631,2.748371,59.99767,0,65.8895,0.592208,60.03147,0,PMU
432,3.608333,14197.1,-1.415526,60.11190,0,14885.2,2.802367,60.00699,0,14826.9,0.696172,59.92307,0,282.63,4.149777,59.83098,0,55.8714,2.751484,60.05945,0,65.8009,0.589217,59.94288,0,PMU
433,3.616667,14226.5,-1.419432,59.92540,0,14793,2.804015,60.03147,0,14882.1,0.702337,60.11773,0,280.453,4.160275,60.20050,0,55.7354,2.751240,59.99534,0,65.379,0.590682,60.02798,0,PMU
434,3.625000,14197.3,-1.413695,60.10957,0,14882,2.804076,60.00117,0,14822.7,0.698064,59.91840,0,281.801,4.152035,59.84263,0,55.6808,2.751728,60.00933,0,65.2709,0.589706,59.98135,0,PMU
435,3.633333,14228.6,-1.417540,59.92657,0,14793.1,2.805724,60.03147,0,14880.7,0.704046,60.11424,0,279.353,4.161129,60.17368,0,55.7126,2.753742,60.03847,0,65.3719,0.592941,60.06178,0,PMU
436,3.641667,14200.1,-1.411498,60.11540,0,14882.2,2.805907,60.00350,0,14823.4,0.699895,59.92073,0,280.359,4.153317,59.85080,0,55.7979,2.754169,60.00816,0,65.4438,0.592880,59.99883,0,PMU
437,3.650000,14230.5,-1.415160,59.93006,0,14793.6,2.807433,60.02914,0,14879.2,0.705816,60.11307,0,277.675,4.161190,60.15037,0,55.8694,2.756122,60.03730,0,65.6,0.595809,60.05595,0,PMU
438,3.658333,14204.6,-1.409301,60.11191,0,14882.9,2.807677,60.00466,0,14824.3,0.701726,59.92190,0,278.072,4.157467,59.92890,0,55.8687,2.757221,60.02098,0,65.5086,0.594405,59.97319,0,PMU
439,3.666667,14234.5,-1.413512,59.91957,0,14792.3,2.809386,60.03263,0,14880.4,0.707830,60.11656,0,276.646,4.176083,60.35553,0,55.8004,2.757709,60.00933,0,65.4352,0.598920,60.08622,0,PMU
440,3.675000,14193.6,-1.407592,60.11307,0,14881.3,2.809630,60.00466,0,14823.1,0.703618,59.91957,0,282.414,4.153927,59.57686,0,55.6509,2.754718,59.94288,0,65.5445,0.595992,59.94409,0,PMU
441,3.683333,14226.3,-1.411620,59.92307,0,14792.1,2.811217,60.03031,0,14879.6,0.709661,60.11540,0,278.891,4.159664,60.10957,0,55.6259,2.758869,60.07927,0,65.5856,0.595565,59.99184,0,PMU
442,3.691667,14200.6,-1.405455,60.11773,0,14881.3,2.811400,60.00350,0,14823.7,0.705633,59.92307,0,278.317,4.160885,60.02331,0,55.7514,2.761615,60.05246,0,65.2797,0.595626,60.00117,0,PMU
443,3.700000,14237.1,-1.409667,59.91957,0,14791.8,2.812865,60.02798,0,14879.4,0.711614,60.11423,0,276.44,4.168270,60.14105,0,55.7592,2.763063,60.02764,0,65.4273,0.600263,60.08855,0,PMU
444,3.708333,14209.3,-1.402953,60.12822,0,14883.6,2.813231,60.00699,0,14823.9,0.707524,59.92190,0,275.31,4.163082,59.90092,0,55.7237,2.764100,60.01982,0,65.4326,0.599469,59.98485,0,PMU
445,3.716667,14241.8,-1.407164,59.91957,0,14792.7,2.814879,60.03147,0,14880.8,0.713628,60.11657,0,273.383,4.173214,60.19350,0,55.5976,2.765748,60.03147,0,65.4123,0.603497,60.07694,0,PMU
446,3.725000,14204.8,-1.401000,60.11773,0,14883.1,2.815184,60.00583,0,14824.9,0.709538,59.92190,0,276.781,4.167355,59.88809,0,55.7733,2.765016,59.98601,0,65.3299,0.601666,59.96503,0,PMU
447,3.733333,14232.7,-1.405639,59.91141,0,14792,2.816771,60.03031,0,14879,0.715520,60.11424,0,277.324,4.170650,60.06295,0,55.9177,2.765932,60.01749,0,65.4177,0.603864,60.04196,0,PMU
448,3.741667,14198.4,-1.399598,60.11536,0,14882.2,2.816954,60.00350,0,14823.9,0.711247,59.91840,0,278.387,4.166866,59.92773,0,56.1692,2.767030,60.02098,0,65.4255,0.602338,59.97086,0,PMU
449,3.750000,14228.6,-1.404235,59.91145,0,14791.1,2.818541,60.03031,0,14880.6,0.717229,60.11424,0,278.843,4.173702,60.13056,0,56.2404,2.767702,60.01282,0,65.6446,0.607099,60.09092,0,PMU
450,3.758333,14196,-1.398011,60.11886,0,14880.9,2.818663,60.00233,0,14823.6,0.713140,59.92190,0,280.831,4.165035,59.83447,0,56.4026,2.766481,59.97669,0,65.6503,0.605573,59.97086,0,PMU
451,3.766667,14223.3,-1.402099,59.92194,0,14791.1,2.820289,60.03105,0,14877.7,0.718938,60.11074,0,279.43,4.167965,60.05595,0,56.2404,2.767824,60.02565,0,65.8125,0.608258,60.05129,0,PMU
452,3.775000,14189.7,-1.396119,60.11420,0,14880.9,2.820472,60.00350,0,14824.6,0.714910,59.92306,0,281.454,4.161617,59.87877,0,56.5605,2.766908,59.98251,0,65.7458,0.606671,59.96969,0,PMU
453,3.783333,14224.6,-1.400209,59.92190,0,14791.4,2.821998,60.02914,0,14876.7,0.720830,60.11307,0,279.114,4.170040,60.16086,0,56.5919,2.770509,60.06877,0,65.8185,0.608807,60.04080,0,PMU
454,3.791667,14191.3,-1.394288,60.11307,0,14881.3,2.822120,60.00233,0,14823.1,0.716557,59.91840,0,280.448,4.166622,59.93472,0,56.6313,2.769105,59.97319,0,65.6964,0.608869,60.00117,0,PMU
455,3.800000,14250.4,-1.399476,59.90092,0,14791.4,2.823707,60.03031,0,14880,0.722781,60.11886,0,273.26,4.181818,60.29021,0,56.5448,2.776491,60.14105,0,65.754,0.610639,60.03380,0,PMU
456,3.808333,14487.2,-1.389039,60.19933,0,14888.1,2.822852,59.98368,0,14837.4,0.719853,59.94409,0,205.221,4.225928,60.84244,1,56.4407,2.808775,60.61659,0,64.0132,0.601605,59.82748,0,PMU
457,3.816667,14596.2,-1.373109,60.30424,0,14825.2,2.825416,60.04896,0,14883.2,0.727236,60.14101,0,112.103,4.058006,56.79293,1,53.0398,2.852025,60.82600,0,63.4328,0.601666,60.00117,0,POW
458,3.825000,14695.8,-1.359394,60.26195,0,14921.5,2.825538,60.00233,0,14837.9,0.723391,59.92656,0,63.5835,4.466260,67.79707,1,53.1709,2.869846,60.34037,0,63.8268,0.639368,60.72005,0,POW
459,3.833333,14657.4,-1.364398,59.90441,0,14829.5,2.827796,60.04313,0,14888.4,0.729006,60.10724,0,77.7954,4.136050,53.69345,1,53.291,2.850743,59.63515,0,67.2513,0.658289,60.36136,0,POW
460,3.841667,14689.5,-1.356708,60.14688,0,14920.1,2.827918,60.00233,0,14843.8,0.725161,59.92656,0,62.5013,4.450025,65.99648,1,52.0793,2.841590,59.82519,0,66.7507,0.655909,59.95454,0,POW
461,3.850000,14699.8,-1.363910,59.86245,0,14827.3,2.829871,60.03730,0,14894.4,0.731570,60.12240,0,71.1436,4.325637,57.62437,1,52.3597,2.835913,59.89159,0,65.0463,0.645105,59.79367,0,POW
462,3.858333,14704.3,-1.356708,60.13755,0,14916.8,2.829871,60.00000,0,14844.3,0.727725,59.92656,0,65.4232,4.491892,63.17524,1,51.8171,2.834143,59.96620,0,63.5723,0.643458,59.96853,0,POW
463,3.866667,14733.6,-1.362140,59.89625,0,14828.2,2.831519,60.03147,0,14894.2,0.733767,60.11540,0,67.4056,4.443267,59.07133,1,52.262,2.838355,60.08043,0,63.7527,0.648035,60.08742,0,POW
464,3.875000,14709.8,-1.353962,60.15620,0,14920.2,2.831824,60.00583,0,14843.5,0.729434,59.91724,0,64.0799,4.459973,60.31906,1,51.7923,2.837928,59.99184,0,64.5896,0.653528,60.10491,0,POW
465,3.883333,14742.5,-1.359455,59.89509,0,14829.7,2.833594,60.03380,0,14896.9,0.735598,60.11773,0,63.3591,4.487193,60.51985,1,51.9244,2.840552,60.05012,0,64.8785,0.655786,60.04313,0,POW
466,3.891667,14714,-1.352375,60.13521,0,14919.9,2.833716,60.00233,0,14845.1,0.731326,59.91840,0,63.2155,4.488902,60.03264,1,51.8226,2.838843,59.96736,0,64.5216,0.655664,59.99767,0,POW
467,3.900000,14757.4,-1.357990,59.89276,0,14832.6,2.835303,60.03031,0,14898.7,0.737551,60.11890,0,62.4837,4.547048,61.11052,1,52.0853,2.841956,60.05945,0,64.1587,0.653345,59.95570,0,POW
468,3.908333,14720.2,-1.350910,60.13521,0,14918.8,2.835669,60.00699,0,14847.4,0.733401,59.92073,0,62.6978,4.509348,59.27998,1,52.0403,2.841162,59.98485,0,64.0891,0.655909,60.04896,0,POW
469,3.916667,14768.6,-1.356159,59.89976,0,14831.2,2.836829,60.02215,0,14898.7,0.739565,60.11773,0,60.9486,4.579989,61.34915,1,52.2621,2.844641,60.06644,0,64.313,0.657923,60.03847,0,POW
470,3.925000,14725.7,-1.348713,60.14221,0,14923.1,2.837378,60.01049,0,14848.3,0.735171,59.91608,0,61.4769,4.527885,59.00489,1,52.2718,2.843848,59.98485,0,64.8174,0.662132,60.08039,0,POW
471,3.933333,14775,-1.354084,59.89742,0,14832.9,2.838904,60.02914,0,14901.7,0.741518,60.12123,0,59.8407,4.609772,61.56392,1,52.2424,2.846473,60.05012,0,64.8313,0.662193,60.00117,0,POW
472,3.941667,14730.3,-1.346943,60.13639,0,14923.1,2.839392,60.00932,0,14849.7,0.737124,59.91608,0,60.619,4.553335,58.92213,1,52.1424,2.844947,59.97086,0,64.7116,0.663658,60.02798,0,POW
473,3.950000,14783,-1.352192,59.89975,0,14834.2,2.840735,60.02565,0,14902.5,0.743533,60.12239,0,58.9441,4.639368,61.64311,1,52.2738,2.847813,60.05475,0,64.4038,0.662254,59.97319,0,POW
474,3.958333,14735.9,-1.344990,60.13755,0,14925.1,2.841346,60.01166,0,14850.3,0.739138,59.91607,0,59.5762,4.575045,58.77153,1,52.2236,2.847874,60.00117,0,64.4965,0.665001,60.05246,0,POW
475,3.966667,14786.9,-1.350178,59.90092,0,14834.5,2.842688,60.02565,0,14903,0.745425,60.12007,0,57.885,4.660364,61.62946,1,52.3216,2.850560,60.05129,0,64.4841,0.665550,60.01049,0,POW
476,3.975000,14740,-1.343220,60.13289,0,14924.2,2.843238,60.01049,0,14851.9,0.741091,59.91724,0,58.7382,4.598300,58.81466,1,52.22,2.850193,59.99301,0,64.7168,0.669578,60.07693,0,POW
477,3.983333,14792,-1.348224,59.90441,0,14835.4,2.844519,60.02448,0,14902.9,0.747378,60.12006,0,57.4807,4.685691,61.66905,1,52.2869,2.852635,60.04663,0,64.6399,0.669883,60.00583,0,POW
478,3.991667,14744.3,-1.341389,60.13056,0,14926,2.845191,60.01282,0,14853.4,0.743044,59.91724,0,58.2928,4.625580,58.85197,1,52.1902,2.852574,59.99883,0,64.7116,0.672142,60.04313,0,POW
479,4.000000,14797,-1.346332,59.90558,0,14834.2,2.846473,60.02448,0,14902.8,0.749453,60.12240,0,56.9287,4.703984,61.49741,1,52.2274,2.854832,60.04313,0,64.5508,0.671653,59.99067,0,POW
480,4.008333,14747.6,-1.339374,60.13289,0,14926.3,2.846959,60.00928,0,14850.7,0.744875,59.91257,0,57.5157,4.644678,58.86734,1,52.2256,2.854222,59.98834,0,64.6965,0.673179,60.02914,0,POW
481,4.016667,14799.7,-1.344379,59.90441,0,14835.6,2.848423,60.02798,0,14904.5,0.751284,60.12240,0,56.2997,-1.564039,61.42224,1,52.316,2.856968,60.05246,0,64.6217,0.674095,60.01749,0,POW
482,4.025000,14751.2,-1.337607,60.12935,0,14926.9,2.848851,60.00816,0,14853.2,0.746706,59.91257,0,56.9664,4.667014,59.00435,1,52.211,2.856846,59.99767,0,64.7137,0.675499,60.02681,0,POW
483,4.033333,14804.5,-1.342426,59.90795,0,14837.8,2.850132,60.02448,0,14905.3,0.753115,60.12240,0,55.8834,-1.547211,61.31704,0,52.2778,2.858494,60.03147,0,64.5556,0.676414,60.01748,0,POW
484,4.041667,14754.7,-1.335653,60.12935,0,14928.6,2.850804,60.01282,0,14854.3,0.748659,59.91491,0,56.4388,4.686484,59.05480,0,52.1928,2.859044,60.01049,0,64.7088,0.677024,60.01166,0,PMU
485,4.050000,14807.3,-1.340595,59.90562,0,14836.8,2.852086,60.02448,0,14905.8,0.755051,60.12206,0,55.4563,-1.533051,61.21563,0,52.1795,2.860142,60.02098,0,64.44,0.678794,60.03380,0,PMU
486,4.058333,14759.5,-1.333822,60.12935,0,14929.8,2.852513,60.00816,0,14854.1,0.750490,59.91291,0,55.8369,4.705388,59.14540,0,52.146,2.860753,60.01166,0,64.5439,0.679099,60.00583,0,PMU
487,4.066667,14811.1,-1.338581,59.90912,0,14839.6,2.853978,60.02798,0,14907,0.756943,60.12323,0,54.7657,-1.518588,61.13083,0,52.1031,2.863072,60.04429,0,64.534,0.681663,60.04896,0,PMU
488,4.075000,14762.8,-1.331930,60.12702,0,14930.1,2.854405,60.00816,0,14855.4,0.752383,59.91291,0,54.9547,-1.560072,59.20772,0,52.1046,2.862888,59.99650,0,64.6969,0.681602,59.99883,0,PMU
489,4.083333,14815.8,-1.336630,59.91024,0,14840,2.855687,60.02448,0,14906.6,0.758835,60.12323,0,53.8394,-1.504245,61.06621,0,52.2089,2.865086,60.04196,0,64.6185,0.683189,60.03031,0,PMU
490,4.091667,14767.6,-1.329794,60.13056,0,14932.5,2.856358,60.01282,0,14855.9,0.754379,59.91491,0,53.876,-1.542206,59.27500,0,52.1759,2.865757,60.01282,0,64.6755,0.683189,60.00000,0,PMU
491,4.100000,14818.6,-1.334555,59.90908,0,14839.6,2.857701,60.02565,0,14907,0.760849,60.12356,0,52.8352,-1.491189,60.97435,0,52.2627,2.867344,60.03031,0,64.5877,0.685630,60.04663,0,PMU
492,4.108333,14770.4,-1.327963,60.12589,0,14931.8,2.858250,60.01049,0,14856.4,0.756271,59.91257,0,53.1306,-1.524750,59.35903,0,52.269,2.867771,60.00816,0,64.6622,0.685630,60.00000,0,PMU
493,4.116667,14822.6,-1.332480,59.91374,0,14841.8,2.859654,60.02681,0,14907.4,0.762863,60.12589,0,52.4849,-1.473733,60.97435,0,52.4154,2.869114,60.02565,0,64.6049,0.687522,60.03614,0,PMU
494,4.125000,14773,-1.325827,60.12706,0,14933.2,2.860203,60.01049,0,14855.9,0.758225,59.91141,0,52.7282,-1.505893,59.38580,0,52.3142,2.869175,60.00117,0,64.6106,0.687339,59.99650,0,PMU
495,4.133333,14825.7,-1.330465,59.91141,0,14841.5,2.861668,60.02798,0,14909.7,0.764877,60.12706,0,51.8268,-1.462932,60.82048,0,52.2894,2.870030,60.01632,0,64.5287,0.689842,60.04779,0,PMU
496,4.141667,14776.6,-1.323691,60.12939,0,14930.4,2.862095,60.00816,0,14854.9,0.760483,59.91607,0,51.761,-1.495944,59.36952,0,52.23,2.870152,60.00233,0,64.5181,0.690330,60.00933,0,PMU
497,4.150000,14825.7,-1.328390,59.91024,0,14840.2,2.863316,60.02331,0,14905.9,0.766708,60.11890,0,51.0143,-1.453655,60.80766,0,52.2811,2.872166,60.03847,0,64.4873,0.692083,60.03348,0,PMU
498,4.158333,14777.5,-1.321860,60.12472,0,14931.2,2.863926,60.01166,0,14854.9,0.762192,59.91374,0,51.5699,-1.479409,59.50813,0,52.2553,2.872715,60.01049,0,64.7133,0.693609,60.02914,0,PMU
499,4.166667,14828.1,-1.326559,59.91025,0,14840.7,2.865086,60.02215,0,14905.4,0.768417,60.11890,0,51.245,-1.438275,60.78562,0,52.2558,2.873753,60.01982,0,64.7825,0.696599,60.05712,0,PMU
500,4.175000,14779.8,-1.320090,60.12356,0,14933.4,2.865635,60.01049,0,14855.1,0.763718,59.91024,0,51.8033,-1.464944,59.49064,0,52.2808,2.874119,60.00699,0,65.0977,0.696416,59.99650,0,PMU
501,4.183333,14829.9,-1.324850,59.90908,0,14841.7,2.866917,60.02448,0,14907.3,0.770126,60.12239,0,51.4834,-1.429869,60.66989,0,52.2553,2.874790,60.01282,0,65.1413,0.698858,60.04663,0,PMU
502,4.191667,14782.5,-1.318259,60.12589,0,14933.3,2.867466,60.01049,0,14856.7,0.765671,59.91491,0,52.0544,-1.453838,59.54222,0,52.4674,2.875157,60.00699,0,65.3414,0.698614,59.99534,0,PMU
503,4.200000,14831.5,-1.322836,59.91257,0,14843.6,2.868748,60.02448,0,14907.1,0.772018,60.12123,0,51.6814,-1.421385,60.61980,0,52.4439,2.877049,60.03614,0,65.238,0.699956,60.02564,0,PMU
504,4.208333,14783.3,-1.316245,60.12589,0,14935,2.869480,60.01399,0,14857,0.767624,59.91608,0,52.1233,-1.443646,59.57486,0,52.426,2.877110,60.00117,0,65.2498,0.700445,60.00933,0,PMU
505,4.216667,14827.2,-1.320883,59.91141,0,14843.8,2.870823,60.02564,0,14907.2,0.774093,60.12356,0,52.8722,-1.423949,60.37618,0,52.3243,2.879106,60.03813,0,65.1269,0.701970,60.02914,0,PMU
506,4.225000,14776.1,-1.314780,60.11657,0,14934.1,2.871433,60.01166,0,14856.6,0.769516,59.91257,0,54.0393,-1.499789,58.55155,0,52.3633,2.878191,59.98251,0,65.2354,0.700872,59.97902,0,PMU
507,4.233333,14824.4,-1.319235,59.91491,0,14842.6,2.872654,60.02331,0,14906.4,0.775985,60.12356,0,52.9562,-1.456768,60.82165,0,52.4248,2.880815,60.05012,0,65.1224,0.701848,60.01865,0,PMU
508,4.241667,14779,-1.313071,60.11773,0,14933.4,2.873325,60.01282,0,14857.2,0.771469,59.91374,0,54.2528,-1.458416,59.96853,0,52.5527,2.882646,60.03497,0,65.0408,0.702642,60.01515,0,PMU
509,4.250000,14826.2,-1.317587,59.91374,0,14841.4,2.874546,60.02331,0,14906.4,0.777939,60.12356,0,54.0313,-1.447003,60.21798,0,52.5272,2.883867,60.02331,0,64.9664,0.704961,60.04430,0,PMU
510,4.258333,14782.3,-1.310996,60.12589,0,14933.7,2.875157,60.01166,0,14855.9,0.773422,59.91374,0,54.2282,-1.443340,60.06994,0,52.4222,2.883684,59.99650,0,64.9932,0.705755,60.01515,0,PMU
511,4.266667,14825.8,-1.315573,59.91257,0,14842.5,2.876438,60.02448,0,14905.9,0.779709,60.12006,0,53.7939,-1.442974,60.00699,0,52.3511,2.885271,60.03031,0,65.0013,0.707463,60.03263,0,PMU
512,4.275000,14783,-1.309226,60.12123,0,14933.4,2.877049,60.01166,0,14857.1,0.775253,59.91491,0,54.0261,-1.437420,60.10608,0,52.3637,2.885027,59.99534,0,64.9661,0.707280,59.99650,0,PMU
513,4.283333,14827.7,-1.313681,59.91491,0,14843,2.878313,60.02415,0,14905.3,0.781662,60.12240,0,53.6553,-1.434002,60.06528,0,52.3631,2.887895,60.05479,0,64.8531,0.708623,60.02565,0,PMU
514,4.291667,14781.9,-1.307456,60.11890,0,14932.7,2.878923,60.01166,0,14856.3,0.777084,59.91257,0,53.9501,-1.427733,60.11973,0,52.3523,2.887651,59.99534,0,64.8283,0.708562,59.99883,0,PMU
515,4.300000,14831.3,-1.311850,59.91607,0,14843.1,2.880144,60.02331,0,14906.1,0.783615,60.12473,0,53.6952,-1.421752,60.11424,0,52.3626,2.889787,60.04080,0,64.7646,0.711003,60.04663,0,PMU
516,4.308333,14784.1,-1.305337,60.12440,0,14935.5,2.880815,60.01282,0,14855.1,0.778976,59.91141,0,53.919,-1.421324,60.00816,0,52.3831,2.889787,60.00000,0,64.866,0.710576,59.99184,0,PMU
517,4.316667,14831.9,-1.309958,59.91174,0,14842.9,2.882036,60.02331,0,14905.5,0.785414,60.12295,0,53.5315,-1.410766,60.20166,0,52.2746,2.892046,60.04313,0,64.8351,0.713506,60.05595,0,PMU
518,4.325000,14785.8,-1.303567,60.12206,0,14934.7,2.882585,60.01049,0,14855.4,0.780807,59.91202,0,53.7492,-1.410277,60.00933,0,52.2865,2.891619,59.99184,0,64.853,0.713628,60.00233,0,PMU
519,4.333333,14834.4,-1.308127,59.91291,0,14844.6,2.883806,60.02331,0,14904.6,0.787182,60.12174,0,53.3515,-1.396058,60.27156,0,52.2816,2.894914,60.06294,0,64.8467,0.715642,60.03847,0,PMU
520,4.341667,14786.8,-1.301675,60.12323,0,14934.8,2.884416,60.01166,0,14854.8,0.782638,59.91323,0,53.5675,-1.397889,59.96503,0,52.3698,2.894548,59.99301,0,65.0355,0.715764,60.00233,0,PMU
521,4.350000,14834.4,-1.306313,59.91141,0,14843.1,2.885637,60.02331,0,14904.5,0.789074,60.12291,0,53.2892,-1.383424,60.27626,0,52.3252,2.898027,60.06644,0,65.0567,0.718755,60.05712,0,PMU
522,4.358333,14788.4,-1.299966,60.12123,0,14932.7,2.886186,60.01049,0,14855,0.784530,59.91323,0,53.6239,-1.385926,59.95221,0,52.3716,2.896989,59.98018,0,65.1146,0.718877,60.00233,0,PMU
523,4.366667,14837.3,-1.304360,59.91607,0,14842.9,2.887285,60.02098,0,14903.4,0.790966,60.12291,0,53.3616,-1.370729,60.29025,0,52.3502,2.900285,60.06295,0,65.154,0.721623,60.05246,0,PMU
524,4.375000,14789.3,-1.298013,60.12123,0,14933.9,2.888017,60.01399,0,14855,0.786327,59.91141,0,53.691,-1.375795,59.90325,0,52.3295,2.899003,59.97552,0,65.3083,0.722051,60.00816,0,PMU
525,4.383333,14838.6,-1.302590,59.91257,0,14842.1,2.889177,60.02215,0,14904,0.792858,60.12473,0,53.583,-1.360309,60.29576,0,52.3791,2.902299,60.06295,0,65.4135,0.723818,60.03376,0,PMU
526,4.391667,14791.8,-1.296120,60.12356,0,14933.5,2.889787,60.01166,0,14852.9,0.788280,59.91257,0,53.7328,-1.366657,59.87877,0,52.3139,2.900468,59.96503,0,65.3456,0.724185,60.00699,0,PMU
527,4.400000,14839.9,-1.300515,59.91607,0,14844.3,2.891069,60.02448,0,14902.1,0.794628,60.12123,0,53.2066,-1.350300,60.31240,0,52.3011,2.905046,60.08743,0,65.4413,0.725772,60.03031,0,PMU
528,4.408333,14791.9,-1.294167,60.12123,0,14933.2,2.891863,60.01515,0,14853.7,0.790172,59.91491,0,53.1137,-1.358539,59.84264,0,52.1101,2.903459,59.96969,0,65.4788,0.726748,60.01865,0,PMU
529,4.416667,14842.3,-1.298562,59.91607,0,14843.2,2.892839,60.01865,0,14900.9,0.796520,60.12123,0,52.563,-1.343830,60.28092,0,52.1669,2.906572,60.05945,0,65.5722,0.728274,60.02914,0,PMU
530,4.425000,14793.3,-1.292031,60.12473,0,14935.1,2.893693,60.01631,0,14851.8,0.791881,59.91141,0,52.5934,-1.351764,59.84846,0,52.1039,2.905656,59.98251,0,65.731,0.728274,60.00000,0,PMU
531,4.433333,14842.3,-1.296548,59.91374,0,14844.2,2.894792,60.02098,0,14901.1,0.798229,60.12123,0,52.0888,-1.337362,60.27506,0,52.1062,2.909257,60.06878,0,65.8331,0.729983,60.03264,0,PMU
532,4.441667,14794.4,-1.290017,60.12472,0,14936.1,2.895586,60.01515,0,14851.7,0.793651,59.91257,0,52.0916,-1.345905,59.83685,0,52.0032,2.908708,59.98951,0,65.8782,0.730044,60.00117,0,PMU
533,4.450000,14842.7,-1.294534,59.91374,0,14845,2.896745,60.02215,0,14900.7,0.799999,60.12123,0,51.6402,-1.331076,60.28322,0,52.0194,2.912124,60.06524,0,65.8736,0.731509,60.02798,0,PMU
534,4.458333,14794.9,-1.288247,60.12006,0,14936.2,2.897478,60.01399,0,14852.2,0.795482,59.91374,0,52.0911,-1.338278,59.86245,0,51.9881,2.910903,59.97669,0,65.925,0.731631,60.00233,0,PMU
535,4.466667,14844.5,-1.292764,59.91374,0,14845.5,2.898637,60.02215,0,14900.4,0.801891,60.12239,0,51.9774,-1.322165,60.30773,0,52.0133,2.914138,60.06178,0,65.8098,0.733035,60.02681,0,PMU
536,4.475000,14795.6,-1.286538,60.11889,0,14935.7,2.899431,60.01515,0,14852.2,0.797374,59.91374,0,52.2909,-1.331808,59.81583,0,51.8769,2.913100,59.98018,0,65.7689,0.732791,59.99534,0,PMU
537,4.483333,14845.2,-1.291055,59.91374,0,14845.1,2.900407,60.01865,0,14899.2,0.803722,60.12123,0,52.0629,-1.317038,60.28209,0,51.9436,2.915847,60.05246,0,65.5541,0.733889,60.02098,0,PMU
538,4.491667,14796.7,-1.284707,60.12123,0,14936.8,2.901323,60.01749,0,14852.9,0.799266,59.91491,0,52.4827,-1.326132,59.82632,0,51.8946,2.915115,59.98601,0,65.5554,0.733950,60.00117,0,PMU
539,4.500000,14845.6,-1.289102,59.91607,0,14846.6,2.902360,60.01982,0,14899.4,0.805614,60.12123,0,52.1061,-1.313925,60.23313,0,51.9956,2.918777,60.06994,0,65.4975,0.735476,60.02914,0,PMU
540,4.508333,14796.1,-1.282876,60.11890,0,14937.6,2.903093,60.01399,0,14852.4,0.800975,59.91141,0,52.1597,-1.323385,59.81932,0,51.854,2.917190,59.96969,0,65.4188,0.735720,60.00466,0,PMU
541,4.516667,14845.9,-1.287393,59.91374,0,14845.9,2.904130,60.01982,0,14899.7,0.807384,60.12239,0,51.6219,-1.311606,60.22497,0,51.9362,2.920425,60.06178,0,65.3832,0.737185,60.02798,0,PMU
542,4.525000,14797.1,-1.281106,60.12006,0,14935.7,2.904802,60.01282,0,14851.6,0.802806,59.91257,0,51.8504,-1.319479,59.84963,0,51.8203,2.918471,59.96270,0,65.2521,0.738161,60.01865,0,PMU
543,4.533333,14846.5,-1.285562,59.91491,0,14847,2.905778,60.01865,0,14897.5,0.809093,60.12007,0,51.7163,-1.307107,60.23630,0,52.09,2.922011,60.06761,0,65.372,0.739321,60.02215,0,PMU
544,4.541667,14795.6,-1.279397,60.11773,0,14935.9,2.906755,60.01865,0,14852.6,0.804454,59.91141,0,52.3312,-1.314108,59.86628,0,51.9486,2.920486,59.97086,0,65.5338,0.740481,60.02215,0,PMU
545,4.550000,14847.4,-1.283853,59.91491,0,14844.3,2.907548,60.01515,0,14897.4,0.810985,60.12473,0,52.4734,-1.300332,60.26311,0,52.1095,2.922134,60.03147,0,65.4338,0.742007,60.02914,0,PMU
546,4.558333,14796.4,-1.277566,60.12006,0,14936.8,2.908464,60.01749,0,14850.6,0.806163,59.90791,0,53.04,-1.308432,59.84530,0,51.843,2.921584,59.98951,0,65.4852,0.742617,60.01166,0,PMU
547,4.566667,14846.7,-1.282144,59.91257,0,14844.6,2.909499,60.01978,0,14899.2,0.812694,60.12473,0,52.9608,-1.295815,60.24096,0,51.9387,2.923659,60.03963,0,65.4528,0.744082,60.02798,0,PMU
548,4.575000,14797.3,-1.275798,60.12119,0,14935.3,2.910110,60.01166,0,14851,0.807994,59.91024,0,53.2576,-1.305825,59.80883,0,51.8997,2.923415,59.99534,0,65.575,0.744692,60.01166,0,PMU
549,4.583333,14846.9,-1.280374,59.91262,0,14844.5,2.911086,60.01865,0,14897.8,0.814403,60.12240,0,52.8734,-1.294350,60.21915,0,52.0431,2.925063,60.03147,0,65.6151,0.745791,60.02098,0,PMU
550,4.591667,14798.3,-1.273967,60.12236,0,14935.9,2.911941,60.01632,0,14852.2,0.809764,59.91141,0,53.0471,-1.303262,59.82981,0,52.0152,2.925856,60.01515,0,65.7111,0.746706,60.01749,0,PMU
551,4.600000,14847.7,-1.278360,59.91611,0,14845.3,2.913039,60.02098,0,14898.4,0.816356,60.12589,0,52.6841,-1.290689,60.24013,0,52.0085,2.927687,60.03497,0,65.6849,0.747988,60.02448,0,PMU
552,4.608333,14798.8,-1.272136,60.11886,0,14934.9,2.913772,60.01399,0,14851.8,0.811656,59.91024,0,52.9299,-1.298745,59.84613,0,51.9311,2.927199,59.99067,0,65.7219,0.748476,60.00933,0,PMU
553,4.616667,14849.9,-1.276345,59.91961,0,14845.9,2.914809,60.01982,0,14898.3,0.818231,60.12556,0,52.5559,-1.287820,60.20865,0,52.0124,2.928908,60.03264,0,65.7246,0.749026,60.01049,0,PMU
554,4.625000,14798.2,-1.270122,60.11886,0,14935.7,2.915786,60.01865,0,14851.8,0.813548,59.91058,0,52.6756,-1.295449,59.85429,0,51.8913,2.929824,60.01749,0,65.6812,0.749697,60.01282,0,PMU
555,4.633333,14849.1,-1.274639,59.91374,0,14844.2,2.916579,60.01515,0,14897.6,0.820062,60.12440,0,52.1862,-1.283487,60.22847,0,51.8894,2.931350,60.02914,0,65.5709,0.750857,60.02215,0,PMU
556,4.641667,14799.1,-1.268230,60.12240,0,14936.5,2.917495,60.01748,0,14850.9,0.815440,59.91174,0,52.3868,-1.291665,59.84380,0,51.8301,2.932448,60.02098,0,65.5573,0.751894,60.01982,0,PMU
557,4.650000,14848.7,-1.272808,59.91257,0,14844.8,2.918410,60.01749,0,14897.3,0.821893,60.12323,0,52.0349,-1.279702,60.22847,0,51.8566,2.933120,60.01282,0,65.5465,0.752810,60.01749,0,PMU
558,4.658333,14799.7,-1.266582,60.11890,0,14935.3,2.919265,60.01632,0,14851.1,0.817272,59.91174,0,52.4,-1.287454,59.85196,0,51.7634,2.933730,60.01166,0,65.5458,0.753952,60.02182,0,PMU
559,4.666667,14849.9,-1.270976,59.91607,0,14845.8,2.920058,60.01515,0,14895.7,0.823541,60.11973,0,52.2113,-1.274211,60.25291,0,51.9077,2.935073,60.02565,0,65.566,0.754379,60.00816,0,PMU
560,4.675000,14799,-1.264812,60.11773,0,14935.9,2.921035,60.01865,0,14851,0.818902,59.91141,0,52.5297,-1.283731,59.81819,0,51.7834,2.936354,60.02448,0,65.6025,0.755966,60.03031,0,PMU
561,4.683333,14850.2,-1.269390,59.91257,0,14844.3,2.921767,60.01399,0,14896.4,0.825311,60.12240,0,52.2547,-1.271770,60.22843,0,51.9299,2.936354,60.00000,0,65.5958,0.756455,60.00933,0,PMU
562,4.691667,14800.3,-1.262981,60.12240,0,14937.7,2.922744,60.01865,0,14849.9,0.820672,59.91141,0,52.4544,-1.280252,59.83801,0,51.9755,2.938369,60.03847,0,65.652,0.757248,60.01515,0,PMU
563,4.700000,14849.4,-1.267498,59.91374,0,14844.6,2.923720,60.01865,0,14896.7,0.827081,60.12240,0,52.1017,-1.268047,60.23309,0,52.0556,2.938613,60.00466,0,65.7501,0.758713,60.02798,0,PMU
564,4.708333,14801.4,-1.261211,60.12007,0,14936.9,2.924575,60.01632,0,14851.1,0.822503,59.91257,0,52.2933,-1.276529,59.83801,0,52.0752,2.940017,60.02681,0,65.8072,0.759689,60.01865,0,PMU
565,4.716667,14850.9,-1.265605,59.91607,0,14844.9,2.925490,60.01748,0,14895.3,0.828912,60.12240,0,51.8642,-1.263835,60.24242,0,52.0495,2.939467,59.98951,0,65.766,0.760239,60.01049,0,PMU
566,4.725000,14800.2,-1.259441,60.11773,0,14936.8,2.926284,60.01515,0,14849.5,0.824090,59.90791,0,52.1244,-1.272502,59.83447,0,52.0703,2.940915,60.02765,0,65.7744,0.760300,60.00117,0,PMU
567,4.733333,14850.2,-1.263896,59.91491,0,14845.6,2.927199,60.01749,0,14895.2,0.830499,60.12240,0,51.9385,-1.259868,60.24129,0,52.052,2.941220,60.00583,0,65.7295,0.761520,60.02331,0,PMU
568,4.741667,14800.5,-1.257732,60.11773,0,14935.9,2.927993,60.01515,0,14849.9,0.825799,59.91024,0,52.2598,-1.268352,59.83798,0,52.1453,2.942624,60.02681,0,65.857,0.762375,60.01632,0,PMU
569,4.750000,14850.5,-1.262065,59.91724,0,14845.1,2.928847,60.01632,0,14893.8,0.832269,60.12356,0,51.9114,-1.257244,60.21215,0,52.0484,2.943295,60.01282,0,65.7692,0.763657,60.02448,0,PMU
570,4.758333,14799,-1.256023,60.11540,0,14936.3,2.929763,60.01749,0,14849.5,0.827447,59.90791,0,52.1473,-1.265605,59.84031,0,52.0391,2.944089,60.01515,0,65.7593,0.764450,60.01515,0,PMU
571,4.766667,14851.1,-1.260417,59.91608,0,14844,2.930678,60.01749,0,14894.9,0.834099,60.12705,0,51.9373,-1.253643,60.22847,0,52.0067,2.944699,60.01166,0,65.772,0.765793,60.02565,0,PMU
572,4.775000,14800,-1.254253,60.11773,0,14935.6,2.931472,60.01515,0,14848.8,0.829278,59.90792,0,52.2079,-1.261577,59.84847,0,52.1119,2.945248,60.01049,0,65.8459,0.766342,60.01049,0,PMU
573,4.783333,14850.9,-1.258648,59.91607,0,14844.5,2.932326,60.01632,0,14893.5,0.835747,60.12356,0,51.9464,-1.250042,60.22031,0,52.1309,2.947080,60.03497,0,65.8495,0.767075,60.01399,0,PMU
574,4.791667,14799.8,-1.252422,60.11890,0,14935.4,2.933303,60.01865,0,14849.9,0.831048,59.91025,0,52.1232,-1.258770,59.83331,0,52.0913,2.947629,60.01049,0,65.8791,0.768539,60.02798,0,PMU
575,4.800000,14851.9,-1.256756,59.91724,0,14844.2,2.934035,60.01399,0,14892.9,0.837639,60.12589,0,51.825,-1.247073,60.22339,0,52.1156,2.949094,60.02798,0,65.7656,0.768967,60.00816,0,PMU
576,4.808333,14801.1,-1.250469,60.12006,0,14936.4,2.934951,60.01749,0,14848.5,0.832757,59.90675,0,51.8594,-1.255718,59.83490,0,52.0897,2.949216,60.00233,0,65.9052,0.769943,60.01865,0,PMU
577,4.816667,14851.6,-1.254986,59.91374,0,14844.8,2.935866,60.01749,0,14893.6,0.839348,60.12589,0,51.5846,-1.245975,60.18609,0,52.0066,2.950803,60.03031,0,65.9083,0.770797,60.01632,0,PMU
578,4.825000,14802.1,-1.248782,60.11848,0,14935.7,2.936660,60.01515,0,14847.5,0.834527,59.90791,0,51.5709,-1.252239,59.88036,0,51.92,2.951535,60.01399,0,65.9048,0.771713,60.01749,0,PMU
579,4.833333,14852.1,-1.253216,59.91533,0,14846.1,2.937575,60.01749,0,14893.4,0.840935,60.12240,0,51.3161,-1.241519,60.20474,0,51.8549,2.953427,60.03614,0,65.8944,0.772567,60.01632,0,PMU
580,4.841667,14803.2,-1.247012,60.11848,0,14934.8,2.938491,60.01749,0,14848.7,0.836236,59.91024,0,51.3568,-1.248660,59.86362,0,51.8892,2.953122,59.99417,0,65.9648,0.773544,60.01865,0,PMU
581,4.850000,14852.4,-1.251324,59.91766,0,14845.1,2.939284,60.01515,0,14893,0.842766,60.12473,0,51.1355,-1.240298,60.15970,0,52.0467,2.954587,60.02798,0,65.9772,0.774215,60.01282,0,PMU
582,4.858333,14801.9,-1.245120,60.11848,0,14934.7,2.940200,60.01749,0,14847.7,0.837945,59.90791,0,51.1963,-1.245486,59.90092,0,52.2598,2.953976,59.98834,0,66.0058,0.775009,60.01515,0,PMU
583,4.866667,14852.3,-1.249554,59.91533,0,14844.8,2.940976,60.01483,0,14892.3,0.844475,60.12473,0,51.0531,-1.238101,60.14105,0,52.3294,2.955136,60.02215,0,65.897,0.776230,60.02331,0,PMU
584,4.875000,14802.1,-1.243411,60.11731,0,14934.3,2.942014,60.01982,0,14847.8,0.839715,59.90908,0,51.3364,-1.241580,59.93356,0,52.5211,2.954099,59.98018,0,66.0721,0.776596,60.00699,0,PMU
585,4.883333,14852.8,-1.247867,59.91491,0,14844.2,2.942624,60.01166,0,14891.5,0.846123,60.12240,0,51.3667,-1.234439,60.13638,0,52.6219,2.955441,60.02565,0,66.0283,0.777694,60.02098,0,PMU
586,4.891667,14802.2,-1.241702,60.11773,0,14935.1,2.943784,60.02215,0,14848.2,0.841363,59.90908,0,51.6825,-1.239200,59.90908,0,52.7114,2.954648,59.98485,0,66.214,0.778122,60.00816,0,PMU
587,4.900000,14853.8,-1.246219,59.91374,0,14843.5,2.944394,60.01166,0,14893.2,0.847954,60.12589,0,51.5148,-1.231449,60.14804,0,52.674,2.956173,60.02914,0,66.0687,0.779464,60.02565,0,PMU
588,4.908333,14805.7,-1.239871,60.12123,0,14934.6,2.945371,60.01865,0,14847.5,0.843255,59.91024,0,51.5098,-1.236270,59.90791,0,52.8434,2.954343,59.96503,0,66.1118,0.780014,60.01049,0,PMU
589,4.916667,14854.9,-1.244021,59.92073,0,14845.9,2.946042,60.01282,0,14890.8,0.849600,60.12119,0,50.3015,-1.234622,60.03147,0,52.9065,2.957211,60.05478,0,66.059,0.780014,60.00000,0,PMU
590,4.925000,14802.9,-1.237857,60.11773,0,14934.4,2.947141,60.02098,0,14847.7,0.844842,59.90912,0,49.9026,-1.243960,59.82166,0,52.977,2.955380,59.96503,0,66.1278,0.780380,60.00699,0,PMU
591,4.933333,14854,-1.242251,59.91607,0,14844.4,2.947629,60.00933,0,14890.5,0.851309,60.12352,0,49.6594,-1.236270,60.14687,0,53.1107,2.958249,60.05478,0,66.0345,0.781479,60.02098,0,PMU
592,4.941667,14804.1,-1.235965,60.12006,0,14936.5,2.948788,60.02215,0,14847.2,0.846551,59.90912,0,49.5903,-1.244205,59.84847,0,53.0493,2.956173,59.96037,0,66.0534,0.781967,60.00933,0,PMU
593,4.950000,14852.7,-1.240420,59.91491,0,14843.8,2.949460,60.01282,0,14890.8,0.852957,60.12236,0,49.2984,-1.237308,60.13172,0,53.0914,2.958676,60.04779,0,66.0615,0.783249,60.02448,0,PMU
594,4.958333,14802.9,-1.234317,60.11656,0,14934.7,2.950436,60.01865,0,14846.5,0.848199,59.90912,0,49.3576,-1.244876,59.85546,0,53.0245,2.956051,59.94988,0,66.0632,0.783615,60.00699,0,PMU
595,4.966667,14853.1,-1.238650,59.91724,0,14844.2,2.951108,60.01282,0,14889.7,0.854605,60.12236,0,49.1975,-1.236392,60.16202,0,53.0936,2.959775,60.07111,0,66.0758,0.784408,60.01515,0,PMU
596,4.975000,14802.7,-1.232547,60.11656,0,14934.7,2.952145,60.01982,0,14846.2,0.849844,59.90908,0,49.3104,-1.243106,59.87178,0,52.991,2.958737,59.98018,0,66.07,0.784833,60.00812,0,PMU
597,4.983333,14854.8,-1.236820,59.91840,0,14845.1,2.952878,60.01399,0,14889.9,0.856375,60.12473,0,48.8986,-1.233585,60.18184,0,52.894,2.962582,60.07344,0,65.9852,0.785963,60.02158,0,PMU
598,4.991667,14803.3,-1.230655,60.11773,0,14935.4,2.953976,60.02098,0,14846.6,0.851614,59.90908,0,48.7992,-1.234256,59.98718,0,52.7006,2.961606,59.98135,0,65.9427,0.786024,60.00117,0,PMU
599,5.000000,14855.8,-1.234989,59.91724,0,14845,2.954648,60.01282,0,14889.5,0.858206,60.12589,0,48.6932,-1.224491,60.18651,0,52.6539,2.965329,60.07111,0,65.8487,0.787609,60.03027,0,PMU
600,5.008333,14803.9,-1.228824,60.11773,0,14936.6,2.955869,60.02331,0,14846.9,0.853445,59.90908,0,48.9584,-1.231204,59.87178,0,52.4308,2.964352,59.98135,0,65.9212,0.787975,60.00699,0,PMU
601,5.016667,14857.2,-1.233096,59.91840,0,14845.3,2.956540,60.01282,0,14889.6,0.860098,60.12706,0,48.686,-1.223697,60.14338,0,52.4028,2.968136,60.07227,0,65.9066,0.789562,60.03031,0,PMU
602,5.025000,14804.2,-1.226871,60.11890,0,14937.4,2.957760,60.02331,0,14846.5,0.855215,59.90675,0,48.7128,-1.230411,59.87178,0,52.235,2.967648,59.99067,0,65.9826,0.789806,60.00466,0,PMU
603,5.033333,14856.6,-1.231326,59.91491,0,14845.2,2.958432,60.01282,0,14889.7,0.861807,60.12589,0,48.3967,-1.221380,60.17248,0,52.1464,2.971005,60.06411,0,65.9213,0.791332,60.02914,0,PMU
604,5.041667,14805.6,-1.225101,60.11890,0,14937.5,2.959530,60.02098,0,14846.3,0.856985,59.90791,0,48.5333,-1.226688,59.89863,0,51.9984,2.969662,59.97435,0,65.9511,0.791393,60.00117,0,PMU
605,5.050000,14857.2,-1.229373,59.91840,0,14847.1,2.960202,60.01282,0,14888.8,0.863516,60.12473,0,48.1988,-1.220770,60.11303,0,51.9948,2.973078,60.06524,0,65.9065,0.792736,60.02565,0,PMU
606,5.058333,14804.1,-1.223392,60.11424,0,14937.5,2.961361,60.02215,0,14846.8,0.858633,59.90675,0,48.2897,-1.225833,59.90329,0,51.8705,2.972895,59.99650,0,65.9432,0.793163,60.00816,0,PMU
607,5.066667,14857.1,-1.227847,59.91491,0,14845.9,2.961911,60.01049,0,14889.6,0.865225,60.12589,0,48.184,-1.217901,60.15150,0,51.9368,2.975275,60.04546,0,65.9002,0.794872,60.03264,0,PMU
608,5.075000,14805.8,-1.221624,60.11886,0,14937.8,2.962948,60.01982,0,14845.3,0.860464,59.90908,0,48.3025,-1.222659,59.90912,0,51.9049,2.974421,59.98368,0,65.8996,0.794567,59.99417,0,PMU
609,5.083333,14856,-1.226077,59.91495,0,14846.1,2.963620,60.01282,0,14888.4,0.866873,60.12239,0,48.0732,-1.215704,60.13285,0,52.0315,2.977228,60.05362,0,65.9876,0.796032,60.02798,0,PMU
610,5.091667,14806.1,-1.220037,60.11536,0,14936.3,2.964596,60.01865,0,14845.5,0.862112,59.90908,0,48.2013,-1.220342,59.91141,0,51.9416,2.975764,59.97202,0,65.9064,0.796459,60.00816,0,PMU
611,5.100000,14858.3,-1.224246,59.91961,0,14846.6,2.965207,60.01166,0,14887.5,0.868582,60.12356,0,48.081,-1.211797,60.16320,0,52.125,2.977656,60.03614,0,65.9161,0.798046,60.03031,0,PMU
612,5.108333,14805.2,-1.218145,60.11653,0,14937.7,2.966305,60.02098,0,14844.5,0.863699,59.90675,0,48.2174,-1.215093,59.93705,0,52.0683,2.977350,59.99417,0,65.8765,0.798107,60.00117,0,PMU
613,5.116667,14857.9,-1.222659,59.91378,0,14845.9,2.966794,60.00933,0,14887.7,0.870169,60.12356,0,48.0895,-1.209173,60.11307,0,52.2514,2.978266,60.01749,0,65.9233,0.799755,60.03147,0,PMU
614,5.125000,14806.8,-1.216436,60.11886,0,14938.4,2.968075,60.02448,0,14846.5,0.865408,59.90908,0,48.2359,-1.213079,59.92540,0,52.1863,2.978449,60.00350,0,66.0081,0.799877,60.00233,0,PMU
615,5.133333,14858.5,-1.220770,59.91724,0,14846,2.968564,60.00933,0,14887.3,0.871939,60.12473,0,48.0141,-1.205084,60.15270,0,52.1712,2.979304,60.01632,0,65.888,0.801342,60.02798,0,PMU
616,5.141667,14806.7,-1.214666,60.11657,0,14938.5,2.969845,60.02448,0,14845.9,0.867117,59.90791,0,48.1512,-1.209539,59.91491,0,52.0168,2.980219,60.01748,0,65.8631,0.800975,59.99301,0,PMU
617,5.150000,14857.9,-1.219122,59.91491,0,14845.5,2.970334,60.00933,0,14887.7,0.873648,60.12473,0,47.9813,-1.203558,60.11423,0,52.0565,2.980341,60.00233,0,65.8325,0.802623,60.03147,0,PMU
618,5.158333,14807.1,-1.213018,60.11657,0,14937.1,2.971371,60.01982,0,14844.3,0.868826,59.90791,0,48.1662,-1.207647,59.92190,0,52.1164,2.980829,60.00933,0,65.8254,0.802623,60.00000,0,PMU
619,5.166667,14857.6,-1.217352,59.91724,0,14846.9,2.971918,60.01045,0,14886.4,0.875174,60.12123,0,47.8948,-1.200811,60.13055,0,51.9982,2.981623,60.01515,0,65.831,0.804088,60.02798,0,PMU
620,5.175000,14806.8,-1.211370,60.11424,0,14936.7,2.973017,60.02098,0,14844.7,0.870413,59.90908,0,48.0412,-1.204657,59.92656,0,51.8052,2.981867,60.00466,0,65.8043,0.804759,60.01282,0,PMU
621,5.183333,14860.5,-1.215521,59.92073,0,14847.5,2.973566,60.01049,0,14885.9,0.876944,60.12473,0,47.4494,-1.196783,60.15037,0,51.7831,2.982111,60.00466,0,65.8394,0.805614,60.01632,0,PMU
622,5.191667,14807.6,-1.209173,60.12123,0,14937.9,2.974970,60.02681,0,14844.1,0.872183,59.90908,0,46.4287,-1.205938,59.82515,0,51.5816,2.982783,60.01282,0,65.8526,0.805980,60.00699,0,PMU
623,5.200000,14857.5,-1.213506,59.91724,0,14845.4,2.975458,60.00933,0,14885.4,0.878653,60.12356,0,45.4937,-1.210394,59.91491,0,51.6214,2.982905,60.00233,0,65.8345,0.806102,60.00233,0,PMU
624,5.208333,14805.9,-1.207281,60.11890,0,14938,2.976557,60.02098,0,14843.4,0.873831,59.90791,0,45.3353,-1.218328,59.84846,0,51.6732,2.983332,60.00816,0,65.7309,0.807506,60.02681,0,PMU
625,5.216667,14856.5,-1.211431,59.92073,0,14846.4,2.977289,60.01399,0,14886,0.880467,60.12673,0,44.8705,-1.214849,60.06644,0,51.7683,2.984797,60.02798,0,65.8225,0.807872,60.00699,0,PMU
626,5.225000,14804.4,-1.205572,60.11190,0,14935.8,2.978266,60.01865,0,14844.4,0.875601,59.90707,0,44.9337,-1.219305,59.91491,0,51.8038,2.984553,59.99534,0,65.7633,0.809398,60.02914,0,PMU
627,5.233333,14858.1,-1.209722,59.92074,0,14845.8,2.978815,60.01049,0,14884.9,0.882237,60.12673,0,44.6871,-1.214178,60.09792,0,51.9807,2.984919,60.00699,0,65.8334,0.809886,60.00932,0,PMU
628,5.241667,14804.6,-1.203741,60.11423,0,14936.8,2.979975,60.02215,0,14844.3,0.877310,59.90591,0,44.9086,-1.216680,59.95221,0,52.0976,2.985346,60.00816,0,65.8013,0.811412,60.02914,0,PMU
629,5.250000,14858,-1.208074,59.91724,0,14844.9,2.980402,60.00816,0,14884.2,0.883946,60.12673,0,44.7071,-1.211370,60.10141,0,52.234,2.985712,60.00699,0,65.7166,0.810924,59.99067,0,PMU
630,5.258333,14805.9,-1.202032,60.11540,0,14936.7,2.981501,60.02098,0,14844.4,0.879019,59.90591,0,45.0278,-1.214422,59.94172,0,52.3939,2.985468,59.99534,0,65.7918,0.812938,60.03847,0,PMU
631,5.266667,14858.9,-1.206366,59.91724,0,14845.9,2.981928,60.00816,0,14884,0.885655,60.12673,0,44.9427,-1.207952,60.12356,0,52.5197,2.986872,60.02681,0,65.7845,0.813060,60.00233,0,PMU
632,5.275000,14805.3,-1.200384,60.11424,0,14937.5,2.983149,60.02331,0,14843.7,0.880589,59.90325,0,45.3374,-1.210150,59.95804,0,52.6108,2.988275,60.02681,0,65.9695,0.815318,60.04313,0,PMU
633,5.283333,14858.1,-1.204779,59.91607,0,14845.8,2.983637,60.00933,0,14884.4,0.887180,60.12589,0,45.2166,-1.203741,60.12239,0,52.6387,2.989618,60.02565,0,66.0052,0.815318,60.00000,0,PMU
634,5.291667,14806.7,-1.198858,60.11307,0,14937,2.984736,60.02098,0,14844.1,0.882298,59.90675,0,45.4731,-1.208441,59.91025,0,52.7733,2.989679,60.00117,0,66.1003,0.816722,60.02681,0,PMU
635,5.300000,14858.1,-1.203131,59.91840,0,14848.4,2.985346,60.01166,0,14883.9,0.888767,60.12356,0,45.2121,-1.201056,60.14104,0,52.6977,2.991876,60.04196,0,66.0552,0.816234,59.99067,0,PMU
636,5.308333,14805.5,-1.197393,60.10957,0,14935.6,2.986506,60.02215,0,14844.9,0.883884,59.90675,0,45.4684,-1.205145,59.92190,0,52.6378,2.991571,59.99417,0,66.1388,0.818475,60.04280,0,PMU
637,5.316667,14860.6,-1.201544,59.92073,0,14847.1,2.986933,60.00816,0,14884.6,0.890598,60.12822,0,45.281,-1.198065,60.13522,0,52.6025,2.993708,60.04080,0,66.1052,0.818780,60.00583,0,PMU
638,5.325000,14806.8,-1.195440,60.11657,0,14937.3,2.988214,60.02447,0,14843.8,0.885655,59.90558,0,45.4656,-1.202826,59.90908,0,52.5879,2.993585,59.99767,0,66.1308,0.819757,60.01865,0,PMU
639,5.333333,14859.9,-1.199774,59.91724,0,14847,2.988764,60.01049,0,14885.4,0.892368,60.12822,0,45.2656,-1.196600,60.11890,0,52.4626,2.995966,60.04546,0,65.9882,0.820062,60.00583,0,PMU
640,5.341667,14805.7,-1.193731,60.11540,0,14936,2.989984,60.02331,0,14843,0.887363,59.90441,0,45.4302,-1.200018,59.93472,0,52.2875,2.994684,59.97552,0,65.8941,0.821099,60.01982,0,PMU
641,5.350000,14858.1,-1.198187,59.91491,0,14845.8,2.990290,60.00583,0,14883.1,0.893772,60.12240,0,45.2251,-1.193670,60.12123,0,52.2745,2.996210,60.02914,0,65.8262,0.821221,60.00233,0,PMU
642,5.358333,14805.4,-1.192205,60.11424,0,14937.3,2.991571,60.02448,0,14844.1,0.888889,59.90675,0,45.3989,-1.198797,59.90208,0,52.2964,2.996454,60.00466,0,65.9471,0.822869,60.03147,0,PMU
643,5.366667,14858.9,-1.196478,59.91840,0,14846.1,2.991999,60.00816,0,14884.2,0.895542,60.12705,0,45.3495,-1.190026,60.16753,0,52.368,2.997919,60.02798,0,65.885,0.824151,60.02448,0,PMU
644,5.375000,14807,-1.190453,60.11507,0,14936.9,2.993280,60.02448,0,14844.4,0.890659,59.90675,0,45.4977,-1.195074,59.90358,0,52.3275,2.997309,59.98834,0,65.8915,0.825067,60.01749,0,PMU
645,5.383333,14859.7,-1.194708,59.91873,0,14846.2,2.993647,60.00699,0,14883.9,0.897312,60.12705,0,45.3558,-1.188439,60.12673,0,52.3982,2.998102,60.01515,0,65.7787,0.826104,60.01982,0,PMU
646,5.391667,14806.5,-1.188683,60.11507,0,14936.1,2.994928,60.02448,0,14843.4,0.892429,59.90675,0,45.3735,-1.194525,59.88376,0,52.3873,2.997797,59.99417,0,65.7526,0.825738,59.99301,0,PMU
647,5.400000,14859.3,-1.193060,59.91640,0,14845.3,2.995233,60.00583,0,14883.3,0.898960,60.12472,0,45.2278,-1.187340,60.13722,0,52.3943,2.999262,60.02798,0,65.69,0.827691,60.03730,0,PMU
648,5.408333,14807.1,-1.187096,60.11390,0,14936.2,2.996515,60.02448,0,14843.6,0.894077,59.90675,0,45.2941,-1.191778,59.91524,0,52.4206,2.999262,60.00000,0,65.6716,0.827691,60.00000,0,PMU
649,5.416667,14858.6,-1.191412,59.91757,0,14845.5,2.996942,60.00816,0,14883.4,0.900608,60.12472,0,45.2027,-1.184655,60.13605,0,52.5134,3.000604,60.02565,0,65.663,0.829522,60.03497,0,PMU
650,5.425000,14806.4,-1.185570,60.11157,0,14934.7,2.998102,60.02215,0,14843,0.895725,59.90675,0,45.4057,-1.189659,59.90441,0,52.543,3.000421,59.99650,0,65.6578,0.829522,60.00000,0,PMU
651,5.433333,14859.7,-1.189782,59.91957,0,14845.9,2.998346,60.00466,0,14881.6,0.902195,60.12356,0,45.3833,-1.182335,60.13988,0,52.6264,3.002906,60.04746,0,65.6919,0.831597,60.03963,0,PMU
652,5.441667,14806.6,-1.183922,60.11191,0,14936.9,2.999811,60.02798,0,14844.8,0.897312,59.90675,0,45.5417,-1.186486,59.92073,0,52.5537,3.003151,60.00466,0,65.7185,0.831353,59.99534,0,PMU
653,5.450000,14860.8,-1.188134,59.91957,0,14844.9,3.000116,60.00583,0,14883.3,0.904087,60.12939,0,45.491,-1.180504,60.11424,0,52.5271,3.004798,60.03147,0,65.5907,0.833428,60.03963,0,PMU
654,5.458333,14806.4,-1.182152,60.11424,0,14937.1,3.001398,60.02448,0,14842.7,0.898960,59.90208,0,45.5518,-1.185143,59.91141,0,52.5333,3.004554,59.99534,0,65.5639,0.832452,59.98135,0,PMU
655,5.466667,14860.1,-1.186425,59.91840,0,14846.6,3.001825,60.00816,0,14884,0.905674,60.12822,0,45.5545,-1.181969,60.06061,0,52.4478,3.007911,60.06411,0,65.6224,0.835320,60.05478,0,PMU
656,5.475000,14807.1,-1.180504,60.11307,0,14936.6,3.003151,60.02531,0,14843.3,0.900730,59.90558,0,45.4958,-1.183251,59.97552,0,52.2316,3.008705,60.01515,0,65.5815,0.835564,60.00466,0,PMU
657,5.483333,14861.2,-1.184655,59.92073,0,14847.7,3.003456,60.00583,0,14882.8,0.907322,60.12589,0,45.3013,-1.181176,60.03963,0,52.168,3.010109,60.02681,0,65.6643,0.836907,60.02565,0,PMU
658,5.491667,14806.2,-1.178673,60.11424,0,14938.4,3.004921,60.02798,0,14843.9,0.902317,59.90441,0,45.1524,-1.184044,59.94521,0,51.8523,3.011085,60.01865,0,65.5799,0.836541,59.99301,0,PMU
659,5.500000,14858.6,-1.183129,59.91491,0,14846.3,3.005165,60.00466,0,14882.8,0.908909,60.12589,0,45.2999,-1.184777,59.98601,0,51.8219,3.012428,60.02565,0,65.5602,0.838006,60.02798,0,PMU
660,5.508333,14806.4,-1.177208,60.11307,0,14937.8,3.006507,60.02565,0,14844,0.903965,59.90558,0,45.4261,-1.184960,59.99650,0,51.708,3.012855,60.00816,0,65.5148,0.838250,60.00466,0,PMU
661,5.516667,14859.8,-1.181420,59.91957,0,14847,3.006813,60.00583,0,14882.4,0.910618,60.12706,0,45.446,-1.182946,60.03847,0,51.8133,3.014503,60.03147,0,65.5739,0.840081,60.03497,0,PMU
662,5.525000,14804.8,-1.175621,60.11074,0,14936.9,3.008033,60.02331,0,14841.9,0.905491,59.90208,0,45.4221,-1.183495,59.98951,0,51.8473,3.014991,60.00933,0,65.589,0.839898,59.99650,0,PMU
663,5.533333,14858.5,-1.179955,59.91724,0,14845.6,3.008339,60.00583,0,14882.1,0.912080,60.12585,0,45.5989,-1.180321,60.06061,0,51.9827,3.015113,60.00233,0,65.7249,0.841485,60.03031,0,PMU
664,5.541667,14806.2,-1.173974,60.11423,0,14937.1,3.009681,60.02565,0,14843.2,0.907200,59.90679,0,45.742,-1.180443,59.99767,0,52.2006,3.015663,60.01049,0,65.8534,0.841485,60.00000,0,PMU
665,5.550000,14857.9,-1.178246,59.91841,0,14847,3.010047,60.00699,0,14881.7,0.913728,60.12469,0,45.6833,-1.178551,60.03614,0,52.355,3.016700,60.01982,0,65.9908,0.842034,60.01049,0,PMU
666,5.558333,14805,-1.172570,60.10840,0,14935.8,3.011329,60.02448,0,14844,0.908786,59.90562,0,45.8191,-1.180077,59.97086,0,52.4666,3.015602,59.97902,0,66.0522,0.842400,60.00699,0,PMU
667,5.566667,14860.2,-1.176659,59.92190,0,14846.1,3.011512,60.00350,0,14881.3,0.915498,60.12818,0,45.8945,-1.179528,60.01049,0,52.6721,3.016578,60.01865,0,66.1776,0.843255,60.01632,0,PMU
668,5.575000,14805.5,-1.170739,60.11307,0,14936.8,3.012916,60.02681,0,14842.5,0.910434,59.90329,0,46.1693,-1.176171,60.06411,0,52.8749,3.016273,59.99417,0,66.3698,0.843621,60.00699,0,PMU
669,5.583333,14858.9,-1.175194,59.91491,0,14844.8,3.013038,60.00233,0,14880.3,0.916963,60.12469,0,46.0879,-1.176293,59.99767,0,52.7652,3.016639,60.00699,0,66.4079,0.844353,60.01399,0,PMU
670,5.591667,14806.3,-1.169152,60.11540,0,14937,3.014381,60.02565,0,14841.7,0.911897,59.90325,0,46.1576,-1.175866,60.00816,0,52.8293,3.015968,59.98718,0,66.5542,0.845025,60.01282,0,PMU
671,5.600000,14858.8,-1.173485,59.91724,0,14846.2,3.014747,60.00699,0,14881,0.918489,60.12589,0,45.9628,-1.175499,60.00699,0,52.7831,3.017616,60.03147,0,66.5949,0.845574,60.01049,0,PMU
672,5.608333,14806.1,-1.167626,60.11191,0,14935.5,3.016090,60.02565,0,14842.2,0.913606,59.90675,0,46.0516,-1.173241,60.04313,0,52.6796,3.017860,60.00466,0,66.5841,0.847100,60.02914,0,PMU
673,5.616667,14859.2,-1.171837,59.91957,0,14845.5,3.016334,60.00466,0,14879.9,0.920137,60.12473,0,45.8549,-1.169640,60.06878,0,52.6784,3.019386,60.02914,0,66.5249,0.846734,59.99301,0,PMU
674,5.625000,14805.1,-1.166039,60.11074,0,14934.6,3.017677,60.02565,0,14841.1,0.915193,59.90558,0,45.9416,-1.171288,59.96853,0,52.6759,3.019630,60.00466,0,66.4735,0.847954,60.02331,0,PMU
675,5.633333,14857.4,-1.170434,59.91607,0,14844.2,3.017860,60.00350,0,14879,0.921602,60.12240,0,45.8514,-1.169579,60.03264,0,52.5041,3.021278,60.03147,0,66.4244,0.847649,59.99417,0,PMU
676,5.641667,14804.6,-1.164635,60.11074,0,14934.4,3.019202,60.02564,0,14841.4,0.916658,59.90558,0,46.1302,-1.168664,60.01749,0,52.4724,3.020606,59.98718,0,66.3718,0.848990,60.02560,0,PMU
677,5.650000,14859.1,-1.168847,59.91957,0,14844.9,3.019325,60.00233,0,14879.3,0.923250,60.12589,0,46.0139,-1.166894,60.03380,0,52.4957,3.022437,60.03497,0,66.3722,0.849234,60.00466,0,PMU
678,5.658333,14805.4,-1.162926,60.11307,0,14935.9,3.020850,60.02914,0,14842.3,0.918245,59.90441,0,46.1328,-1.168053,59.97785,0,52.4523,3.021156,59.97552,0,66.3722,0.850455,60.02331,0,PMU
679,5.666667,14859.3,-1.167199,59.91840,0,14843.7,3.021034,60.00350,0,14879.7,0.924898,60.12706,0,45.8262,-1.166161,60.03614,0,52.3678,3.022865,60.03264,0,66.2194,0.850821,60.00699,0,PMU
680,5.675000,14806.1,-1.161401,60.11074,0,14935.6,3.022437,60.02681,0,14841.4,0.919893,59.90441,0,46.0336,-1.165795,60.00699,0,52.4001,3.022010,59.98368,0,66.1781,0.851431,60.01166,0,PMU
681,5.683333,14858.9,-1.165551,59.92073,0,14845.4,3.022681,60.00466,0,14877.8,0.926362,60.12356,0,45.8395,-1.162011,60.07227,0,52.3968,3.024574,60.04896,0,66.1459,0.852469,60.01982,0,PMU
682,5.691667,14804.2,-1.159936,60.10724,0,14935,3.024085,60.02681,0,14842.3,0.921296,59.90325,0,46.1192,-1.165063,59.94172,0,52.4898,3.023780,59.98485,0,66.3393,0.853506,60.01982,0,PMU
683,5.700000,14859.9,-1.163964,59.92306,0,14843.8,3.024207,60.00233,0,14878.4,0.927949,60.12705,0,45.8878,-1.160546,60.08626,0,52.5649,3.026099,60.04430,0,66.2903,0.854605,60.02098,0,PMU
684,5.708333,14803.8,-1.158229,60.10953,0,14935.1,3.025611,60.02681,0,14840.4,0.922761,59.90092,0,46.0864,-1.163354,59.94638,0,52.6234,3.024940,59.97785,0,66.327,0.854666,60.00117,0,PMU
685,5.716667,14859.5,-1.162377,59.92078,0,14844.2,3.025916,60.00583,0,14879.7,0.929536,60.12939,0,45.8563,-1.157985,60.10254,0,52.6173,3.027930,60.05712,0,66.2383,0.855765,60.02098,0,PMU
686,5.725000,14805,-1.156581,60.11070,0,14933.6,3.027259,60.02564,0,14840.7,0.924531,59.90442,0,46.0302,-1.160668,59.94875,0,52.5454,3.025367,59.95104,0,66.1585,0.856619,60.01632,0,PMU
687,5.733333,14860.3,-1.160607,59.92311,0,14844.6,3.027442,60.00350,0,14877.4,0.931123,60.12589,0,45.8496,-1.154994,60.10837,0,52.5554,3.028236,60.05479,0,66.1936,0.857779,60.02215,0,PMU
688,5.741667,14803.7,-1.154872,60.10953,0,14934,3.028907,60.02798,0,14840.2,0.926057,59.90325,0,46.1575,-1.157924,59.94405,0,52.3755,3.025794,59.95337,0,66.2035,0.858206,60.00816,0,PMU
689,5.750000,14860.3,-1.159083,59.91957,0,14844,3.029029,60.00233,0,14876.6,0.932649,60.12589,0,46.0253,-1.151210,60.12822,0,52.2306,3.027869,60.03963,0,66.2059,0.859610,60.02681,0,PMU
690,5.758333,14805,-1.153285,60.11074,0,14934.5,3.030433,60.02681,0,14839.7,0.927583,59.90325,0,46.1585,-1.156764,59.89392,0,52.0273,3.025672,59.95804,0,66.266,0.860159,60.01049,0,PMU
691,5.766667,14861.4,-1.157313,59.92306,0,14845.4,3.030616,60.00350,0,14876.4,0.934236,60.12706,0,46.0288,-1.150294,60.12356,0,52.1091,3.028358,60.05129,0,66.3855,0.861075,60.01749,0,PMU
692,5.775000,14804.2,-1.151576,60.10957,0,14935.6,3.032081,60.02798,0,14840.1,0.929109,59.90208,0,46.1823,-1.155055,59.90908,0,52.0785,3.026954,59.97319,0,66.3992,0.861197,60.00233,0,PMU
693,5.783333,14860.4,-1.155849,59.91840,0,14845.5,3.032203,60.00233,0,14877.1,0.935823,60.12822,0,46.1266,-1.148524,60.12473,0,52.1369,3.030311,60.06411,0,66.4791,0.862662,60.02798,0,PMU
694,5.791667,14805.2,-1.150050,60.11074,0,14935.5,3.033729,60.02914,0,14840.5,0.930879,59.90558,0,46.1734,-1.153407,59.90675,0,52.0356,3.029823,59.99067,0,66.5388,0.863455,60.01515,0,PMU
695,5.800000,14860.9,-1.154262,59.91957,0,14844.3,3.033790,60.00117,0,14876.2,0.937470,60.12589,0,45.8592,-1.146205,60.13755,0,52.2023,3.032996,60.06062,0,66.5993,0.864676,60.02331,0,PMU
696,5.808333,14805.5,-1.148463,60.11074,0,14934,3.035130,60.02560,0,14839.5,0.932405,59.90325,0,45.8324,-1.147426,59.97669,0,52.117,3.032508,59.99067,0,66.6029,0.865286,60.01166,0,PMU
697,5.816667,14861.1,-1.152614,59.92073,0,14844.6,3.035130,60.00000,0,14875,0.938935,60.12473,0,45.7634,-1.140773,60.12705,0,52.5059,3.035130,60.05008,0,66.7013,0.865774,60.00933,0,PMU
698,5.825000,14803,-1.147059,60.10608,0,14932.9,3.036595,60.02798,0,14838.9,0.933808,59.90208,0,45.8953,-1.145961,59.90092,0,52.5501,3.034154,59.98135,0,66.7717,0.866934,60.02215,0,PMU
699,5.833333,14860.4,-1.151454,59.91607,0,14842.4,3.036473,59.99767,0,14875.1,0.940400,60.12589,0,45.7693,-1.141200,60.09092,0,52.681,3.035741,60.03031,0,66.7004,0.867239,60.00583,0,PMU
700,5.841667,14805.6,-1.145534,60.11307,0,14935.1,3.037999,60.02914,0,14838.8,0.935395,59.90441,0,45.8516,-1.144374,59.93939,0,52.7362,3.035680,59.99883,0,66.7489,0.867849,60.01166,0,PMU
701,5.850000,14859.8,-1.149867,59.91724,0,14843.8,3.038121,60.00233,0,14875.6,0.941987,60.12589,0,45.7768,-1.140041,60.08276,0,52.8049,3.037206,60.02914,0,66.689,0.869131,60.02448,0,PMU
702,5.858333,14806.6,-1.144130,60.10957,0,14932.5,3.039586,60.02798,0,14839.5,0.937165,59.90791,0,45.9178,-1.143092,59.94172,0,52.8369,3.036229,59.98135,0,66.774,0.869802,60.01282,0,PMU
703,5.866667,14860,-1.148280,59.92073,0,14844,3.039525,59.99883,0,14872.9,0.943496,60.12090,0,45.7939,-1.139369,60.07111,0,53.0541,3.037145,60.01749,0,66.6871,0.869558,59.99534,0,PMU
704,5.875000,14805,-1.142665,60.10724,0,14933.8,3.041112,60.03031,0,14839.9,0.938508,59.90475,0,45.997,-1.140773,59.97319,0,53.0618,3.036961,59.99650,0,66.6926,0.870291,60.01399,0,PMU
705,5.883333,14860.5,-1.146876,59.91957,0,14843.4,3.041112,60.00000,0,14874.9,0.945143,60.12673,0,46.0477,-1.136623,60.07927,0,53.1443,3.038243,60.02448,0,66.6318,0.870779,60.00933,0,PMU
706,5.891667,14805.2,-1.141200,60.10840,0,14933,3.042638,60.02914,0,14839.4,0.940034,59.90242,0,46.3195,-1.138210,59.96969,0,53.1,3.038060,59.99650,0,66.6068,0.871939,60.02215,0,PMU
707,5.900000,14861.4,-1.145412,59.91957,0,14843.2,3.042577,59.99883,0,14874.6,0.946669,60.12673,0,46.4215,-1.133449,60.09092,0,53.2396,3.039098,60.01982,0,66.5648,0.871511,59.99184,0,PMU
708,5.908333,14805.3,-1.139613,60.11073,0,14934.3,3.044286,60.03264,0,14839.3,0.941560,59.90242,0,46.6338,-1.134731,59.97552,0,53.0092,3.039220,60.00233,0,66.503,0.872305,60.01515,0,PMU
709,5.916667,14861.8,-1.143825,59.91957,0,14843.2,3.044286,60.00000,0,14875.1,0.948378,60.13022,0,46.5861,-1.130641,60.07810,0,53.1764,3.040257,60.01982,0,66.4053,0.872427,60.00233,0,PMU
710,5.925000,14806.2,-1.137966,60.11191,0,14934.3,3.045812,60.02914,0,14838.2,0.943312,59.90325,0,46.4987,-1.134364,59.92889,0,53.0607,3.041844,60.03031,0,66.3849,0.872915,60.00933,0,PMU
711,5.933333,14861.3,-1.142055,59.92190,0,14844.8,3.045812,60.00000,0,14872.7,0.949843,60.12473,0,46.2705,-1.129787,60.08743,0,53.0944,3.043065,60.02331,0,66.3429,0.873953,60.01982,0,PMU
712,5.941667,14804.9,-1.136440,60.10724,0,14933.7,3.047398,60.03031,0,14838.3,0.944716,59.90208,0,46.1974,-1.131679,59.96386,0,53.0368,3.044774,60.03264,0,66.445,0.874441,60.00933,0,PMU
713,5.950000,14861.6,-1.140529,59.92190,0,14843,3.047337,59.99883,0,14872.5,0.951369,60.12706,0,46.1182,-1.127240,60.08477,0,53.1902,3.044957,60.00350,0,66.4633,0.876272,60.03497,0,PMU
714,5.958333,14804.2,-1.134914,60.10724,0,14933.3,3.048802,60.02798,0,14837.2,0.946120,59.89975,0,46.1839,-1.130153,59.94437,0,53.1375,3.046178,60.02331,0,66.6438,0.876699,60.00816,0,PMU
715,5.966667,14861.4,-1.139186,59.91840,0,14842.7,3.048802,60.00000,0,14873.3,0.952773,60.12706,0,46.2112,-1.126020,60.07894,0,53.1701,3.046300,60.00233,0,66.6954,0.878286,60.03031,0,PMU
716,5.975000,14805.1,-1.133388,60.11074,0,14933.2,3.050267,60.02797,0,14837.2,0.947646,59.90208,0,46.3932,-1.127240,59.97669,0,53.3645,3.046666,60.00699,0,66.8118,0.878653,60.00699,0,PMU
717,5.983333,14861.1,-1.137660,59.91840,0,14843,3.050267,60.00000,0,14873,0.954299,60.12706,0,46.4102,-1.123273,60.07577,0,53.3409,3.047154,60.00933,0,66.854,0.880589,60.03698,0,PMU
718,5.991667,14804.6,-1.131984,60.10841,0,14932,3.051854,60.03031,0,14837.9,0.949172,59.90208,0,46.5414,-1.125043,59.96620,0,53.3772,3.048009,60.01632,0,66.9548,0.880894,60.00583,0,PMU
719,6.000000,14862,-1.136012,59.92306,0,14842.3,3.051732,59.99767,0,14871,0.955825,60.12706,0,46.2982,-1.120282,60.09092,0,53.4152,3.048497,60.00933,0,66.8618,0.882969,60.03963,0,PMU
720,6.008333,14804.3,-1.130275,60.10957,0,14933.5,3.053441,60.03264,0,14837.9,0.950698,59.90208,0,46.1965,-1.121259,59.98135,0,53.3576,3.050206,60.03263,0,66.7811,0.881992,59.98135,0,PMU
721,6.016667,14862.7,-1.134364,59.92190,0,14842.1,3.053441,60.00000,0,14872.4,0.957534,60.13056,0,45.9752,-1.115766,60.10491,0,53.2757,3.050450,60.00466,0,66.5173,0.883701,60.03264,0,PMU
722,6.025000,14805.5,-1.128749,60.10724,0,14932.6,3.054783,60.02565,0,14836.9,0.952346,59.90092,0,45.748,-1.116803,59.98018,0,53.2382,3.051121,60.01282,0,66.2978,0.883518,59.99650,0,PMU
723,6.033333,14864.2,-1.132778,59.92306,0,14844,3.054967,60.00350,0,14872.9,0.959120,60.12939,0,45.3722,-1.110822,60.11423,0,52.9679,3.051854,60.01399,0,66.1385,0.884861,60.02565,0,PMU
724,6.041667,14805.4,-1.127057,60.10925,0,14933.4,3.056553,60.03031,0,14837.4,0.953994,59.90209,0,45.2731,-1.113019,59.95804,0,52.8047,3.053258,60.02681,0,65.9345,0.884800,59.99883,0,PMU
725,6.050000,14863.4,-1.131252,59.91989,0,14842.8,3.056553,60.00000,0,14871.8,0.960707,60.12822,0,45.144,-1.108076,60.09442,0,52.6861,3.054539,60.02448,0,65.8056,0.885838,60.01982,0,PMU
726,6.058333,14805.7,-1.125409,60.11158,0,14933.2,3.058140,60.03031,0,14836.2,0.955519,59.90092,0,45.1303,-1.109541,59.97202,0,52.4674,3.056492,60.03730,0,65.7453,0.886509,60.01282,0,PMU
727,6.066667,14862.3,-1.129543,59.92106,0,14844,3.058079,59.99883,0,14871,0.962111,60.12589,0,44.9834,-1.105634,60.07460,0,52.3612,3.057835,60.02564,0,65.7829,0.888279,60.03380,0,PMU
728,6.075000,14805.8,-1.123945,60.10692,0,14934.1,3.059727,60.03147,0,14838,0.957106,59.90442,0,44.9904,-1.108076,59.95337,0,52.2233,3.059910,60.03963,0,65.679,0.888157,59.99767,0,PMU
729,6.083333,14864.1,-1.128034,59.92190,0,14844,3.059727,60.00000,0,14872.2,0.963820,60.12822,0,44.8454,-1.104047,60.07693,0,51.9183,3.060460,60.01049,0,65.4198,0.889927,60.03380,0,PMU
730,6.091667,14807.2,-1.122297,60.10957,0,14934.8,3.061314,60.03031,0,14836.8,0.958754,59.90325,0,44.8419,-1.106062,59.96153,0,51.83,3.062962,60.04779,0,65.2811,0.889805,59.99767,0,PMU
731,6.100000,14863,-1.126569,59.91840,0,14844.4,3.061375,60.00117,0,14872.3,0.965346,60.12589,0,44.8321,-1.102522,60.06761,0,51.6887,3.064305,60.02565,0,65.3644,0.891758,60.03730,0,PMU
732,6.108333,14807.6,-1.120832,60.10957,0,14934.6,3.062962,60.03031,0,14837.9,0.960341,59.90441,0,45.006,-1.103193,59.98718,0,51.6696,3.065703,60.02670,0,65.3422,0.892612,60.01632,0,PMU
733,6.116667,14863.4,-1.124921,59.92190,0,14845.5,3.062840,59.99767,0,14870.7,0.966811,60.12356,0,44.8705,-1.099714,60.06644,0,51.6269,3.067839,60.04080,0,65.3856,0.893711,60.02098,0,PMU
734,6.125000,14806.2,-1.119428,60.10491,0,14934.4,3.064488,60.03147,0,14838.1,0.961684,59.90208,0,45.0545,-1.101728,59.96153,0,51.7512,3.068572,60.01399,0,65.434,0.894260,60.01049,0,PMU
735,6.133333,14864,-1.123517,59.92190,0,14844.2,3.064244,59.99534,0,14870.8,0.968336,60.12706,0,44.8973,-1.099043,60.05129,0,51.7132,3.069853,60.02448,0,65.4743,0.896030,60.03380,0,PMU
736,6.141667,14807.2,-1.117841,60.10841,0,14936.3,3.065947,60.03253,0,14838.1,0.963148,59.90092,0,45.0717,-1.099714,59.98718,0,51.8259,3.070952,60.02098,0,65.5576,0.896579,60.01049,0,PMU
737,6.150000,14864.2,-1.121930,59.92190,0,14845.2,3.065947,60.00000,0,14872.3,0.969923,60.12939,0,44.8906,-1.096298,60.06524,0,51.8115,3.072478,60.02914,0,65.5935,0.897922,60.02565,0,PMU
738,6.158333,14808,-1.116254,60.10841,0,14936.6,3.067595,60.03147,0,14838.6,0.964796,59.90208,0,44.8863,-1.098371,59.96041,0,51.8014,3.071867,59.98834,0,65.5516,0.898350,60.00816,0,PMU
739,6.166667,14864.4,-1.120282,59.92306,0,14846.2,3.067534,59.99883,0,14871.4,0.971571,60.12939,0,44.7178,-1.094467,60.07456,0,51.7683,3.073882,60.03847,0,65.5751,0.899387,60.01982,0,PMU
740,6.175000,14808.9,-1.114667,60.10724,0,14936.4,3.069182,60.03147,0,14839.1,0.966505,59.90325,0,44.8295,-1.095383,59.98251,0,51.8182,3.073210,59.98718,0,65.5846,0.899387,60.00000,0,PMU
741,6.183333,14865.9,-1.118635,59.92423,0,14846.9,3.069121,59.99883,0,14871.4,0.973158,60.12706,0,44.8205,-1.091415,60.07577,0,51.7251,3.075041,60.03497,0,65.6948,0.899814,60.00816,0,PMU
742,6.191667,14808.4,-1.113019,60.10724,0,14935.7,3.070708,60.03031,0,14837.6,0.968031,59.90208,0,44.8307,-1.092758,59.97435,0,51.6245,3.074370,59.98718,0,65.5696,0.900242,60.00816,0,PMU
743,6.200000,14864.5,-1.117109,59.92190,0,14846.7,3.070464,59.99534,0,14869.7,0.974560,60.12469,0,44.7153,-1.090195,60.04896,0,51.6799,3.076689,60.04430,0,65.6051,0.900547,60.00583,0,PMU
744,6.208333,14806.2,-1.111677,60.10374,0,14936.4,3.072173,60.03264,0,14838.2,0.969374,59.90096,0,44.807,-1.092087,59.96386,0,51.51,3.076872,60.00350,0,65.4586,0.901218,60.01282,0,PMU
745,6.216667,14865.3,-1.115766,59.92190,0,14844.8,3.071928,59.99534,0,14870.2,0.976208,60.13052,0,44.806,-1.087753,60.08276,0,51.5515,3.080107,60.06178,0,65.3784,0.901706,60.00933,0,PMU
746,6.225000,14806.7,-1.110090,60.10840,0,14936.7,3.073576,60.03147,0,14836.5,0.970900,59.89863,0,44.8256,-1.088608,59.98368,0,51.538,3.080046,59.99883,0,65.0907,0.902378,60.01282,0,PMU
747,6.233333,14864.6,-1.114179,59.92190,0,14846.6,3.073576,60.00000,0,14870.5,0.977734,60.13052,0,44.7418,-1.086288,60.04430,0,51.3044,3.082976,60.05595,0,65.0289,0.903537,60.02215,0,PMU
748,6.241667,14807.1,-1.108564,60.10724,0,14934.6,3.075285,60.03264,0,14837.7,0.972670,59.90329,0,44.8837,-1.087387,59.97902,0,51.1563,3.081572,59.97319,0,64.9967,0.904087,60.01049,0,PMU
749,6.250000,14865.5,-1.112531,59.92423,0,14846.5,3.075041,59.99534,0,14868.4,0.979321,60.12702,0,44.8041,-1.083664,60.07111,0,51.0937,3.084807,60.06178,0,64.84,0.904392,60.00583,0,PMU
750,6.258333,14806.1,-1.107038,60.10491,0,14936.7,3.076872,60.03497,0,14837.5,0.974072,59.89975,0,44.8465,-1.085190,59.97086,0,50.9747,3.084562,59.99534,0,64.9142,0.905491,60.02098,0,PMU
751,6.266667,14865.8,-1.111127,59.92190,0,14846.7,3.076750,59.99767,0,14870.7,0.980969,60.13172,0,44.7435,-1.083054,60.04080,0,50.956,3.088163,60.06877,0,64.8659,0.906833,60.02565,0,PMU
752,6.275000,14807.4,-1.105512,60.10724,0,14935.9,3.078459,60.03264,0,14837.4,0.975842,59.90208,0,44.8025,-1.083908,59.98368,0,51.0419,3.087492,59.98718,0,64.8029,0.907749,60.01749,0,PMU
753,6.283333,14866.7,-1.109602,59.92190,0,14847.6,3.078398,59.99883,0,14870.8,0.982616,60.12939,0,44.7962,-1.080673,60.06178,0,50.9468,3.090239,60.05246,0,64.7261,0.906589,59.97785,0,PMU
754,6.291667,14808.1,-1.103803,60.11074,0,14937.6,3.080229,60.03497,0,14838,0.977490,59.90208,0,44.8687,-1.082565,59.96387,0,50.9398,3.089140,59.97902,0,64.656,0.908237,60.03147,0,PMU
755,6.300000,14865.8,-1.107832,59.92307,0,14849,3.079985,59.99534,0,14870.4,0.984142,60.12706,0,44.7293,-1.080185,60.04546,0,50.9839,3.092192,60.05828,0,64.6385,0.908909,60.01282,0,PMU
756,6.308333,14808.4,-1.102155,60.10841,0,14938.8,3.081877,60.03614,0,14839.2,0.979076,59.90325,0,44.8009,-1.080796,59.98834,0,50.943,3.091520,59.98718,0,64.7298,0.911226,60.04425,0,PMU
757,6.316667,14866,-1.106245,59.92190,0,14848.4,3.081572,59.99417,0,14870.5,0.985790,60.12822,0,44.7869,-1.077194,60.06878,0,51.0451,3.094267,60.05246,0,64.7389,0.911897,60.01282,0,PMU
758,6.325000,14808.7,-1.100691,60.10608,0,14937.3,3.083342,60.03380,0,14838.5,0.980663,59.90208,0,44.8666,-1.077805,59.98834,0,51.1367,3.093229,59.98018,0,64.7526,0.913606,60.03264,0,PMU
759,6.333333,14866.4,-1.104658,59.92423,0,14848.9,3.083159,59.99650,0,14870.2,0.987316,60.12706,0,44.7922,-1.076706,60.02098,0,51.2907,3.095427,60.04196,0,64.8309,0.913606,60.00000,0,PMU
760,6.341667,14806.7,-1.099104,60.10608,0,14937.2,3.084929,60.03380,0,14837.6,0.982128,59.90092,0,44.9105,-1.077866,59.97785,0,51.3319,3.095427,60.00000,0,64.8573,0.915193,60.03031,0,PMU
761,6.350000,14866.4,-1.103254,59.92073,0,14848,3.084501,59.99184,0,14869.7,0.988781,60.12706,0,45.0446,-1.074753,60.05945,0,51.613,3.096828,60.02677,0,64.9244,0.914827,59.99301,0,PMU
762,6.358333,14807.7,-1.097578,60.10841,0,14938.6,3.086332,60.03497,0,14837,0.983593,59.90092,0,45.3216,-1.074936,59.99650,0,51.624,3.095669,59.97785,0,64.9899,0.916597,60.03380,0,PMU
763,6.366667,14865.7,-1.101667,59.92190,0,14848.7,3.086088,59.99534,0,14869.7,0.990246,60.12705,0,45.2995,-1.073838,60.02098,0,51.7668,3.097622,60.03730,0,65.0645,0.916841,60.00466,0,PMU
764,6.375000,14807.6,-1.096115,60.10604,0,14937,3.087980,60.03614,0,14838.4,0.985241,59.90442,0,45.4324,-1.075669,59.96503,0,51.758,3.097744,60.00233,0,65.1991,0.918489,60.03147,0,PMU
765,6.383333,14867.1,-1.100080,59.92427,0,14847.5,3.087614,59.99301,0,14868.2,0.991955,60.12822,0,45.3329,-1.072617,60.05828,0,51.8376,3.098476,60.01399,0,65.12,0.918855,60.00699,0,PMU
766,6.391667,14807.2,-1.094406,60.10837,0,14939.3,3.089567,60.03730,0,14837.4,0.986645,59.89859,0,45.4379,-1.072861,59.99534,0,51.7749,3.099880,60.02681,0,65.2354,0.918794,59.99883,0,PMU
767,6.400000,14865.8,-1.098493,59.92194,0,14848.8,3.089384,59.99650,0,14870.9,0.993480,60.13055,0,45.392,-1.071701,60.02215,0,51.8736,3.100673,60.01515,0,65.1872,0.919893,60.02098,0,PMU
768,6.408333,14808.6,-1.092941,60.10604,0,14938.1,3.091154,60.03380,0,14837.9,0.988415,59.90325,0,45.6178,-1.072129,59.99184,0,51.8182,3.100735,60.00117,0,65.2049,0.920076,60.00350,0,PMU
769,6.416667,14866.4,-1.096847,59.92540,0,14850.3,3.090910,59.99534,0,14869.1,0.994945,60.12472,0,45.5255,-1.069199,60.05595,0,51.7615,3.102566,60.03497,0,65.1273,0.920747,60.01282,0,PMU
770,6.425000,14807.1,-1.091476,60.10258,0,14937.9,3.092680,60.03380,0,14837.4,0.989818,59.90208,0,45.7947,-1.069321,59.99767,0,51.8503,3.102260,59.99417,0,65.1596,0.921785,60.01982,0,PMU
771,6.433333,14867.7,-1.095383,59.92540,0,14849.4,3.092436,59.99534,0,14869.4,0.996593,60.12939,0,45.6593,-1.067551,60.03380,0,51.8406,3.103969,60.03264,0,65.2002,0.923494,60.03264,0,PMU
772,6.441667,14807.6,-1.089828,60.10608,0,14938.7,3.094267,60.03497,0,14837.4,0.991405,59.90092,0,45.719,-1.069077,59.97086,0,51.7405,3.104091,60.00233,0,65.218,0.923799,60.00583,0,PMU
773,6.450000,14868.3,-1.093796,59.92423,0,14849.5,3.093901,59.99301,0,14869.1,0.998180,60.12939,0,45.6084,-1.065188,60.07427,0,51.811,3.105129,60.01982,0,65.1227,0.924470,60.01282,0,PMU
774,6.458333,14807.1,-1.088303,60.10491,0,14939.3,3.095913,60.03843,0,14838.3,0.992992,59.90092,0,45.741,-1.066025,59.98401,0,51.5318,3.105495,60.00699,0,65.102,0.924592,60.00233,0,PMU
775,6.466667,14868.5,-1.092270,59.92423,0,14848.4,3.095488,59.99188,0,14868.8,0.999828,60.13056,0,45.6059,-1.063235,60.05329,0,51.6407,3.106472,60.01865,0,65.0468,0.925996,60.02681,0,PMU
776,6.475000,14807.4,-1.086655,60.10724,0,14939.8,3.097317,60.03493,0,14836.4,0.994457,59.89742,0,45.5993,-1.065066,59.96503,0,51.6381,3.107204,60.01399,0,65.0417,0.925996,60.00000,0,PMU
777,6.483333,14867.6,-1.090683,59.92307,0,14848.8,3.097011,59.99417,0,14868.8,1.001293,60.13056,0,45.4479,-1.061892,60.06062,0,51.7026,3.108303,60.02098,0,65.0095,0.927217,60.02331,0,PMU
778,6.491667,14808.2,-1.085129,60.10608,0,14938.3,3.098781,60.03380,0,14837.5,0.996105,59.90092,0,45.4577,-1.063235,59.97435,0,51.7308,3.108730,60.00816,0,64.9111,0.927033,59.99650,0,PMU
779,6.500000,14868,-1.089035,59.92540,0,14848.8,3.098476,59.99417,0,14868.1,1.002880,60.12939,0,45.2414,-1.060183,60.05828,0,51.851,3.110439,60.03264,0,64.821,0.928804,60.03380,0,PMU
780,6.508333,14807.3,-1.083603,60.10375,0,14937.1,3.100368,60.03614,0,14837.6,0.997692,59.90092,0,45.3032,-1.062625,59.95337,0,51.7428,3.111721,60.02447,0,64.9336,0.929048,60.00466,0,PMU
781,6.516667,14868.8,-1.087570,59.92423,0,14847.7,3.099941,59.99184,0,14867.8,1.004522,60.13045,0,45.4606,-1.056887,60.10957,0,51.8999,3.110073,59.96853,0,64.8516,0.931489,60.04663,0,PMU
782,6.525000,14809.1,-1.081955,60.10724,0,14937.7,3.101833,60.03614,0,14835.3,0.999157,59.89753,0,45.3163,-1.053103,60.07227,0,51.9464,3.108730,59.97435,0,64.8685,0.930329,59.97785,0,PMU
783,6.533333,14870.7,-1.085922,59.92423,0,14848.4,3.101589,59.99534,0,14868.4,1.005926,60.12928,0,44.8253,-1.037539,60.29724,0,51.8389,3.109035,60.00583,0,64.8528,0.933259,60.05595,0,PMU
784,6.541667,14811.6,-1.080246,60.10840,0,14937.9,3.103542,60.03730,0,14836.8,1.000866,59.90336,0,44.9441,-1.036807,60.01399,0,51.8471,3.109707,60.01282,0,65.0119,0.933198,59.99883,0,PMU
785,6.550000,14870,-1.084213,59.92424,0,14849.1,3.103298,59.99534,0,14867.7,1.007574,60.12812,0,44.9214,-1.034673,60.04076,0,51.9532,3.111171,60.02797,0,65.0598,0.934968,60.03380,0,PMU
786,6.558333,14809.5,-1.078781,60.10374,0,14937,3.105190,60.03614,0,14837.2,1.002392,59.90103,0,45.1358,-1.034185,60.00933,0,51.957,3.112209,60.01982,0,65.0877,0.933930,59.98018,0,PMU
787,6.566667,14870,-1.082932,59.92074,0,14846.7,3.104763,59.99184,0,14867.3,1.009161,60.12928,0,45.2169,-1.031560,60.05012,0,52.0264,3.113185,60.01865,0,64.9958,0.935761,60.03497,0,PMU
788,6.575000,14812,-1.077256,60.10840,0,14937.3,3.106716,60.03730,0,14836.9,1.004095,59.90325,0,45.3197,-1.031499,60.00117,0,52.123,3.114101,60.01749,0,64.9625,0.934663,59.97902,0,PMU
789,6.583333,14870.4,-1.081284,59.92306,0,14848.1,3.106289,59.99184,0,14866.6,1.010809,60.12823,0,45.2721,-1.028814,60.05129,0,52.0989,3.115749,60.03147,0,64.8191,0.935578,60.01749,0,PMU
790,6.591667,14810.6,-1.075791,60.10491,0,14937.5,3.108303,60.03847,0,14836.3,1.005560,59.89975,0,45.4095,-1.028814,60.00000,0,52.0242,3.116542,60.01515,0,64.6976,0.934541,59.98018,0,PMU
791,6.600000,14870.5,-1.079880,59.92190,0,14845.8,3.107815,59.99067,0,14866.3,1.012395,60.13056,0,45.3468,-1.027105,60.03264,0,52.1054,3.117336,60.01515,0,64.6042,0.936372,60.03497,0,PMU
792,6.608333,14811.3,-1.074204,60.10841,0,14938.4,3.109646,60.03497,0,14835.1,1.007085,59.89859,0,45.2849,-1.028508,59.97319,0,52.0826,3.118312,60.01865,0,64.4883,0.935151,59.97669,0,PMU
793,6.616667,14869.4,-1.078354,59.92073,0,14848.2,3.109340,59.99417,0,14866.2,1.013860,60.12939,0,45.2156,-1.026800,60.03264,0,52.0987,3.119960,60.03147,0,64.4835,0.936372,60.02331,0,PMU
794,6.625000,14812.6,-1.072800,60.10608,0,14937.9,3.111171,60.03497,0,14837.1,1.008794,59.90325,0,45.2825,-1.026800,60.00000,0,52.2167,3.119960,60.00000,0,64.4112,0.936494,60.00233,0,PMU
795,6.633333,14870.6,-1.076645,59.92656,0,14849.2,3.110866,59.99418,0,14866,1.015630,60.13056,0,45.3273,-1.026494,60.00583,0,52.2249,3.120998,60.01982,0,64.368,0.937531,60.01982,0,PMU
796,6.641667,14810.2,-1.071335,60.10141,0,14936.9,3.112880,60.03846,0,14837,1.010381,59.89975,0,45.4652,-1.028936,59.95337,0,52.1327,3.122585,60.03031,0,64.3849,0.937348,59.99650,0,PMU
797,6.650000,14869.3,-1.075424,59.92190,0,14846.7,3.112453,59.99184,0,14866.4,1.017217,60.13056,0,45.4758,-1.027105,60.03497,0,52.0592,3.123989,60.02681,0,64.3041,0.939851,60.04779,0,PMU
798,6.658333,14810.4,-1.069992,60.10375,0,14936.3,3.114284,60.03497,0,14836,1.011907,59.89859,0,45.5499,-1.026555,60.01049,0,52.0416,3.124172,60.00350,0,64.2496,0.939668,59.99650,0,PMU
799,6.666667,14871.2,-1.073716,59.92889,0,14849.4,3.113979,59.99417,0,14866.6,1.018682,60.12939,0,45.4013,-1.024907,60.03147,0,52.0103,3.127023,60.05445,0,64.3349,0.940644,60.01865,0,PMU
800,6.675000,14810,-1.068222,60.10491,0,14938,3.115932,60.03730,0,14837.6,1.013494,59.90092,0,45.3774,-1.026128,59.97669,0,52.005,3.127511,60.00933,0,64.3658,0.940705,60.00117,0,PMU
801,6.683333,14870.5,-1.072129,59.92540,0,14847.3,3.115444,59.99067,0,14865.4,1.020330,60.13055,0,45.197,-1.024480,60.03147,0,51.8163,3.128549,60.01982,0,64.2897,0.943007,60.04396,0,PMU
802,6.691667,14809.7,-1.066635,60.10491,0,14937.9,3.117519,60.03963,0,14837.5,1.015081,59.89976,0,45.2212,-1.022466,60.03847,0,51.837,3.130075,60.02914,0,64.3719,0.943740,60.01399,0,PMU
803,6.700000,14870.5,-1.070542,59.92540,0,14848.2,3.117092,59.99184,0,14866,1.021917,60.13055,0,45.2759,-1.018865,60.06877,0,51.939,3.131723,60.03147,0,64.3733,0.944838,60.02098,0,PMU
804,6.708333,14810.2,-1.065066,60.10458,0,14938.2,3.119045,60.03730,0,14837.7,1.016668,59.89976,0,45.3406,-1.021306,59.95338,0,51.8824,3.131723,60.00000,0,64.4829,0.945754,60.01749,0,PMU
805,6.716667,14871.2,-1.068894,59.92689,0,14849.3,3.118679,59.99301,0,14867.1,1.023626,60.13288,0,45.3553,-1.021367,59.99883,0,51.8378,3.133554,60.03497,0,64.4509,0.946669,60.01749,0,PMU
806,6.725000,14809.2,-1.063540,60.10225,0,14936.9,3.120632,60.03730,0,14837.2,1.018316,59.89859,0,45.3484,-1.020879,60.00933,0,51.7515,3.134103,60.01049,0,64.3311,0.947158,60.00933,0,PMU
807,6.733333,14870.9,-1.067429,59.92573,0,14848,3.120265,59.99301,0,14867.8,1.025274,60.13288,0,45.349,-1.018194,60.05128,0,51.6789,3.135568,60.02798,0,64.3501,0.947768,60.01166,0,PMU
808,6.741667,14809.9,-1.061953,60.10458,0,14936.8,3.122158,60.03614,0,14837.5,1.020025,59.89975,0,45.3615,-1.019475,59.97553,0,51.7385,3.136117,60.01049,0,64.3155,0.948928,60.02215,0,PMU
809,6.750000,14871.3,-1.065798,59.92656,0,14850,3.121791,59.99301,0,14867.4,1.026861,60.13056,0,45.3621,-1.017583,60.03613,0,51.8623,3.138742,60.05012,0,64.4009,0.949050,60.00233,0,PMU
810,6.758333,14809.3,-1.060488,60.10141,0,14936.6,3.123866,60.03963,0,14839,1.021673,59.90092,0,45.5181,-1.017767,59.99650,0,51.8072,3.138803,60.00117,0,64.317,0.949965,60.01748,0,PMU
811,6.766667,14872.3,-1.064211,59.92889,0,14849.4,3.123317,59.98951,0,14866.3,1.028508,60.13056,0,45.504,-1.014654,60.05945,0,51.8226,3.140634,60.03497,0,64.2403,0.950331,60.00699,0,PMU
812,6.775000,14809.6,-1.058657,60.10608,0,14938.9,3.125514,60.04196,0,14838.2,1.023259,59.89975,0,45.4773,-1.015752,59.97902,0,51.8079,3.141610,60.01865,0,64.3149,0.950820,60.00933,0,PMU
813,6.783333,14870.8,-1.062625,59.92423,0,14847.8,3.125087,59.99184,0,14867.6,1.030217,60.13289,0,45.4628,-1.013433,60.04430,0,51.6868,3.142307,60.01332,0,64.23,0.951857,60.01982,0,PMU
814,6.791667,14810.9,-1.057070,60.10608,0,14938.6,3.127084,60.03813,0,14838.7,1.025029,59.90092,0,45.4601,-1.014593,59.97785,0,51.5848,3.142246,59.99883,0,64.1,0.952040,60.00350,0,PMU
815,6.800000,14871.6,-1.060855,59.92773,0,14850.4,3.126613,59.99101,0,14867.1,1.031804,60.12939,0,45.3003,-1.012579,60.03847,0,51.6571,3.144444,60.04196,0,64.0468,0.952895,60.01632,0,PMU
816,6.808333,14810.6,-1.055483,60.10258,0,14937.4,3.128732,60.04047,0,14838.8,1.026677,59.90208,0,45.2367,-1.013921,59.97435,0,51.4548,3.145237,60.01515,0,63.9589,0.953505,60.01166,0,PMU
817,6.816667,14871.7,-1.059451,59.92423,0,14848.4,3.128122,59.98834,0,14866.3,1.033452,60.12939,0,45.2537,-1.010931,60.05712,0,51.4525,3.147129,60.03614,0,63.939,0.954543,60.01982,0,PMU
818,6.825000,14811.1,-1.053958,60.10491,0,14937.4,3.130258,60.04080,0,14839.1,1.028325,59.90208,0,45.4458,-1.010381,60.01049,0,51.5679,3.147129,60.00000,0,63.9897,0.954848,60.00583,0,PMU
819,6.833333,14872,-1.057803,59.92656,0,14846.6,3.129708,59.98951,0,14867.4,1.035159,60.13052,0,45.2704,-1.008794,60.03031,0,52.2957,3.137277,59.81183,0,63.9504,0.956008,60.02215,0,PMU
820,6.841667,14811.1,-1.052371,60.10375,0,14934.8,3.131662,60.03730,0,14839.5,1.029912,59.89979,0,45.2544,-1.009405,59.98834,0,52.9006,3.130197,59.86478,0,63.969,0.956496,60.00933,0,PMU
821,6.850000,14872.9,-1.056155,59.92773,0,14844.4,3.131112,59.98951,0,14867.4,1.036929,60.13401,0,45.1081,-1.006780,60.05012,0,53.0752,3.130563,60.00699,0,63.8948,0.958266,60.03380,0,PMU
822,6.858333,14811.3,-1.050723,60.10375,0,14933.6,3.133065,60.03730,0,14837.6,1.031560,59.89746,0,45.1999,-1.005254,60.02914,0,53.0604,3.129769,59.98485,0,63.8107,0.958144,59.99767,0,PMU
823,6.866667,14870.5,-1.054751,59.92306,0,14844.3,3.132577,59.99067,0,14866.2,1.038272,60.12818,0,45.1426,-1.002575,60.05118,0,53.1081,3.130868,60.02098,0,63.8416,0.958754,60.01166,0,PMU
824,6.875000,14813,-1.049319,60.10374,0,14933.8,3.134591,60.03847,0,14840,1.033147,59.90212,0,45.06,-1.002514,60.00117,0,53.174,3.129831,59.98018,0,63.8219,0.960402,60.03147,0,PMU
825,6.883333,14873,-1.052981,59.93006,0,14846,3.134103,59.99068,0,14865.9,1.039981,60.13052,0,44.8288,-0.998729,60.07227,0,53.2334,3.131723,60.03614,0,63.9184,0.961623,60.02331,0,PMU
826,6.891667,14811.6,-1.047732,60.10024,0,14934.2,3.136300,60.04196,0,14840.4,1.034734,59.89979,0,44.8146,-0.997753,60.01865,0,53.1803,3.131845,60.00233,0,63.9074,0.962843,60.02331,0,PMU
827,6.900000,14875.2,-1.051394,59.93006,0,14844.9,3.135690,59.98834,0,14866.5,1.041751,60.13401,0,44.7301,-0.996471,60.02448,0,53.4028,3.133065,60.02331,0,63.9376,0.963393,60.01049,0,PMU
828,6.908333,14812,-1.045901,60.10491,0,14935.1,3.137765,60.03963,0,14838.6,1.036380,59.89742,0,44.7382,-0.995739,60.01399,0,53.334,3.132943,59.99767,0,63.8454,0.963942,60.01049,0,PMU
829,6.916667,14875.2,-1.049746,59.92656,0,14845.4,3.137277,59.99067,0,14866.9,1.043338,60.13289,0,44.6042,-0.994701,60.01982,0,53.4024,3.135018,60.03963,0,63.8067,0.964186,60.00466,0,PMU
830,6.925000,14812.4,-1.044314,60.10375,0,14933.9,3.139474,60.04196,0,14839.6,1.038089,59.89975,0,44.6526,-0.994640,60.00117,0,53.3619,3.135446,60.00816,0,63.7911,0.965346,60.02215,0,PMU
831,6.933333,14875.4,-1.048099,59.92773,0,14844.9,3.138803,59.98718,0,14864.8,1.044986,60.13172,0,44.4763,-0.992260,60.04546,0,53.323,3.135873,60.00816,0,63.6515,0.965651,60.00583,0,PMU
832,6.941667,14812.4,-1.042727,60.10258,0,14934.7,3.140939,60.04080,0,14838.7,1.039615,59.89742,0,44.4147,-0.993541,59.97552,0,53.2069,3.137155,60.02448,0,63.6923,0.966566,60.01749,0,PMU
833,6.950000,14875.1,-1.046573,59.92656,0,14845.2,3.140329,59.98834,0,14864.9,1.046512,60.13172,0,44.2812,-0.991344,60.04196,0,53.2052,3.138497,60.02565,0,63.605,0.967116,60.01049,0,PMU
834,6.958333,14813.8,-1.041141,60.10375,0,14934.9,3.142491,60.04129,0,14839.2,1.041263,59.89975,0,44.3691,-0.989818,60.02914,0,53.2254,3.139108,60.01166,0,63.7394,0.968703,60.03031,0,PMU
835,6.966667,14875.3,-1.044803,59.93006,0,14847.1,3.142124,59.99301,0,14866.4,1.048160,60.13172,0,44.2987,-0.986645,60.06061,0,53.1576,3.142063,60.05645,0,63.7588,0.969191,60.00933,0,PMU
836,6.975000,14813.6,-1.039493,60.10141,0,14935,3.144200,60.03963,0,14840.1,1.042911,59.89975,0,44.4657,-0.987072,59.99184,0,53.2282,3.142735,60.01282,0,63.8086,0.970412,60.02331,0,PMU
837,6.983333,14877.3,-1.043216,59.92889,0,14846.6,3.143711,59.99067,0,14866.1,1.049930,60.13405,0,44.4677,-0.985058,60.03847,0,53.0618,3.144932,60.04196,0,63.7706,0.970900,60.00933,0,PMU
838,6.991667,14813.1,-1.037906,60.10141,0,14936.1,3.145786,60.03963,0,14838.6,1.044497,59.89625,0,44.6309,-0.985180,59.99767,0,52.9957,3.147495,60.04896,0,63.7398,0.971510,60.01166,0,PMU
839,7.000000,14876.6,-1.041751,59.92656,0,14847.4,3.145359,59.99184,0,14865.4,1.051394,60.13172,0,44.4825,-0.982189,60.05712,0,52.7006,3.151035,60.06761,0,63.6432,0.971938,60.00816,0,PMU
840,7.008333,14813.7,-1.036380,60.10258,0,14935.8,3.147556,60.04196,0,14839.6,1.046084,59.89859,0,44.5304,-0.983959,59.96620,0,52.3394,3.152683,60.03147,0,63.6257,0.972914,60.01865,0,PMU
841,7.016667,14877.1,-1.040164,59.92773,0,14847.8,3.146885,59.98718,0,14864.8,1.052920,60.13055,0,44.4391,-0.980419,60.06761,0,52.196,3.153721,60.01982,0,63.4714,0.972487,59.99184,0,PMU
842,7.025000,14813.4,-1.034673,60.10487,0,14938.5,3.149204,60.04430,0,14839.6,1.047610,59.89859,0,44.4809,-0.982006,59.96969,0,52.2575,3.156755,60.05795,0,63.4291,0.972853,60.00699,0,PMU
843,7.033333,14877,-1.038577,59.92544,0,14847.5,3.148655,59.98951,0,14867.2,1.054690,60.13521,0,44.4226,-0.978527,60.06644,0,52.4001,3.160601,60.07344,0,63.292,0.973036,60.00350,0,PMU
844,7.041667,14815.5,-1.033025,60.10604,0,14938.4,3.150730,60.03963,0,14838.9,1.049380,59.89859,0,44.4387,-0.979504,59.98135,0,52.591,3.161821,60.02331,0,63.1231,0.972914,59.99767,0,PMU
845,7.050000,14877,-1.036807,59.92777,0,14850.3,3.150181,59.98951,0,14866.1,1.056216,60.13055,0,44.3934,-0.976818,60.05129,0,52.7663,3.162371,60.01049,0,63.0248,0.972792,59.99767,0,PMU
846,7.058333,14815.8,-1.031499,60.10137,0,14937.7,3.152439,60.04313,0,14840.2,1.051089,59.90208,0,44.4527,-0.977734,59.98251,0,52.6888,3.162248,59.99767,0,62.9545,0.972853,60.00117,0,PMU
847,7.066667,14878.3,-1.035159,59.93010,0,14849.9,3.151768,59.98718,0,14866,1.057864,60.12939,0,44.2583,-0.974499,60.06178,0,52.6739,3.162737,60.00933,0,62.754,0.973461,60.01162,0,PMU
848,7.075000,14816.2,-1.029729,60.10370,0,14938.5,3.154026,60.04313,0,14840.2,1.052676,59.90092,0,44.1927,-0.976696,59.95804,0,52.6904,3.164141,60.02681,0,62.7362,0.973766,60.00583,0,PMU
849,7.083333,14878.6,-1.033513,59.92773,0,14849.7,3.153416,59.98834,0,14866.6,1.059573,60.13172,0,44.1902,-0.972548,60.07922,0,52.6825,3.164873,60.01399,0,62.5858,0.975414,60.03147,0,PMU
850,7.091667,14818.2,-1.028081,60.10375,0,14940.4,3.155613,60.04196,0,14840.1,1.054324,59.89975,0,44.2462,-0.972426,60.00233,0,52.6566,3.165789,60.01749,0,62.6516,0.975292,59.99767,0,PMU
851,7.100000,14879.7,-1.031682,59.93122,0,14851.5,3.155186,59.99184,0,14865.9,1.061282,60.13289,0,44.1669,-0.968764,60.06994,0,52.5906,3.166094,60.00583,0,62.6459,0.977795,60.04779,0,PMU
852,7.108333,14817.7,-1.026433,60.10025,0,14940.1,3.157366,60.04163,0,14840.1,1.055911,59.89742,0,44.1568,-0.968947,59.99650,0,52.4032,3.165911,59.99650,0,62.7213,0.977917,60.00233,0,PMU
853,7.116667,14879.6,-1.030156,59.92889,0,14851.9,3.156816,59.98951,0,14867.3,1.062869,60.13289,0,44.0916,-0.967604,60.02565,0,52.3416,3.168413,60.04779,0,62.8255,0.981579,60.06994,0,PMU
854,7.125000,14818.1,-1.024907,60.10025,0,14940.7,3.159014,60.04196,0,14841.2,1.057620,59.89975,0,44.0324,-0.966078,60.02914,0,52.3557,3.168779,60.00699,0,62.9194,0.981701,60.00233,0,PMU
855,7.133333,14880.9,-1.028631,59.92889,0,14852.9,3.158464,59.98951,0,14867.2,1.064456,60.13056,0,43.8113,-0.962172,60.07460,0,52.2144,3.170793,60.03847,0,62.9526,0.985363,60.06994,0,PMU
856,7.141667,14817.5,-1.023382,60.10025,0,14939.8,3.160723,60.04313,0,14841.7,1.059268,59.90092,0,43.7874,-0.961867,60.00583,0,52.079,3.171038,60.00466,0,62.9701,0.984386,59.98135,0,PMU
857,7.150000,14882.8,-1.026922,59.93239,0,14850.6,3.159990,59.98601,0,14866.2,1.066330,60.13489,0,43.6914,-0.960036,60.03497,0,52.1043,3.172502,60.02797,0,62.8745,0.987560,60.06062,0,PMU
858,7.158333,14816.6,-1.021612,60.10141,0,14941,3.162248,60.04313,0,14840,1.060916,59.89659,0,43.6666,-0.960158,59.99767,0,51.9166,3.172990,60.00933,0,62.8866,0.985424,59.95920,0,PMU
859,7.166667,14881.7,-1.025457,59.92656,0,14851.6,3.161638,59.98834,0,14867.3,1.067978,60.13489,0,43.7752,-0.958022,60.04080,0,51.9602,3.174577,60.03031,0,62.8921,0.988964,60.06761,0,PMU
860,7.175000,14819.3,-1.020086,60.10258,0,14940.9,3.163774,60.04080,0,14840.3,1.062686,59.89892,0,43.8243,-0.957350,60.01282,0,51.9858,3.174150,59.99184,0,62.9086,0.987988,59.98135,0,PMU
861,7.183333,14882.2,-1.023748,59.93006,0,14854.3,3.163225,59.98951,0,14865.9,1.069504,60.13022,0,43.8324,-0.956008,60.02565,0,52.0518,3.176408,60.04313,0,63.0298,0.991588,60.06877,0,PMU
862,7.191667,14819.1,-1.018499,60.10024,0,14941.1,3.165544,60.04430,0,14842.3,1.064334,59.90125,0,43.7376,-0.955580,60.00816,0,51.9399,3.177080,60.01282,0,63.0034,0.990673,59.98251,0,PMU
863,7.200000,14882.4,-1.022100,59.93123,0,14852.2,3.164812,59.98601,0,14865.6,1.071274,60.13256,0,43.6327,-0.954238,60.02565,0,52.0873,3.178911,60.03497,0,63.0331,0.993908,60.06178,0,PMU
864,7.208333,14818.5,-1.016912,60.09908,0,14940.6,3.166948,60.04080,0,14839.9,1.065798,59.89542,0,43.3771,-0.953444,60.01515,0,52.096,3.178484,59.99184,0,62.9406,0.992016,59.96386,0,PMU
865,7.216667,14883.4,-1.020574,59.93006,0,14853.4,3.166216,59.98601,0,14865.7,1.072678,60.13139,0,43.158,-0.950576,60.05479,0,52.1903,3.180620,60.04080,0,63.0685,0.995250,60.06178,0,PMU
866,7.225000,14819,-1.015325,60.10024,0,14941.1,3.168474,60.04313,0,14841,1.067307,59.89742,0,43.0302,-0.949721,60.01632,0,52.2212,3.180498,59.99767,0,62.9447,0.993969,59.97552,0,PMU
867,7.233333,14883.9,-1.019048,59.92889,0,14853.8,3.167803,59.98718,0,14865.7,1.074265,60.13289,0,42.9099,-0.949233,60.00933,0,52.2007,3.181901,60.02681,0,62.9581,0.996654,60.05129,0,PMU
868,7.241667,14818.3,-1.013738,60.10141,0,14942.1,3.170183,60.04546,0,14840.5,1.068894,59.89742,0,42.8787,-0.947585,60.03147,0,52.203,3.181901,60.00000,0,62.8748,0.995311,59.97435,0,PMU
869,7.250000,14882.4,-1.017583,59.92656,0,14852.8,3.169390,59.98485,0,14864.9,1.075730,60.13056,0,42.8242,-0.947707,59.99767,0,52.3461,3.183671,60.03380,0,62.9505,0.997753,60.04663,0,PMU
870,7.258333,14818.8,-1.012273,60.10141,0,14940.7,3.171648,60.04313,0,14841,1.070420,59.89859,0,42.9309,-0.946242,60.02798,0,52.2878,3.183427,59.99534,0,62.9211,0.998302,60.01049,0,PMU
871,7.266667,14883.4,-1.015874,59.93122,0,14853.8,3.170854,59.98485,0,14865.2,1.077317,60.13172,0,42.8592,-0.945388,60.01632,0,52.3501,3.185442,60.03847,0,62.9723,0.999828,60.02914,0,PMU
872,7.275000,14818.7,-1.010626,60.10025,0,14941,3.173235,60.04546,0,14841.1,1.072068,59.89975,0,42.9393,-0.944411,60.01865,0,52.4441,3.184892,59.98951,0,62.8641,1.000011,60.00350,0,PMU
873,7.283333,14882.5,-1.014410,59.92773,0,14853.6,3.172502,59.98601,0,14865.3,1.078842,60.12939,0,42.9738,-0.944533,59.99767,0,52.4396,3.186540,60.03147,0,62.9678,1.000011,60.00000,0,PMU
874,7.291667,14819.1,-1.009100,60.10141,0,14941.2,3.174882,60.04546,0,14840.7,1.073654,59.90092,0,43.1262,-0.942397,60.04080,0,52.4333,3.186052,59.99067,0,62.8442,1.001598,60.03031,0,PMU
875,7.300000,14881.9,-1.012884,59.92773,0,14853.4,3.174150,59.98601,0,14865.1,1.080429,60.12939,0,43.1243,-0.942109,60.00550,0,52.4184,3.187578,60.02914,0,62.9752,1.001293,59.99417,0,PMU
876,7.308333,14818.4,-1.007574,60.10141,0,14940.6,3.176530,60.04546,0,14841.4,1.075180,59.89975,0,43.1586,-0.941133,60.01865,0,52.2512,3.187028,59.98951,0,62.7779,1.003002,60.03264,0,PMU
877,7.316667,14882.5,-1.011236,59.93006,0,14853.2,3.175615,59.98251,0,14863.5,1.082016,60.13055,0,43.1001,-0.940461,60.01282,0,52.3598,3.188552,60.02910,0,62.8906,1.002330,59.98718,0,PMU
878,7.325000,14818.8,-1.005926,60.10141,0,14941.3,3.178239,60.05012,0,14842.7,1.076889,59.90209,0,43.2107,-0.940278,60.00350,0,52.3345,3.189773,60.02331,0,62.8261,1.005132,60.05351,0,PMU
879,7.333333,14883.1,-1.009649,59.92889,0,14852.1,3.177385,59.98368,0,14864,1.083908,60.13405,0,43.2175,-0.938386,60.03614,0,52.3661,3.191116,60.02565,0,62.841,1.003307,59.96514,0,PMU
880,7.341667,14819.8,-1.004339,60.10141,0,14942,3.179765,60.04546,0,14840.9,1.078476,59.89626,0,43.3487,-0.936982,60.02681,0,52.2976,3.190566,59.98951,0,62.7919,1.006109,60.05351,0,PMU
881,7.350000,14882.4,-1.008001,59.93006,0,14853.9,3.179033,59.98601,0,14863.7,1.085373,60.13172,0,43.3323,-0.937409,59.99184,0,52.3164,3.192397,60.03497,0,62.9785,1.005376,59.98601,0,PMU
882,7.358333,14819.8,-1.002819,60.09897,0,14942.7,3.181413,60.04546,0,14842.6,1.080063,59.89859,0,43.5093,-0.936982,60.00816,0,52.2196,3.191482,59.98251,0,63.0356,1.009344,60.07577,0,PMU
883,7.366667,14883.9,-1.006414,59.93133,0,14853.3,3.180681,59.98601,0,14863.9,1.087082,60.13405,0,43.442,-0.935761,60.02331,0,52.2073,3.193984,60.04779,0,63.0827,1.008672,59.98718,0,PMU
884,7.375000,14819.3,-1.001293,60.09781,0,14942,3.183000,60.04430,0,14841,1.081589,59.89509,0,43.5508,-0.934968,60.01515,0,52.26,3.193984,60.00000,0,63.1415,1.012090,60.06528,0,PMU
885,7.383333,14885.6,-1.004705,59.93483,0,14855.1,3.182329,59.98718,0,14865.3,1.088669,60.13521,0,43.4273,-0.933442,60.02914,0,52.3145,3.196304,60.04430,0,63.2472,1.011114,59.98135,0,PMU
886,7.391667,14818.7,-0.999523,60.09897,0,14941.2,3.184709,60.04546,0,14841.9,1.083359,59.89859,0,43.534,-0.932283,60.02215,0,52.3286,3.196731,60.00816,0,63.3407,1.014593,60.06644,0,PMU
887,7.400000,14885.9,-1.003124,59.93122,0,14853.9,3.183733,59.98135,0,14863.7,1.090317,60.13289,0,43.5046,-0.929170,60.05945,0,52.4987,3.197707,60.01865,0,63.2293,1.013311,59.97552,0,PMU
888,7.408333,14820.6,-0.997814,60.10141,0,14944.3,3.186235,60.04779,0,14842.3,1.084946,59.89742,0,43.6517,-0.930635,59.97202,0,52.4611,3.197890,60.00350,0,63.3166,1.016180,60.05479,0,PMU
889,7.416667,14886,-1.001415,59.93122,0,14855.2,3.185503,59.98601,0,14865.1,1.091965,60.13405,0,43.5408,-0.927461,60.06062,0,52.3519,3.199660,60.03380,0,63.2172,1.015691,59.99067,0,PMU
890,7.425000,14820.5,-0.996288,60.09792,0,14942.1,3.187759,60.04309,0,14840.6,1.086533,59.89625,0,43.6383,-0.928193,59.98601,0,52.2851,3.198623,59.98018,0,63.2068,1.018255,60.04896,0,PMU
891,7.433333,14886.1,-0.999828,59.93239,0,14856,3.187028,59.98605,0,14864.7,1.093491,60.13289,0,43.6165,-0.925691,60.04779,0,52.2457,3.200698,60.03963,0,63.2418,1.017522,59.98601,0,PMU
892,7.441667,14820.3,-0.994762,60.09675,0,14942.4,3.189468,60.04659,0,14842.9,1.088181,59.89859,0,43.7549,-0.926789,59.97902,0,52.1766,3.201186,60.00933,0,63.2901,1.019414,60.03613,0,PMU
893,7.450000,14887.5,-0.998302,59.93239,0,14854.7,3.188491,59.98135,0,14863.5,1.095200,60.13405,0,43.6461,-0.924409,60.04546,0,52.2855,3.202956,60.03380,0,63.2427,1.019903,60.00933,0,PMU
894,7.458333,14819.8,-0.993175,60.09792,0,14943.9,3.191055,60.04896,0,14842.1,1.089645,59.89392,0,43.7637,-0.926301,59.96386,0,52.1339,3.203689,60.01398,0,63.4231,1.021245,60.02565,0,PMU
895,7.466667,14888.3,-0.996654,59.93356,0,14855.6,3.190261,59.98485,0,14865.4,1.096847,60.13755,0,43.6923,-0.923066,60.06178,0,52.1497,3.204177,60.00933,0,63.385,1.022283,60.01982,0,PMU
896,7.475000,14819.8,-0.991405,60.10025,0,14943.6,3.192764,60.04779,0,14840.9,1.091293,59.89392,0,43.651,-0.925752,59.94871,0,52.0095,3.204848,60.01282,0,63.5091,1.023382,60.02098,0,PMU
897,7.483333,14886,-0.995128,59.92889,0,14856.3,3.191848,59.98251,0,14865,1.098188,60.13168,0,43.3683,-0.924165,60.03031,0,51.9442,3.206252,60.02681,0,63.4566,1.024480,60.02098,0,PMU
898,7.491667,14821,-0.989818,60.10141,0,14944.6,3.194411,60.04896,0,14842.9,1.092880,59.89863,0,43.3643,-0.926301,59.95920,0,51.8484,3.207839,60.03031,0,63.6133,1.025396,60.01749,0,PMU
899,7.500000,14886.9,-0.993480,59.93006,0,14856.1,3.193435,59.98135,0,14865.7,1.099897,60.13401,0,43.2311,-0.922273,60.07694,0,51.9805,3.208693,60.01632,0,63.4579,1.026800,60.02681,0,PMU
900,7.508333,14822.5,-0.988171,60.10141,0,14944.8,3.195937,60.04779,0,14842.3,1.094528,59.89746,0,43.2996,-0.923005,59.98601,0,51.9395,3.209426,60.01399,0,63.5115,1.026433,59.99301,0,PMU
901,7.516667,14887.8,-0.991588,59.93473,0,14858.3,3.195205,59.98601,0,14865.9,1.101545,60.13401,0,43.0116,-0.921174,60.03497,0,51.8756,3.210708,60.02448,0,63.4437,1.028508,60.03963,0,PMU
902,7.525000,14822.3,-0.986462,60.09791,0,14944.3,3.197707,60.04779,0,14842.7,1.096237,59.89863,0,43.0428,-0.922212,59.98018,0,51.9003,3.211562,60.01632,0,63.5042,1.027898,59.98834,0,PMU
903,7.533333,14888.5,-0.990001,59.93240,0,14857.9,3.196731,59.98135,0,14864.9,1.103132,60.13168,0,42.8699,-0.918001,60.08043,0,51.8104,3.212050,60.00933,0,63.3452,1.029851,60.03730,0,PMU
904,7.541667,14822.3,-0.984814,60.09908,0,14946.4,3.199355,60.05012,0,14842.7,1.097700,59.89625,0,42.9797,-0.918977,59.98135,0,51.8375,3.212966,60.01749,0,63.4645,1.029241,59.98834,0,PMU
905,7.550000,14888.3,-0.988476,59.93006,0,14856.8,3.198379,59.98135,0,14866,1.104719,60.13405,0,42.8621,-0.916231,60.05246,0,51.8772,3.213698,60.01399,0,63.5009,1.032354,60.05945,0,PMU
906,7.558333,14824.1,-0.983166,60.10141,0,14945.5,3.200881,60.04779,0,14843.1,1.099409,59.89859,0,42.9908,-0.917451,59.97669,0,51.7853,3.214187,60.00933,0,63.5621,1.032293,59.99883,0,PMU
907,7.566667,14888.6,-0.986645,59.93356,0,14858.1,3.199966,59.98251,0,14864.2,1.106367,60.13289,0,42.9691,-0.913545,60.07460,0,51.8167,3.215163,60.01865,0,63.5006,1.034246,60.03730,0,PMU
908,7.575000,14822.7,-0.981640,60.09559,0,14944.2,3.202407,60.04663,0,14843.1,1.100996,59.89742,0,43.0702,-0.915498,59.96270,0,51.7346,3.215468,60.00583,0,63.4805,1.033025,59.97669,0,PMU
909,7.583333,14888.9,-0.985119,59.93356,0,14856.1,3.201369,59.98018,0,14863.5,1.107954,60.13289,0,42.9846,-0.912446,60.05828,0,51.7671,3.215834,60.00699,0,63.4487,1.035159,60.04076,0,PMU
910,7.591667,14823.7,-0.979992,60.09792,0,14944.6,3.203750,60.04546,0,14842.1,1.102522,59.89625,0,43.0741,-0.913545,59.97902,0,51.8206,3.217482,60.03147,0,63.5192,1.034490,59.98722,0,PMU
911,7.600000,14888.8,-0.983532,59.93239,0,14855.8,3.202895,59.98369,0,14864.6,1.109541,60.13405,0,43.1923,-0.909458,60.07806,0,51.951,3.218453,60.01854,0,63.5645,1.037601,60.05941,0,PMU
912,7.608333,14823.4,-0.978466,60.09675,0,14944,3.205214,60.04429,0,14841.8,1.104108,59.89625,0,43.3362,-0.910495,59.98018,0,51.9726,3.219125,60.01282,0,63.5338,1.036624,59.98135,0,PMU
913,7.616667,14890.1,-0.981945,59.93356,0,14857.1,3.204360,59.98368,0,14863.7,1.111066,60.13289,0,43.3891,-0.908298,60.04196,0,52.0454,3.219979,60.01632,0,63.6085,1.039187,60.04896,0,PMU
914,7.625000,14822.7,-0.976879,60.09675,0,14943.9,3.206801,60.04663,0,14842.1,1.105573,59.89509,0,43.4895,-0.910556,59.95687,0,52.131,3.220101,60.00233,0,63.7245,1.039126,59.99883,0,PMU
915,7.633333,14890.1,-0.980419,59.93239,0,14856.6,3.205886,59.98251,0,14864,1.112531,60.13289,0,43.6056,-0.907383,60.06062,0,52.0822,3.220712,60.01166,0,63.8495,1.042178,60.05828,0,PMU
916,7.641667,14823.7,-0.975231,60.09908,0,14944.2,3.208449,60.04896,0,14842.8,1.107160,59.89742,0,43.7899,-0.907810,59.99184,0,52.1278,3.221322,60.01166,0,64.0334,1.042178,60.00000,0,PMU
917,7.650000,14889.8,-0.978710,59.93356,0,14856.2,3.207595,59.98368,0,14863.6,1.114179,60.13405,0,43.7809,-0.906955,60.01632,0,52.1567,3.222298,60.01865,0,64.2405,1.044681,60.04779,0,PMU
918,7.658333,14823.6,-0.973644,60.09675,0,14943.3,3.210036,60.04663,0,14843,1.108808,59.89742,0,43.907,-0.908664,59.96736,0,52.2249,3.221871,59.99184,0,64.414,1.044009,59.98718,0,PMU
919,7.666667,14891.4,-0.977062,59.93472,0,14856.3,3.209182,59.98368,0,14863.4,1.115827,60.13405,0,43.897,-0.905857,60.05362,0,52.1308,3.223031,60.02215,0,64.4691,1.045535,60.02914,0,PMU
920,7.675000,14823.9,-0.971876,60.09904,0,14944.6,3.211684,60.04779,0,14842.5,1.110395,59.89626,0,43.9262,-0.905918,59.99883,0,52.2287,3.222665,59.99301,0,64.4451,1.044742,59.98485,0,PMU
921,7.683333,14891.7,-0.975353,59.93360,0,14856.8,3.210891,59.98485,0,14865,1.117475,60.13521,0,43.8329,-0.904453,60.02798,0,52.0984,3.224129,60.02798,0,64.4679,1.045901,60.02215,0,PMU
922,7.691667,14823.9,-0.970351,60.09554,0,14942.6,3.213271,60.04546,0,14843.3,1.112104,59.89742,0,43.8842,-0.905552,59.97902,0,52.1706,3.224007,59.99767,0,64.3061,1.045840,59.99883,0,PMU
923,7.700000,14892.7,-0.973583,59.93826,0,14857.7,3.212355,59.98251,0,14863.4,1.119123,60.13405,0,43.8601,-0.902805,60.05246,0,52.3189,3.225655,60.03147,0,64.3215,1.046206,60.00699,0,PMU
924,7.708333,14821.8,-0.968703,60.09321,0,14943.3,3.214919,60.04896,0,14843.2,1.113691,59.89625,0,44.0156,-0.904026,59.97669,0,52.165,3.225838,60.00350,0,64.1778,1.046817,60.01166,0,PMU
925,7.716667,14891.1,-0.972304,59.93122,0,14855,3.213881,59.98018,0,14864,1.120710,60.13405,0,44.1025,-0.901584,60.04663,0,52.1384,3.226449,60.01166,0,64.1038,1.047610,60.01515,0,PMU
926,7.725000,14823.8,-0.967177,60.09792,0,14942.4,3.216384,60.04779,0,14842.3,1.115400,59.89859,0,44.1782,-0.902195,59.98834,0,52.1496,3.227181,60.01399,0,63.962,1.048587,60.01865,0,PMU
927,7.733333,14890.2,-0.970717,59.93239,0,14854.9,3.215468,59.98251,0,14864,1.122297,60.13172,0,44.2746,-0.900730,60.02798,0,52.0873,3.228402,60.02331,0,63.9913,1.048831,60.00466,0,PMU
928,7.741667,14824.5,-0.965590,60.09792,0,14941.3,3.218032,60.04896,0,14843.6,1.117109,59.90092,0,44.4714,-0.902988,59.95687,0,52.1203,3.228768,60.00699,0,63.918,1.050113,60.02448,0,PMU
929,7.750000,14891,-0.968947,59.93589,0,14855.8,3.217055,59.98135,0,14863.5,1.124006,60.13172,0,44.3649,-0.902012,60.01865,0,52.139,3.230111,60.02565,0,63.9861,1.050723,60.01165,0,PMU
930,7.758333,14824.7,-0.963820,60.09792,0,14942,3.219613,60.04885,0,14843,1.118757,59.89975,0,44.3166,-0.903110,59.97902,0,52.0882,3.229745,59.99301,0,63.9683,1.052066,60.02565,0,PMU
931,7.766667,14890.5,-0.967360,59.93239,0,14855.5,3.218575,59.98018,0,14862.9,1.125593,60.13056,0,44.2172,-0.902195,60.01748,0,51.9715,3.231515,60.03380,0,63.9973,1.052798,60.01399,0,PMU
932,7.775000,14824,-0.962294,60.09675,0,14942,3.221322,60.05246,0,14844.4,1.120344,59.89975,0,44.3553,-0.901523,60.01282,0,51.9745,3.231759,60.00466,0,64.0092,1.054202,60.02681,0,PMU
933,7.783333,14891.4,-0.965712,59.93472,0,14854.5,3.220284,59.98018,0,14862.8,1.127363,60.13405,0,44.1617,-0.900120,60.02681,0,51.879,3.232919,60.02215,0,63.989,1.054568,60.00699,0,PMU
934,7.791667,14823.8,-0.960585,60.09792,0,14943.1,3.223031,60.05246,0,14843.8,1.121930,59.89625,0,44.2158,-0.900058,60.00117,0,51.7521,3.232430,59.99067,0,63.998,1.055850,60.02448,0,PMU
935,7.800000,14891,-0.964003,59.93472,0,14855,3.221932,59.97902,0,14863.3,1.128993,60.13489,0,44.0072,-0.898838,60.02331,0,51.6886,3.234139,60.03263,0,63.9862,1.056643,60.01515,0,PMU
936,7.808333,14824.3,-0.958998,60.09559,0,14942,3.224496,60.04896,0,14843,1.123517,59.89541,0,44.1573,-0.898411,60.00816,0,51.6077,3.233102,59.98019,0,64.0011,1.057620,60.01865,0,PMU
937,7.816667,14890.5,-0.962416,59.93472,0,14855.6,3.223519,59.98135,0,14863.3,1.130458,60.13256,0,43.9728,-0.896274,60.04080,0,51.6322,3.236092,60.05711,0,64,1.058047,60.00816,0,PMU
938,7.825000,14824.2,-0.957411,60.09558,0,14941,3.226083,60.04896,0,14844.7,1.125165,59.89891,0,44.1087,-0.896579,59.99417,0,51.6664,3.235177,59.98251,0,64.0171,1.059023,60.01865,0,PMU
939,7.833333,14891.2,-0.960585,59.93939,0,14855.8,3.225045,59.98018,0,14862.6,1.132228,60.13489,0,44.0348,-0.894382,60.04196,0,51.6844,3.238167,60.05712,0,63.9667,1.059695,60.01282,0,PMU
940,7.841667,14822.6,-0.955764,60.09208,0,14941.2,3.227731,60.05129,0,14843.6,1.126752,59.89541,0,44.2231,-0.895115,59.98601,0,51.6558,3.237801,59.99301,0,64.0294,1.060427,60.01399,0,PMU
941,7.850000,14891.7,-0.959181,59.93473,0,14853.9,3.226510,59.97669,0,14862.4,1.133815,60.13489,0,44.3324,-0.891697,60.06528,0,51.8862,3.239205,60.02681,0,64.0802,1.061648,60.02331,0,PMU
942,7.858333,14823.8,-0.954116,60.09675,0,14941.8,3.229073,60.04896,0,14842.2,1.128217,59.89308,0,44.5023,-0.892307,59.98834,0,51.8346,3.238289,59.98251,0,64.1401,1.062564,60.01749,0,PMU
943,7.866667,14890.9,-0.957534,59.93472,0,14855.7,3.228036,59.98018,0,14861.8,1.135097,60.13140,0,44.5794,-0.888950,60.06411,0,51.9752,3.241829,60.06761,0,64.2893,1.063540,60.01865,0,PMU
944,7.875000,14823.9,-0.952529,60.09559,0,14941.5,3.230721,60.05129,0,14844,1.129787,59.89859,0,44.7072,-0.889622,59.98718,0,52.0002,3.241036,59.98485,0,64.4689,1.064883,60.02565,0,PMU
945,7.883333,14891.5,-0.955825,59.93705,0,14854.9,3.229623,59.97902,0,14861.5,1.136806,60.13405,0,44.6337,-0.887302,60.04430,0,52.13,3.242867,60.03497,0,64.4788,1.065676,60.01515,0,PMU
946,7.891667,14823.5,-0.950881,60.09442,0,14940.8,3.232308,60.05129,0,14843.2,1.131435,59.89742,0,44.5985,-0.888828,59.97086,0,52.0549,3.242318,59.98951,0,64.52,1.066086,60.00783,0,PMU
947,7.900000,14891.8,-0.954238,59.93589,0,14853.4,3.231210,59.97902,0,14861,1.138515,60.13522,0,44.5278,-0.886448,60.04546,0,52.1392,3.244759,60.04663,0,64.499,1.067246,60.02215,0,PMU
948,7.908333,14822.6,-0.949416,60.09209,0,14939.6,3.233834,60.05012,0,14843.4,1.132961,59.89392,0,44.5022,-0.886509,59.99883,0,52.0444,3.244393,59.99301,0,64.5447,1.067063,59.99650,0,PMU
949,7.916667,14894.3,-0.952712,59.93705,0,14853.8,3.232613,59.97669,0,14861.3,1.140102,60.13638,0,44.4771,-0.883946,60.04896,0,52.0919,3.245125,60.01399,0,64.4646,1.068894,60.03497,0,PMU
950,7.925000,14823,-0.947707,60.09559,0,14941.1,3.235421,60.05362,0,14842.9,1.134548,59.89392,0,44.5069,-0.884983,59.98018,0,52.1199,3.244881,59.99534,0,64.6482,1.068711,59.99650,0,PMU
951,7.933333,14894.3,-0.951186,59.93356,0,14853.7,3.234322,59.97902,0,14862.2,1.141689,60.13638,0,44.5738,-0.883518,60.02798,0,52.0589,3.245797,60.01749,0,64.6413,1.070542,60.03497,0,PMU
952,7.941667,14824.6,-0.946059,60.09792,0,14940.3,3.237069,60.05246,0,14842.9,1.136318,59.89742,0,44.6059,-0.882786,60.01399,0,52.0819,3.246102,60.00583,0,64.7286,1.070725,60.00350,0,PMU
953,7.950000,14893.8,-0.949416,59.93589,0,14854.5,3.235848,59.97669,0,14859.9,1.143276,60.13289,0,44.5475,-0.880528,60.04313,0,52.2452,3.247750,60.03147,0,64.7001,1.071823,60.02098,0,PMU
954,7.958333,14823.3,-0.944472,60.09442,0,14940.7,3.238717,60.05479,0,14843.3,1.137843,59.89625,0,44.5761,-0.881565,59.98018,0,52.1741,3.247628,59.99767,0,64.8755,1.071823,60.00000,0,PMU
955,7.966667,14893.4,-0.947829,59.93589,0,14854.1,3.237557,59.97785,0,14861.5,1.144923,60.13521,0,44.5812,-0.881077,60.00933,0,52.1614,3.248970,60.02565,0,64.8116,1.073960,60.04080,0,PMU
956,7.975000,14825.2,-0.942763,60.09675,0,14940.9,3.240365,60.05362,0,14843.5,1.139552,59.89742,0,44.62,-0.880467,60.01166,0,52.1612,3.249212,60.00462,0,64.8133,1.073044,59.98252,0,PMU
957,7.983333,14892.9,-0.946181,59.93472,0,14853.4,3.239327,59.98018,0,14861.9,1.146632,60.13521,0,44.6545,-0.879019,60.02765,0,52.1176,3.250250,60.01982,0,64.7327,1.074509,60.02798,0,PMU
958,7.991667,14826.7,-0.941010,60.09875,0,14940.5,3.242012,60.05129,0,14843.4,1.141383,59.89976,0,44.6772,-0.878958,60.00117,0,52.2157,3.250494,60.00466,0,64.6899,1.074204,59.99417,0,PMU
959,8.000000,14893,-0.944350,59.93622,0,14854.6,3.240914,59.97902,0,14860.9,1.148341,60.13288,0,44.7421,-0.877615,60.02565,0,52.3916,3.251654,60.02215,0,64.8243,1.076096,60.03614,0,PMU
960,8.008333,14826.2,-0.939424,60.09409,0,14940.9,3.243721,60.05362,0,14844.3,1.143031,59.89859,0,44.759,-0.876455,60.02215,0,52.2379,3.252264,60.01166,0,64.8375,1.076401,60.00583,0,PMU
961,8.016667,14895.1,-0.942763,59.93622,0,14853.8,3.242562,59.97785,0,14861.4,1.150172,60.13638,0,44.8366,-0.874685,60.03380,0,52.3192,3.252264,60.00000,0,64.8939,1.078171,60.03380,0,PMU
962,8.025000,14825.8,-0.937776,60.09525,0,14941.1,3.245247,60.05129,0,14843.1,1.144557,59.89276,0,44.7726,-0.874685,60.00000,0,52.2023,3.253363,60.02098,0,64.8704,1.077683,59.99067,0,PMU
963,8.033333,14894.3,-0.941194,59.93472,0,14853.7,3.244088,59.97785,0,14861.7,1.151637,60.13522,0,44.7828,-0.874746,59.99883,0,52.2359,3.253668,60.00583,0,64.9935,1.079819,60.04080,0,PMU
964,8.041667,14826.2,-0.936189,60.09559,0,14941.5,3.246895,60.05362,0,14844.1,1.146205,59.89625,0,44.8992,-0.872854,60.03614,0,52.3004,3.255926,60.04313,0,65.061,1.078965,59.98368,0,PMU
965,8.050000,14894.5,-0.939546,59.93589,0,14854.3,3.245675,59.97669,0,14861.1,1.153224,60.13405,0,44.9922,-0.872488,60.00699,0,52.3421,3.255011,59.98251,0,65.14,1.081711,60.05245,0,PMU
966,8.058333,14826.9,-0.934480,60.09675,0,14943,3.248482,60.05362,0,14843.6,1.147792,59.89625,0,44.9892,-0.871511,60.01865,0,52.2905,3.256537,60.02914,0,65.2072,1.081162,59.98951,0,PMU
967,8.066667,14894.2,-0.937837,59.93589,0,14855.2,3.247567,59.98251,0,14863.5,1.154933,60.13638,0,44.9666,-0.872366,59.98368,0,52.0846,3.256292,59.99534,0,65.3714,1.083908,60.05245,0,PMU
968,8.075000,14828.2,-0.932893,60.09442,0,14940.7,3.250189,60.05008,0,14845,1.149623,59.89859,0,45.0315,-0.868826,60.06761,0,52.1153,3.256537,60.00466,0,65.3219,1.083664,59.99534,0,PMU
969,8.083333,14895.8,-0.936067,59.93939,0,14854.9,3.249090,59.97902,0,14861,1.156642,60.13405,0,44.8694,-0.868399,60.00816,0,51.968,3.256292,59.99534,0,65.3793,1.084457,60.01515,0,PMU
970,8.091667,14826.7,-0.931306,60.09092,0,14941.2,3.251898,60.05362,0,14845.4,1.151149,59.89509,0,44.8581,-0.867239,60.02215,0,52.0286,3.257757,60.02798,0,65.3589,1.084457,60.00000,0,PMU
971,8.100000,14897.2,-0.934541,59.93822,0,14854.1,3.250677,59.97669,0,14861.7,1.158290,60.13638,0,44.8171,-0.867178,60.00117,0,52.1635,3.257635,59.99767,0,65.4775,1.085861,60.02681,0,PMU
972,8.108333,14827.4,-0.929536,60.09559,0,14942.3,3.253424,60.05246,0,14844.5,1.152797,59.89509,0,44.8784,-0.864431,60.05246,0,52.2945,3.259039,60.02681,0,65.4405,1.086288,60.00816,0,PMU
973,8.116667,14896.3,-0.932832,59.93705,0,14854,3.252325,59.97902,0,14860.7,1.159875,60.13518,0,44.775,-0.864004,60.00815,0,52.2898,3.260138,60.02098,0,65.5637,1.086838,60.01049,0,PMU
974,8.125000,14827,-0.927949,60.09325,0,14941.1,3.255072,60.05246,0,14844.8,1.154445,59.89630,0,44.7921,-0.863150,60.01632,0,52.4181,3.260809,60.01282,0,65.4707,1.088120,60.02448,0,PMU
975,8.133333,14896.8,-0.931184,59.93822,0,14854.5,3.253973,59.97902,0,14860.9,1.161523,60.13518,0,44.8369,-0.862295,60.01632,0,52.4316,3.261480,60.01282,0,65.6013,1.087631,59.99067,0,PMU
976,8.141667,14827.4,-0.926362,60.09208,0,14941.5,3.256659,60.05129,0,14845.3,1.155971,59.89396,0,44.9859,-0.859671,60.05012,0,52.5134,3.262823,60.02565,0,65.5043,1.089035,60.02681,0,PMU
977,8.150000,14898.1,-0.929536,59.93939,0,14856,3.255621,59.98018,0,14862.3,1.163171,60.13751,0,44.9932,-0.858389,60.02448,0,52.6263,3.263556,60.01399,0,65.5932,1.089157,60.00233,0,PMU
978,8.158333,14827.6,-0.924653,60.09325,0,14941.1,3.258368,60.05246,0,14845.2,1.157680,59.89513,0,44.7702,-0.857535,60.01632,0,52.5762,3.264532,60.01865,0,65.5573,1.091293,60.04080,0,PMU
979,8.166667,14899.5,-0.927766,59.94056,0,14855.1,3.257269,59.97902,0,14861.6,1.164880,60.13751,0,44.5692,-0.854971,60.04896,0,52.6045,3.264959,60.00815,0,65.5989,1.091537,60.00466,0,PMU
980,8.175000,14827.5,-0.922883,60.09325,0,14940.8,3.259955,60.05129,0,14844.1,1.159389,59.89513,0,44.574,-0.853201,60.03380,0,52.6943,3.265631,60.01282,0,65.5461,1.092697,60.02215,0,PMU
981,8.183333,14899.3,-0.926118,59.93822,0,14855.5,3.258734,59.97669,0,14861,1.166466,60.13518,0,44.5135,-0.851370,60.03497,0,52.6116,3.266607,60.01865,0,65.5028,1.092453,59.99534,0,PMU
982,8.191667,14828.6,-0.921113,60.09559,0,14941.9,3.261541,60.05362,0,14843.4,1.160973,59.89509,0,44.491,-0.849844,60.02914,0,52.6304,3.267034,60.00816,0,65.5225,1.093857,60.02681,0,PMU
983,8.200000,14897.9,-0.924531,59.93472,0,14856.9,3.260443,59.97902,0,14861.9,1.167931,60.13289,0,44.4542,-0.848504,60.02560,0,52.5569,3.268072,60.01982,0,65.4886,1.094162,60.00583,0,PMU
984,8.208333,14829,-0.919771,60.09092,0,14940.1,3.263311,60.05479,0,14845.9,1.162682,59.89975,0,44.6035,-0.846490,60.03847,0,52.5483,3.267767,59.99417,0,65.5158,1.096054,60.03614,0,PMU
985,8.216667,14899,-0.922944,59.93938,0,14855.9,3.261969,59.97435,0,14860.4,1.169640,60.13289,0,44.5426,-0.845757,60.01399,0,52.4736,3.269781,60.03847,0,65.428,1.096420,60.00699,0,PMU
986,8.225000,14828.6,-0.918062,60.09325,0,14940.7,3.264898,60.05595,0,14845.2,1.164208,59.89625,0,44.6955,-0.845330,60.00816,0,52.5738,3.269903,60.00233,0,65.5713,1.097456,60.01978,0,PMU
987,8.233333,14898.7,-0.921296,59.93822,0,14855.1,3.263617,59.97553,0,14861.1,1.171349,60.13638,0,44.6968,-0.845269,60.00117,0,52.4866,3.271246,60.02565,0,65.5663,1.098432,60.01865,0,PMU
988,8.241667,14829.2,-0.916353,60.09442,0,14941.3,3.266546,60.05595,0,14844.8,1.165917,59.89625,0,44.7363,-0.844964,60.00583,0,52.4395,3.270391,59.98368,0,65.6014,1.099409,60.01865,0,PMU
989,8.250000,14899,-0.919649,59.93705,0,14856.4,3.265264,59.97552,0,14861.5,1.172997,60.13522,0,44.6053,-0.843987,60.01865,0,52.4597,3.273199,60.05362,0,65.527,1.099287,59.99767,0,PMU
990,8.258333,14828.9,-0.914888,60.09092,0,14940,3.268255,60.05712,0,14845.8,1.167565,59.89625,0,44.6331,-0.843865,60.00233,0,52.2621,3.272039,59.97785,0,65.444,1.099714,60.00816,0,PMU
991,8.266667,14899.2,-0.918123,59.93822,0,14854.4,3.266851,59.97319,0,14861,1.174645,60.13522,0,44.6215,-0.842827,60.01982,0,52.3116,3.274725,60.05129,0,65.3208,1.100996,60.02448,0,PMU
992,8.275000,14829.8,-0.913118,60.09559,0,14940.3,3.269903,60.05828,0,14845,1.169274,59.89742,0,44.6911,-0.841790,60.01982,0,52.351,3.274297,59.99184,0,65.4221,1.101484,60.00933,0,PMU
993,8.283333,14898.3,-0.916292,59.93938,0,14855.6,3.268621,59.97552,0,14860.9,1.176354,60.13521,0,44.5985,-0.840264,60.02914,0,52.3535,3.276861,60.04896,0,65.3562,1.102583,60.02098,0,PMU
994,8.291667,14830,-0.911348,60.09442,0,14940.6,3.271612,60.05712,0,14845.5,1.170983,59.89742,0,44.5696,-0.840081,60.00350,0,52.3949,3.275823,59.98018,0,65.4545,1.102583,60.00000,0,PMU
995,8.300000,14898.3,-0.914583,59.93822,0,14854.6,3.270208,59.97319,0,14860.1,1.178002,60.13405,0,44.487,-0.839348,60.01399,0,52.5909,3.278326,60.04779,0,65.4719,1.104353,60.03380,0,PMU
996,8.308333,14828.8,-0.909885,60.08972,0,14940.6,3.273016,60.05362,0,14844.9,1.172448,59.89393,0,44.541,-0.839348,60.00000,0,52.541,3.277960,59.99301,0,65.5504,1.104658,60.00583,0,PMU
997,8.316667,14899.7,-0.913057,59.93943,0,14855.5,3.271917,59.97902,0,14862.5,1.179650,60.13755,0,44.6499,-0.837456,60.03614,0,52.6076,3.280567,60.04979,0,65.6747,1.107404,60.05246,0,PMU
998,8.325000,14830.2,-0.908115,60.09438,0,14938.9,3.274725,60.05362,0,14844.9,1.174279,59.89742,0,44.6981,-0.836968,60.00933,0,52.5884,3.278692,59.96420,0,65.6349,1.107282,59.99767,0,PMU
999,8.333333,14899.1,-0.911287,59.93943,0,14854.4,3.273382,59.97435,0,14859.3,1.181298,60.13405,0,44.6442,-0.836419,60.01049,0,52.5841,3.281238,60.04863,0,65.6157,1.108625,60.02565,0,PMU
1000,8.341667,14828.6,-0.906650,60.08855,0,14939,3.276434,60.05828,0,14845.8,1.175866,59.89625,0,44.7925,-0.835992,60.00816,0,52.584,3.280567,59.98718,0,65.7012,1.107710,59.98251,0,PMU
1001,8.350000,14900.2,-0.909824,59.93938,0,14853.3,3.274847,59.96969,0,14859.1,1.182885,60.13405,0,44.7322,-0.833794,60.04196,0,52.7149,3.281848,60.02448,0,65.6368,1.110090,60.04546,0,PMU
1002,8.358333,14829,-0.904941,60.09325,0,14941.5,3.277899,60.05828,0,14846.1,1.177330,59.89392,0,44.7693,-0.833733,60.00117,0,52.7028,3.281726,59.99767,0,65.7598,1.109907,59.99650,0,PMU
1003,8.366667,14901.1,-0.907993,59.94172,0,14853.7,3.276739,59.97785,0,14861.2,1.184716,60.14105,0,44.5557,-0.832757,60.01865,0,52.6938,3.283679,60.03730,0,65.7382,1.111860,60.03730,0,PMU
1004,8.375000,14829.3,-0.903232,60.09092,0,14938.7,3.279485,60.05246,0,14844.2,1.179161,59.89392,0,44.5576,-0.832513,60.00466,0,52.6783,3.282459,59.97669,0,65.6738,1.111372,59.99067,0,PMU
1005,8.383333,14900.4,-0.906284,59.94172,0,14854.9,3.278265,59.97669,0,14859.4,1.186241,60.13522,0,44.4243,-0.829766,60.05246,0,52.6111,3.284473,60.03847,0,65.68,1.112653,60.02448,0,PMU
1006,8.391667,14828.3,-0.901645,60.08859,0,14938.1,3.281177,60.05562,0,14844.7,1.180809,59.89625,0,44.4138,-0.829888,59.99767,0,52.4996,3.284595,60.00233,0,65.6526,1.113080,60.00815,0,PMU
1007,8.400000,14900.7,-0.904819,59.93939,0,14853.3,3.279730,59.97236,0,14858.8,1.187767,60.13289,0,44.3351,-0.827203,60.05129,0,52.6341,3.285755,60.02215,0,65.7174,1.114850,60.03380,0,PMU
1008,8.408333,14829.4,-0.900058,60.09092,0,14939.5,3.282764,60.05795,0,14845.2,1.182274,59.89509,0,44.3853,-0.827935,59.98601,0,52.5065,3.285694,59.99883,0,65.7049,1.115400,60.01049,0,PMU
1009,8.416667,14903,-0.903110,59.94172,0,14855.5,3.281482,59.97552,0,14860.7,1.189476,60.13755,0,44.389,-0.824639,60.06295,0,52.6453,3.287647,60.03730,0,65.7976,1.116681,60.02448,0,PMU
1010,8.425000,14830.1,-0.898166,60.09442,0,14940.3,3.284595,60.05945,0,14845.9,1.184166,59.89859,0,44.3483,-0.825494,59.98368,0,52.5737,3.288013,60.00699,0,65.6739,1.116315,59.99301,0,PMU
1011,8.433333,14901.9,-0.901340,59.93938,0,14854,3.283130,59.97202,0,14858.6,1.191229,60.13489,0,44.3195,-0.823358,60.04080,0,52.5256,3.288623,60.01166,0,65.6741,1.118268,60.03730,0,PMU
1012,8.441667,14830.3,-0.896457,60.09325,0,14941,3.286243,60.05945,0,14845.6,1.185814,59.89659,0,44.4566,-0.824456,59.97902,0,52.533,3.289905,60.02448,0,65.7783,1.119001,60.01399,0,PMU
1013,8.450000,14902,-0.899692,59.93822,0,14855.4,3.284961,59.97552,0,14860.3,1.192938,60.13605,0,44.526,-0.821527,60.05595,0,52.7112,3.291065,60.02215,0,65.9083,1.120649,60.03147,0,PMU
1014,8.458333,14831.5,-0.894871,60.09208,0,14938.6,3.287891,60.05595,0,14845.3,1.187584,59.89775,0,44.6177,-0.822503,59.98135,0,52.6955,3.291614,60.01049,0,65.8982,1.121320,60.01282,0,PMU
1015,8.466667,14903.2,-0.897861,59.94289,0,14856.2,3.286487,59.97319,0,14858.5,1.194586,60.13372,0,44.5365,-0.820245,60.04313,0,52.8489,3.292713,60.02098,0,65.9411,1.121808,60.00933,0,PMU
1016,8.475000,14829.9,-0.893040,60.09208,0,14940.2,3.289783,60.06295,0,14846.2,1.189171,59.89659,0,44.6101,-0.821221,59.98135,0,52.8301,3.293689,60.01865,0,66.0255,1.122236,60.00816,0,PMU
1017,8.483333,14902.3,-0.896335,59.93706,0,14852.9,3.288074,59.96736,0,14858.2,1.196234,60.13489,0,44.6493,-0.817864,60.06411,0,52.7893,3.292896,59.98485,0,66.0198,1.123639,60.02681,0,PMU
1018,8.491667,14831.4,-0.891392,60.09442,0,14940.9,3.291309,60.06178,0,14845.2,1.190758,59.89542,0,44.619,-0.817437,60.00816,0,52.8146,3.293933,60.01982,0,66.16,1.124128,60.00933,0,PMU
1019,8.500000,14902.4,-0.894505,59.94055,0,14854.5,3.289905,59.97319,0,14859.2,1.197882,60.13605,0,44.4874,-0.814891,60.04863,0,52.9343,3.295032,60.02098,0,66.3096,1.125531,60.02681,0,PMU
1020,8.508333,14832.7,-0.889683,60.09209,0,14939.7,3.293018,60.05945,0,14846.3,1.192511,59.89742,0,44.5309,-0.815074,59.99650,0,52.9719,3.296008,60.01865,0,66.4207,1.126325,60.01515,0,PMU
1021,8.516667,14902.5,-0.892735,59.94172,0,14854.8,3.291553,59.97202,0,14857.6,1.199530,60.13405,0,44.4437,-0.812206,60.05479,0,53.0225,3.296619,60.01166,0,66.4299,1.127301,60.01865,0,PMU
1022,8.525000,14829.7,-0.888340,60.08393,0,14935.4,3.294239,60.05129,0,14840.9,1.193853,59.89159,0,44.2912,-0.813365,59.97785,0,52.9583,3.297656,60.01982,0,66.4302,1.127912,60.01166,0,PMU
1023,8.533333,14898.6,-0.891636,59.93705,0,14852.2,3.292713,59.97086,0,14855.4,1.200567,60.12822,0,44.2782,-0.811412,60.03730,0,53.0527,3.298450,60.01515,0,66.5211,1.128095,60.00350,0,PMU
1024,8.541667,14832.7,-0.886875,60.09092,0,14939.6,3.295825,60.05945,0,14845.5,1.195257,59.89859,0,44.3507,-0.810375,60.01982,0,53.1881,3.299609,60.02215,0,66.6375,1.129482,60.02648,0,PMU
1025,8.550000,14901.1,-0.889866,59.94288,0,14853.1,3.294422,59.97319,0,14855.5,1.202459,60.13755,0,44.3376,-0.808360,60.03847,0,53.2923,3.300098,60.00933,0,66.674,1.130336,60.01632,0,PMU
1026,8.558333,14831.4,-0.885166,60.08976,0,14939,3.297473,60.05828,0,14844.7,1.196905,59.89392,0,44.1876,-0.808605,59.99534,0,53.2731,3.300586,60.00933,0,66.6176,1.130397,60.00117,0,PMU
1027,8.566667,14903.3,-0.888157,59.94288,0,14853.7,3.296130,59.97435,0,14856.7,1.204229,60.13988,0,44.2301,-0.806835,60.03380,0,53.3523,3.301440,60.01632,0,66.6416,1.131130,60.01399,0,PMU
1028,8.575000,14830.6,-0.883396,60.09092,0,14938.7,3.299182,60.05828,0,14843.3,1.198675,59.89392,0,44.1694,-0.806957,59.99767,0,53.3921,3.302356,60.01749,0,66.7073,1.131923,60.01515,0,PMU
1029,8.583333,14903.4,-0.886570,59.93938,0,14853.3,3.297717,59.97202,0,14855.7,1.205816,60.13639,0,44.3035,-0.804454,60.04779,0,53.3245,3.302356,60.00000,0,66.7259,1.132778,60.01632,0,PMU
1030,8.591667,14832,-0.881748,60.09209,0,14938.9,3.300891,60.06062,0,14844.9,1.200323,59.89509,0,44.1692,-0.803539,60.01749,0,53.3416,3.303943,60.03031,0,66.7789,1.133632,60.01632,0,PMU
1031,8.600000,14904.2,-0.884678,59.94405,0,14854.7,3.299426,59.97202,0,14855.6,1.207525,60.13755,0,44.1621,-0.802684,60.01632,0,53.3901,3.303760,59.99650,0,66.7552,1.134670,60.01982,0,PMU
1032,8.608333,14830.6,-0.880039,60.08859,0,14939.2,3.302600,60.06062,0,14844.3,1.201910,59.89276,0,44.055,-0.802013,60.01282,0,53.3396,3.305408,60.03147,0,66.9011,1.135463,60.01515,0,PMU
1033,8.616667,14904.5,-0.883152,59.94055,0,14852.7,3.301135,59.97202,0,14856.7,1.209234,60.13988,0,44.1344,-0.800853,60.02214,0,53.2919,3.305408,60.00000,0,66.8331,1.136379,60.01748,0,PMU
1034,8.625000,14832.4,-0.878286,60.09293,0,14938.6,3.304187,60.05828,0,14842.7,1.203741,59.89509,0,44.0826,-0.798229,60.05012,0,53.4831,3.305896,60.00933,0,66.7369,1.136745,60.00699,0,PMU
1035,8.633333,14903.2,-0.881382,59.94088,0,14854.2,3.302844,59.97436,0,14855.8,1.210760,60.13405,0,43.9926,-0.798839,59.98834,0,53.2856,3.307666,60.03380,0,66.6484,1.136440,59.99417,0,PMU
1036,8.641667,14831.5,-0.876821,60.08710,0,14937.1,3.305835,60.05712,0,14844.5,1.205328,59.89626,0,44.0293,-0.797619,60.02331,0,53.4101,3.307666,60.00000,0,66.6349,1.138332,60.03614,0,PMU
1037,8.650000,14905.2,-0.879734,59.94437,0,14853.4,3.304431,59.97319,0,14855.2,1.212530,60.13755,0,43.972,-0.796642,60.01865,0,53.3978,3.308948,60.02448,0,66.713,1.139125,60.01515,0,PMU
1038,8.658333,14830.8,-0.875113,60.08827,0,14937.4,3.307483,60.05828,0,14843.4,1.206915,59.89276,0,43.9516,-0.794933,60.03264,0,53.5103,3.309253,60.00583,0,66.8434,1.140529,60.02681,0,PMU
1039,8.666667,14905,-0.878103,59.94288,0,14854.1,3.306079,59.97319,0,14856.2,1.214056,60.13639,0,43.9481,-0.794384,60.01049,0,53.4797,3.311145,60.03614,0,66.8026,1.140712,60.00350,0,PMU
1040,8.675000,14831.4,-0.873404,60.08976,0,14938.2,3.309253,60.06062,0,14844.8,1.208685,59.89742,0,43.9524,-0.793102,60.02448,0,53.5427,3.311450,60.00583,0,66.7759,1.142360,60.03147,0,PMU
1041,8.683333,14904.1,-0.876577,59.93938,0,14852.1,3.307727,59.97086,0,14854.6,1.215765,60.13522,0,44.0748,-0.791820,60.02448,0,53.4635,3.311814,60.00695,0,66.7614,1.142055,59.99417,0,PMU
1042,8.691667,14831.8,-0.871939,60.08859,0,14936.9,3.310779,60.05828,0,14843.5,1.210272,59.89509,0,44.1296,-0.790477,60.02565,0,53.5095,3.312058,60.00466,0,66.7615,1.143703,60.03147,0,PMU
1043,8.700000,14905.3,-0.874929,59.94288,0,14851.9,3.309253,59.97086,0,14854.6,1.217352,60.13522,0,44.1654,-0.790416,60.00117,0,53.5683,3.313401,60.02565,0,66.8968,1.144008,60.00582,0,PMU
1044,8.708333,14832.5,-0.870169,60.09092,0,14935.9,3.312241,60.05708,0,14841.3,1.211797,59.89392,0,44.182,-0.789684,60.01399,0,53.5028,3.313218,59.99650,0,66.986,1.146022,60.03847,0,PMU
1045,8.716667,14904.1,-0.873281,59.94055,0,14852.6,3.310718,59.97090,0,14852.6,1.218633,60.13056,0,44.2639,-0.789074,60.01166,0,53.5523,3.314500,60.02448,0,67.0134,1.146022,60.00000,0,PMU
1046,8.725000,14831.6,-0.868643,60.08859,0,14935.4,3.313889,60.06057,0,14842.2,1.213201,59.89625,0,44.4593,-0.787426,60.03147,0,53.7232,3.314500,60.00000,0,67.1495,1.147426,60.02681,0,PMU
1047,8.733333,14904.4,-0.871756,59.94055,0,14850.2,3.312241,59.96853,0,14852.4,1.220281,60.13522,0,44.4962,-0.788036,59.98834,0,53.7574,3.315903,60.02681,0,67.0991,1.147304,59.99767,0,PMU
1048,8.741667,14831.4,-0.867117,60.08859,0,14935.7,3.315354,60.05945,0,14840.5,1.214605,59.89159,0,44.5752,-0.786876,60.02215,0,53.8553,3.316453,60.01049,0,67.2481,1.148280,60.01865,0,PMU
1049,8.750000,14904.2,-0.870230,59.94055,0,14850.1,3.313767,59.96969,0,14852.6,1.221807,60.13755,0,44.5721,-0.786571,60.00583,0,53.8975,3.317551,60.02098,0,67.2515,1.149318,60.01982,0,PMU
1050,8.758333,14833.1,-0.865469,60.09092,0,14935.2,3.316819,60.05828,0,14839.3,1.216192,59.89276,0,44.572,-0.784530,60.03898,0,53.9136,3.316453,59.97902,0,67.32,1.149867,60.01049,0,PMU
1051,8.766667,14904.5,-0.868399,59.94405,0,14852.8,3.315415,59.97319,0,14852.6,1.223270,60.13518,0,44.4316,-0.784894,59.99305,0,53.9726,3.319138,60.05129,0,67.3458,1.150233,60.00699,0,PMU
1052,8.775000,14832,-0.863943,60.08509,0,14933.7,3.318467,60.05828,0,14841,1.217840,59.89630,0,44.5352,-0.783188,60.03260,0,53.9816,3.317307,59.96503,0,67.3932,1.151210,60.01865,0,PMU
1053,8.783333,14904.9,-0.866873,59.94405,0,14850.9,3.316880,59.96969,0,14851.2,1.224918,60.13518,0,44.4873,-0.782699,60.00933,0,53.9356,3.320054,60.05246,0,67.3379,1.152186,60.01865,0,PMU
1054,8.791667,14831.4,-0.862295,60.08742,0,14935,3.320054,60.06061,0,14840,1.219244,59.89163,0,44.6296,-0.780990,60.03264,0,53.9943,3.319566,59.99067,0,67.4612,1.152064,59.99767,0,PMU
1055,8.800000,14906,-0.865225,59.94405,0,14851.9,3.318467,59.96969,0,14853,1.226505,60.13867,0,44.6183,-0.781540,59.98951,0,54.1466,3.322190,60.05012,0,67.4284,1.154017,60.03730,0,PMU
1056,8.808333,14833.1,-0.860586,60.08859,0,14934.7,3.321702,60.06178,0,14840.5,1.221014,59.89513,0,44.7779,-0.779648,60.03614,0,54.0591,3.321030,59.97785,0,67.5824,1.154567,60.01049,0,PMU
1057,8.816667,14905.5,-0.863638,59.94172,0,14850.4,3.320054,59.96853,0,14852,1.228153,60.13634,0,44.6985,-0.778793,60.01632,0,54.0742,3.323350,60.04430,0,67.6083,1.157374,60.05362,0,PMU
1058,8.825000,14832.1,-0.859061,60.08743,0,14934.7,3.323228,60.06062,0,14840.4,1.222537,59.89276,0,44.7623,-0.778305,60.00933,0,54.1019,3.322800,59.98951,0,67.9246,1.157313,59.99883,0,PMU
1059,8.833333,14903.5,-0.862051,59.94288,0,14848.1,3.321519,59.96736,0,14849.8,1.229556,60.13405,0,44.643,-0.777633,60.01282,0,54.0931,3.324631,60.03497,0,67.9849,1.159875,60.04892,0,PMU
1060,8.841667,14830.3,-0.857779,60.08160,0,14931.7,3.324326,60.05362,0,14837.1,1.223758,59.88926,0,44.6003,-0.778183,59.98951,0,54.0175,3.323350,59.97552,0,68.1353,1.158717,59.97789,0,PMU
1061,8.850000,14905.4,-0.860586,59.94638,0,14851,3.322739,59.96969,0,14849.9,1.230838,60.13522,0,44.604,-0.775863,60.04430,0,54.2081,3.325852,60.04779,0,68.2291,1.161156,60.04659,0,PMU
1062,8.858333,14831.3,-0.856131,60.08509,0,14932.6,3.326035,60.06295,0,14839.5,1.225345,59.89509,0,44.5765,-0.775253,60.01166,0,54.0151,3.324876,59.98135,0,68.2271,1.159450,59.96740,0,PMU
1063,8.866667,14905.6,-0.859000,59.94521,0,14848.9,3.324509,59.97086,0,14852.1,1.232608,60.13872,0,44.6013,-0.774826,60.00816,0,54.1366,3.327256,60.04546,0,68.2322,1.162194,60.05241,0,PMU
1064,8.875000,14831.2,-0.854361,60.08859,0,14932.1,3.327683,60.06061,0,14838.2,1.227176,59.89625,0,44.6619,-0.773910,60.01749,0,54.165,3.326157,59.97902,0,68.2027,1.159814,59.95454,0,PMU
1065,8.883333,14905.7,-0.857230,59.94521,0,14849.4,3.326218,59.97203,0,14851.9,1.234317,60.13638,0,44.7908,-0.773605,60.00583,0,54.1956,3.327500,60.02564,0,68.2855,1.163354,60.06761,0,PMU
1066,8.891667,14831.4,-0.852652,60.08743,0,14933.1,3.329514,60.06294,0,14840.2,1.228946,59.89742,0,44.9006,-0.772262,60.02565,0,54.2538,3.327256,59.99534,0,68.1988,1.161401,59.96270,0,PMU
1067,8.900000,14907.1,-0.855521,59.94521,0,14849.3,3.327744,59.96620,0,14850.4,1.236087,60.13638,0,44.706,-0.771713,60.01049,0,54.3038,3.328598,60.02565,0,68.1089,1.164330,60.05595,0,PMU
1068,8.908333,14831.2,-0.851065,60.08509,0,14932.1,3.331101,60.06411,0,14840.6,1.230655,59.89625,0,44.8476,-0.771896,59.99650,0,54.2646,3.327927,59.98718,0,68.0372,1.162194,59.95920,0,PMU
1069,8.916667,14907.2,-0.853995,59.94405,0,14848.7,3.329453,59.96853,0,14851,1.237796,60.13638,0,44.8158,-0.770981,60.01749,0,54.3073,3.329514,60.03031,0,67.966,1.164880,60.05129,0,PMU
1070,8.925000,14832,-0.849417,60.08743,0,14932.5,3.332749,60.06295,0,14840.1,1.232425,59.89742,0,44.9855,-0.769821,60.02215,0,54.4628,3.329453,59.99883,0,67.9432,1.163293,59.96969,0,PMU
1071,8.933333,14905.7,-0.852469,59.94172,0,14848.7,3.331040,59.96736,0,14850.6,1.239383,60.13288,0,44.9214,-0.769333,60.00933,0,54.4815,3.331345,60.03614,0,68.0021,1.165734,60.04663,0,PMU
1072,8.941667,14834,-0.847771,60.08972,0,14933.2,3.334336,60.06295,0,14840.7,1.234134,59.89976,0,44.9359,-0.769272,60.00117,0,54.472,3.331040,59.99417,0,67.8409,1.165551,59.99650,0,PMU
1073,8.950000,14905.8,-0.850760,59.94292,0,14848.8,3.332566,59.96620,0,14848.7,1.240909,60.12939,0,44.8185,-0.768234,60.01981,0,54.6104,3.332322,60.02448,0,68.0166,1.167626,60.03963,0,PMU
1074,8.958333,14832.5,-0.846245,60.08622,0,14932.5,3.335862,60.06295,0,14840.3,1.235477,59.89626,0,44.8285,-0.767746,60.00933,0,54.536,3.332505,60.00350,0,67.9494,1.167565,59.99883,0,PMU
1075,8.966667,14905.3,-0.849234,59.94292,0,14848.3,3.334214,59.96853,0,14849.9,1.242435,60.13288,0,44.7681,-0.766769,60.01865,0,54.646,3.333420,60.01749,0,68.1644,1.168969,60.02681,0,PMU
1076,8.975000,14833.2,-0.844720,60.08622,0,14931.4,3.337449,60.06178,0,14841.4,1.237064,59.89742,0,44.7161,-0.767197,59.99184,0,54.6643,3.334519,60.02098,0,68.1891,1.170006,60.01982,0,PMU
1077,8.983333,14906.1,-0.847466,59.94754,0,14848.9,3.335801,59.96853,0,14848.1,1.244021,60.13288,0,44.6519,-0.765488,60.03264,0,54.7462,3.334641,60.00233,0,68.3616,1.170861,60.01632,0,PMU
1078,8.991667,14832.7,-0.842888,60.08743,0,14932.1,3.339219,60.06528,0,14840.4,1.238650,59.89742,0,44.7073,-0.764328,60.02215,0,54.7763,3.335617,60.01865,0,68.4094,1.171960,60.02098,0,PMU
1079,9.000000,14906,-0.845879,59.94288,0,14846.3,3.337449,59.96620,0,14849,1.245730,60.13522,0,44.6418,-0.763596,60.01399,0,54.8449,3.335862,60.00466,0,68.4368,1.172387,60.00816,0,PMU
1080,9.008333,14834,-0.841302,60.08743,0,14931.9,3.340683,60.06178,0,14840.3,1.240237,59.89509,0,44.7314,-0.761703,60.03614,0,54.9343,3.335740,59.99767,0,68.3812,1.173058,60.01282,0,PMU
1081,9.016667,14905.8,-0.844048,59.94754,0,14849,3.339096,59.96969,0,14848.5,1.247256,60.13405,0,44.6386,-0.761398,60.00583,0,55.0496,3.336411,60.01282,0,68.5675,1.173791,60.01399,0,PMU
1082,9.025000,14832,-0.839776,60.08160,0,14930,3.342270,60.06062,0,14840.9,1.241763,59.89509,0,44.7202,-0.760910,60.00932,0,55.2446,3.335801,59.98834,0,68.5384,1.175255,60.02797,0,PMU
1083,9.033333,14908,-0.842522,59.94754,0,14846.7,3.340439,59.96503,0,14846.8,1.248904,60.13638,0,44.573,-0.759811,60.02098,0,55.4523,3.335556,59.99534,0,68.6217,1.175194,59.99884,0,PMU
1084,9.041667,14832.6,-0.838006,60.08626,0,14931.3,3.343840,60.06495,0,14840.7,1.243289,59.89276,0,44.6361,-0.759445,60.00699,0,55.6773,3.336472,60.01749,0,68.7063,1.176598,60.02681,0,PMU
1085,9.050000,14908.2,-0.840874,59.94521,0,14847.1,3.342087,59.96652,0,14849.1,1.250591,60.13946,0,44.6196,-0.758469,60.01865,0,55.8438,3.335617,59.98368,0,68.7313,1.177330,60.01399,0,PMU
1086,9.058333,14833.6,-0.836297,60.08743,0,14930.9,3.345427,60.06379,0,14840.8,1.245120,59.89551,0,44.7206,-0.756882,60.03031,0,55.9283,3.336777,60.02215,0,68.8149,1.178734,60.02681,0,PMU
1087,9.066667,14907.2,-0.839226,59.94405,0,14845.9,3.343657,59.96620,0,14847.3,1.252178,60.13480,0,44.6882,-0.755417,60.02798,0,55.9885,3.336533,59.99534,0,68.7346,1.178673,59.99883,0,PMU
1088,9.075000,14833.4,-0.834832,60.08393,0,14929.4,3.346892,60.06178,0,14840,1.246707,59.89551,0,44.8304,-0.755539,59.99767,0,56.2047,3.337326,60.01515,0,68.826,1.180748,60.03963,0,PMU
1089,9.083333,14907.5,-0.837578,59.94754,0,14846.9,3.345305,59.96969,0,14847.9,1.253887,60.13713,0,44.7436,-0.754440,60.02098,0,56.1147,3.338120,60.01515,0,68.8896,1.181237,60.00933,0,PMU
1090,9.091667,14831.2,-0.833306,60.08160,0,14926.7,3.348418,60.05945,0,14837.4,1.248294,59.89318,0,44.8078,-0.753586,60.01632,0,56.1176,3.339280,60.02215,0,68.832,1.182213,60.01865,0,PMU
1091,9.100000,14907.5,-0.836175,59.94521,0,14846.6,3.346587,59.96503,0,14846.4,1.255230,60.13246,0,44.6698,-0.752627,60.01832,0,56.0984,3.339219,59.99883,0,68.7883,1.181603,59.98834,0,PMU
1092,9.108333,14832.4,-0.831780,60.08392,0,14928.7,3.350066,60.06644,0,14840.5,1.249920,59.89859,0,44.6869,-0.753708,59.97935,0,55.9614,3.341050,60.03497,0,68.7436,1.183373,60.03380,0,PMU
1093,9.116667,14909.4,-0.834466,59.94872,0,14846.2,3.348296,59.96620,0,14846.5,1.257183,60.13872,0,44.651,-0.751284,60.04629,0,55.9298,3.341416,60.00699,0,68.7263,1.183312,59.99883,0,PMU
1094,9.125000,14831.6,-0.830071,60.08392,0,14929.4,3.351775,60.06644,0,14839,1.251507,59.89159,0,44.7132,-0.751528,59.99534,0,55.8296,3.342637,60.02331,0,68.7499,1.184716,60.02681,0,PMU
1095,9.133333,14909.9,-0.832818,59.94754,0,14846.5,3.350066,59.96736,0,14848.4,1.258831,60.13988,0,44.7393,-0.750063,60.02798,0,55.7594,3.342864,60.00434,0,68.7782,1.185631,60.01749,0,PMU
1096,9.141667,14832.9,-0.828240,60.08743,0,14930.6,3.353545,60.06644,0,14839,1.253277,59.89392,0,44.6458,-0.750490,59.99184,0,55.6449,3.345732,60.05479,0,68.8016,1.185875,60.00466,0,PMU
1097,9.150000,14907.7,-0.831170,59.94405,0,14847.3,3.351775,59.96620,0,14847.1,1.260357,60.13522,0,44.5963,-0.748904,60.03031,0,55.6542,3.345549,59.99650,0,68.811,1.187096,60.02331,0,PMU
1098,9.158333,14832.9,-0.826776,60.08393,0,14929.2,3.355193,60.06528,0,14840.5,1.254864,59.89509,0,44.6994,-0.748354,60.01049,0,55.5867,3.347014,60.02798,0,68.9209,1.188073,60.01865,0,PMU
1099,9.166667,14910.1,-0.829583,59.94638,0,14847.3,3.353362,59.96503,0,14847.6,1.262065,60.13755,0,44.5688,-0.747561,60.01515,0,55.5629,3.347258,60.00466,0,68.8977,1.189659,60.03031,0,PMU
1100,9.175000,14833.6,-0.825006,60.08743,0,14930.6,3.356902,60.06761,0,14839.4,1.256511,59.89393,0,44.5531,-0.746889,60.01282,0,55.6722,3.349150,60.03614,0,69.0527,1.189598,59.99883,0,PMU
1101,9.183333,14908.3,-0.827874,59.94521,0,14847,3.355071,59.96503,0,14846.9,1.263652,60.13638,0,44.523,-0.747073,59.99650,0,55.5059,3.349394,60.00466,0,69.0454,1.191717,60.04047,0,PMU
1102,9.191667,14834.6,-0.823297,60.08743,0,14930.6,3.358610,60.06760,0,14839.8,1.258159,59.89509,0,44.7616,-0.744936,60.04080,0,55.648,3.349761,60.00699,0,69.1983,1.191595,59.99767,0,PMU
1103,9.200000,14908.7,-0.826043,59.94754,0,14848.6,3.356719,59.96387,0,14846.6,1.265239,60.13521,0,44.6521,-0.744814,60.00233,0,55.6618,3.350737,60.01865,0,69.1773,1.192572,60.01865,0,PMU
1104,9.208333,14833.5,-0.821588,60.08509,0,14930.2,3.360258,60.06760,0,14839.1,1.259746,59.89509,0,44.6572,-0.744448,60.00699,0,55.7502,3.351164,60.00816,0,69.2851,1.192328,59.99534,0,PMU
1105,9.216667,14907.8,-0.824517,59.94405,0,14847,3.358305,59.96270,0,14846.6,1.266826,60.13521,0,44.4497,-0.744509,59.99883,0,55.7652,3.352751,60.03031,0,69.3347,1.194037,60.03264,0,PMU
1106,9.225000,14834.7,-0.820062,60.08509,0,14929.5,3.361723,60.06528,0,14839.6,1.261333,59.89509,0,44.5308,-0.742922,60.03031,0,55.8737,3.352019,59.98601,0,69.3836,1.193609,59.99184,0,PMU
1107,9.233333,14908.6,-0.822686,59.94988,0,14849.1,3.359953,59.96620,0,14845.7,1.268413,60.13522,0,44.3308,-0.741763,60.02215,0,55.8725,3.354094,60.03963,0,69.3462,1.194891,60.02448,0,PMU
1108,9.241667,14833.7,-0.818292,60.08393,0,14930.4,3.363493,60.06761,0,14840,1.262920,59.89509,0,44.3876,-0.741518,60.00466,0,55.7826,3.353484,59.98834,0,69.3147,1.194952,60.00117,0,PMU
1109,9.250000,14908.8,-0.821099,59.94638,0,14846.7,3.361723,59.96620,0,14846.7,1.270305,60.14105,0,44.3637,-0.740542,60.01865,0,55.7198,3.356047,60.04896,0,69.2479,1.196905,60.03730,0,PMU
1110,9.258333,14834.8,-0.816661,60.08476,0,14930.1,3.365080,60.06411,0,14838.9,1.264690,59.89276,0,44.5156,-0.739138,60.02681,0,55.7339,3.355559,59.99067,0,69.2188,1.196356,59.98951,0,PMU
1111,9.266667,14907.9,-0.819451,59.94671,0,14847,3.363310,59.96620,0,14845.9,1.271892,60.13755,0,44.526,-0.737978,60.02215,0,55.8147,3.357512,60.03730,0,69.2172,1.198248,60.03614,0,PMU
1112,9.275000,14833.6,-0.815196,60.08127,0,14929.3,3.366606,60.06295,0,14838.1,1.266216,59.89159,0,44.5287,-0.738711,59.98601,0,55.7739,3.357024,59.99067,0,69.2133,1.198370,60.00233,0,PMU
1113,9.283333,14909.4,-0.817803,59.95021,0,14848.4,3.364836,59.96620,0,14844.8,1.273418,60.13755,0,44.4669,-0.736758,60.03730,0,55.8643,3.359282,60.04313,0,69.3199,1.200750,60.04546,0,PMU
1114,9.291667,14833.4,-0.813426,60.08360,0,14930.8,3.368376,60.06761,0,14838.7,1.267864,59.89392,0,44.5591,-0.735537,60.02331,0,55.8474,3.358916,59.99301,0,69.3924,1.200079,59.98718,0,PMU
1115,9.300000,14908.8,-0.816234,59.94638,0,14846.7,3.366484,59.96386,0,14845,1.275066,60.13755,0,44.4529,-0.734011,60.02914,0,55.7924,3.360686,60.03380,0,69.3369,1.202032,60.03730,0,PMU
1116,9.308333,14833.6,-0.811900,60.08276,0,14929.8,3.369963,60.06644,0,14839.2,1.269573,59.89509,0,44.4511,-0.734927,59.98251,0,55.9178,3.359831,59.98368,0,69.3002,1.201361,59.98718,0,PMU
1117,9.316667,14908.7,-0.814586,59.94871,0,14848,3.368193,59.96620,0,14845.3,1.276712,60.13634,0,44.3603,-0.733767,60.02215,0,55.8944,3.362578,60.05246,0,69.2769,1.203375,60.03847,0,PMU
1118,9.325000,14833.3,-0.810375,60.08043,0,14927.3,3.371428,60.06178,0,14837.2,1.271160,59.89396,0,44.5643,-0.732363,60.02681,0,56.127,3.360319,59.95687,0,69.2822,1.204046,60.01282,0,PMU
1119,9.333333,14909.3,-0.812999,59.94988,0,14847.7,3.369658,59.96620,0,14843.9,1.278237,60.13518,0,44.5082,-0.730227,60.04080,0,56.2427,3.363188,60.05479,0,69.4368,1.205755,60.03264,0,PMU
1120,9.341667,14833.3,-0.808788,60.08043,0,14928.8,3.373076,60.06528,0,14838,1.272685,59.89396,0,44.5698,-0.731021,59.98485,0,56.4072,3.361418,59.96620,0,69.4586,1.205999,60.00466,0,PMU
1121,9.350000,14910.1,-0.811351,59.95104,0,14847.3,3.371306,59.96620,0,14844.1,1.279885,60.13751,0,44.4219,-0.728701,60.04430,0,56.4646,3.363859,60.04663,0,69.6024,1.206915,60.01748,0,PMU
1122,9.358333,14832.5,-0.807201,60.07927,0,14928.9,3.374721,60.06524,0,14838.3,1.274272,59.89280,0,44.49,-0.730410,59.96736,0,56.5992,3.362333,59.97086,0,69.632,1.207647,60.01399,0,PMU
1123,9.366667,14911.4,-0.809642,59.95337,0,14847.8,3.372831,59.96391,0,14842.8,1.281472,60.13751,0,44.3291,-0.727481,60.05595,0,56.8427,3.364348,60.03847,0,69.7569,1.208318,60.01282,0,PMU
1124,9.375000,14831.2,-0.805431,60.08043,0,14930,3.376369,60.06757,0,14837.5,1.275798,59.89163,0,44.1986,-0.730654,59.93939,0,56.8411,3.363066,59.97552,0,69.7275,1.208318,60.00000,0,PMU
1125,9.383333,14909.3,-0.808238,59.94638,0,14846.3,3.374355,59.96153,0,14843.3,1.282937,60.13634,0,44.0473,-0.728335,60.04430,0,56.9335,3.364531,60.02798,0,69.7628,1.209112,60.01515,0,PMU
1126,9.391667,14833.1,-0.803844,60.08393,0,14929.4,3.377773,60.06528,0,14836.4,1.277383,59.89392,0,43.9055,-0.729800,59.97202,0,57.041,3.363615,59.98251,0,69.7447,1.209783,60.01282,0,PMU
1127,9.400000,14907.9,-0.806529,59.94871,0,14847.7,3.376003,59.96620,0,14842.5,1.284402,60.13405,0,43.8307,-0.727969,60.03497,0,56.9559,3.365935,60.04430,0,69.8402,1.210272,60.00933,0,PMU
1128,9.408333,14831.6,-0.802379,60.07927,0,14927.7,3.379482,60.06644,0,14837,1.278970,59.89625,0,43.7085,-0.731021,59.94172,0,56.8201,3.366362,60.00816,0,69.7621,1.211004,60.01399,0,PMU
1129,9.416667,14909.4,-0.805003,59.94988,0,14846.3,3.377468,59.96153,0,14841.4,1.286111,60.13638,0,43.6945,-0.727908,60.05945,0,56.9059,3.367644,60.02448,0,69.8118,1.211920,60.01749,0,PMU
1130,9.425000,14832.2,-0.800609,60.08392,0,14929.5,3.381130,60.06994,0,14836.2,1.280618,59.89509,0,43.6919,-0.728335,59.99184,0,56.8139,3.368620,60.01865,0,69.7972,1.212713,60.01515,0,PMU
1131,9.433333,14908.7,-0.803417,59.94638,0,14846.7,3.379177,59.96270,0,14841.4,1.287698,60.13522,0,43.7847,-0.725527,60.05362,0,56.8364,3.370024,60.02681,0,69.89,1.213506,60.01515,0,PMU
1132,9.441667,14832.1,-0.799144,60.08159,0,14928.3,3.382717,60.06761,0,14835.9,1.282205,59.89509,0,43.718,-0.726016,59.99067,0,56.8014,3.370085,60.00117,0,69.8741,1.214544,60.01982,0,PMU
1133,9.450000,14908.7,-0.801891,59.94755,0,14847.6,3.380703,59.96153,0,14841,1.289224,60.13405,0,43.7367,-0.724490,60.02914,0,56.7396,3.371611,60.02914,0,69.9284,1.214971,60.00816,0,PMU
1134,9.458333,14833.3,-0.797496,60.08392,0,14929.9,3.384426,60.07111,0,14837.1,1.283792,59.89625,0,43.8335,-0.722476,60.03847,0,56.6806,3.372099,60.00933,0,69.9714,1.216253,60.02448,0,PMU
1135,9.466667,14908.1,-0.800182,59.94871,0,14846.9,3.382534,59.96386,0,14840.9,1.290933,60.13638,0,43.9282,-0.719792,60.05125,0,56.6917,3.373747,60.03147,0,69.9193,1.216680,60.00816,0,PMU
1136,9.475000,14833,-0.795971,60.08043,0,14928.7,3.386074,60.06761,0,14836.5,1.285379,59.89392,0,43.955,-0.717900,60.03614,0,56.6284,3.373381,59.99301,0,69.8212,1.217046,60.00699,0,PMU
1137,9.483333,14907.7,-0.798534,59.95104,0,14847.7,3.384182,59.96386,0,14840.8,1.292458,60.13521,0,43.9844,-0.716985,60.01749,0,56.7452,3.374660,60.02444,0,69.8256,1.217169,60.00233,0,PMU
1138,9.491667,14830.3,-0.794506,60.07694,0,14927.3,3.387722,60.06761,0,14835.9,1.286904,59.89393,0,44.056,-0.716069,60.01749,0,56.7769,3.374538,59.99767,0,69.8662,1.219427,60.04313,0,PMU
1139,9.500000,14908.6,-0.797191,59.94871,0,14846.1,3.385586,59.95920,0,14839.6,1.293984,60.13521,0,44.1755,-0.714360,60.03264,0,56.867,3.375210,60.01282,0,69.9089,1.219366,59.99883,0,PMU
1140,9.508333,14832.8,-0.792858,60.08276,0,14928.5,3.389126,60.06761,0,14835.5,1.288369,59.89276,0,44.0483,-0.713445,60.01749,0,56.8013,3.374660,59.98951,0,69.8656,1.220648,60.02448,0,PMU
1141,9.516667,14909.2,-0.795421,59.95104,0,14847.3,3.387295,59.96503,0,14841.5,1.295693,60.13988,0,43.9936,-0.714665,59.97669,0,56.95,3.375820,60.02215,0,69.8708,1.220037,59.98834,0,PMU
1142,9.525000,14833.3,-0.791088,60.08276,0,14927.9,3.390773,60.06644,0,14834.5,1.290200,59.89509,0,43.9119,-0.712834,60.03497,0,56.8028,3.375332,59.99067,0,69.8318,1.222293,60.04309,0,PMU
1143,9.533333,14907.7,-0.793712,59.94988,0,14848.4,3.388882,59.96387,0,14839.4,1.297158,60.13288,0,43.8961,-0.712102,60.01399,0,56.8968,3.377407,60.03963,0,69.8704,1.221929,59.99305,0,PMU
1144,9.541667,14831.4,-0.789684,60.07694,0,14928.6,3.392482,60.06877,0,14836.4,1.291665,59.89509,0,43.8614,-0.711186,60.01749,0,56.7764,3.377651,60.00466,0,69.9851,1.223819,60.03609,0,PMU
1145,9.550000,14909.8,-0.792186,59.95221,0,14846.7,3.390407,59.96037,0,14839.1,1.298867,60.13755,0,43.9324,-0.710576,60.01166,0,56.7862,3.378322,60.01282,0,69.8987,1.224368,60.01049,0,PMU
1146,9.558333,14831.8,-0.787914,60.08160,0,14929.1,3.394008,60.06878,0,14835.6,1.293313,59.89392,0,43.898,-0.708684,60.03614,0,56.7452,3.379970,60.03147,0,70.0041,1.225528,60.02215,0,PMU
1147,9.566667,14909.9,-0.790477,59.95104,0,14847.3,3.392177,59.96503,0,14839.9,1.300576,60.13872,0,43.956,-0.708989,59.99417,0,56.7153,3.380947,60.01865,0,69.9491,1.225894,60.00699,0,PMU
1148,9.575000,14831.9,-0.786266,60.08043,0,14928.9,3.395839,60.06994,0,14836.7,1.295083,59.89509,0,43.888,-0.707402,60.03031,0,56.6905,3.381191,60.00466,0,70.0121,1.226871,60.01865,0,PMU
1149,9.583333,14910.6,-0.788707,59.95337,0,14847.4,3.393764,59.96037,0,14837.9,1.302285,60.13755,0,43.7794,-0.707707,59.99417,0,56.691,3.382473,60.02448,0,69.8743,1.227420,60.01049,0,PMU
1150,9.591667,14829.9,-0.784652,60.07745,0,14928.2,3.397426,60.06994,0,14834.4,1.296609,59.89159,0,43.8195,-0.705694,60.03846,0,56.6301,3.383755,60.02448,0,70.0784,1.228458,60.01982,0,PMU
1151,9.600000,14910.4,-0.787182,59.95170,0,14846.8,3.395473,59.96270,0,14838.9,1.303933,60.13988,0,43.7969,-0.704961,60.01399,0,56.643,3.385036,60.02448,0,70.0195,1.229740,60.02448,0,PMU
1152,9.608333,14831,-0.783065,60.07861,0,14927.7,3.399135,60.06994,0,14835,1.298440,59.89509,0,43.842,-0.703924,60.01982,0,56.3466,3.385586,60.01049,0,70.1169,1.229862,60.00233,0,PMU
1153,9.616667,14910.4,-0.785536,59.95282,0,14849.1,3.397243,59.96386,0,14838.9,1.305581,60.13638,0,43.7654,-0.703252,60.01282,0,56.2097,3.386257,60.01282,0,69.8794,1.230594,60.01399,0,PMU
1154,9.625000,14831,-0.781418,60.07865,0,14928.7,3.400966,60.07111,0,14835.9,1.300088,59.89509,0,43.8711,-0.702337,60.01749,0,56.108,3.387234,60.01865,0,69.9963,1.230777,60.00350,0,PMU
1155,9.633333,14910.5,-0.783920,59.95221,0,14847.7,3.399074,59.96386,0,14840.1,1.307333,60.13838,0,43.8486,-0.701665,60.01282,0,56.11,3.388027,60.01515,0,69.8014,1.232547,60.03380,0,PMU
1156,9.641667,14832.8,-0.779709,60.08043,0,14928.8,3.402553,60.06644,0,14835.2,1.301858,59.89542,0,43.8186,-0.701299,60.00699,0,56.2552,3.389126,60.02098,0,69.776,1.231876,59.98718,0,PMU
1157,9.650000,14909.7,-0.782333,59.94988,0,14849.1,3.400600,59.96270,0,14839.7,1.308981,60.13605,0,43.6716,-0.701787,59.99067,0,56.2647,3.391017,60.03613,0,69.6289,1.233829,60.03730,0,PMU
1158,9.658333,14832.3,-0.778183,60.07927,0,14929.3,3.404262,60.06994,0,14836.7,1.303506,59.89542,0,43.7169,-0.700139,60.03147,0,56.321,3.392116,60.02098,0,69.6373,1.233768,59.99883,0,PMU
1159,9.666667,14910.4,-0.780685,59.95221,0,14848.9,3.402126,59.95920,0,14838.2,1.310629,60.13605,0,43.6135,-0.699041,60.02098,0,56.3892,3.392543,60.00816,0,69.5414,1.236575,60.05362,0,PMU
1160,9.675000,14832.1,-0.776535,60.07927,0,14929.5,3.405954,60.07311,0,14836.7,1.305032,59.89309,0,43.5583,-0.699590,59.98951,0,56.3411,3.394191,60.03147,0,69.6236,1.234500,59.96037,0,PMU
1161,9.683333,14911.5,-0.779098,59.95104,0,14848.6,3.403835,59.95953,0,14840.2,1.312338,60.13955,0,43.3948,-0.698369,60.02331,0,56.4302,3.393764,59.99184,0,69.4345,1.237796,60.06294,0,PMU
1162,9.691667,14832.5,-0.774765,60.08276,0,14930.4,3.407541,60.07077,0,14836.3,1.306802,59.89426,0,43.2678,-0.697576,60.01515,0,56.3494,3.395656,60.03614,0,69.3396,1.236453,59.97436,0,PMU
1163,9.700000,14910.5,-0.777328,59.95104,0,14848.5,3.405526,59.96153,0,14839,1.314047,60.13838,0,43.1425,-0.696233,60.02565,0,56.1632,3.395778,60.00233,0,69.1573,1.240359,60.07460,0,PMU
1164,9.708333,14832.9,-0.773239,60.07810,0,14928.7,3.409127,60.06878,0,14835.6,1.308493,59.89392,0,43.1982,-0.695073,60.02215,0,56.1761,3.396877,60.02098,0,69.0901,1.238223,59.95920,0,PMU
1165,9.716667,14910.7,-0.775741,59.95221,0,14849.6,3.407174,59.96270,0,14839.4,1.315695,60.13755,0,43.1414,-0.694951,60.00233,0,56.1397,3.397487,60.01166,0,69.0017,1.241702,60.06644,0,PMU
1166,9.725000,14833.3,-0.771530,60.08043,0,14929.9,3.410897,60.07111,0,14836.3,1.310202,59.89509,0,43.2398,-0.693670,60.02448,0,56.1445,3.399868,60.04546,0,68.9551,1.240115,59.96969,0,PMU
1167,9.733333,14910.4,-0.774032,59.95221,0,14849.8,3.408944,59.96270,0,14840.1,1.317404,60.13755,0,43.2071,-0.692144,60.02914,0,56.0588,3.400539,60.01282,0,68.9176,1.244327,60.08043,0,PMU
1168,9.741667,14835.1,-0.769821,60.08043,0,14929.5,3.412606,60.06994,0,14837.9,1.312033,59.89742,0,43.231,-0.691001,60.02182,0,56.1115,3.401515,60.01865,0,68.7895,1.242923,59.97319,0,PMU
1169,9.750000,14913,-0.772140,59.95570,0,14851.1,3.410653,59.96270,0,14839.7,1.319235,60.13755,0,42.9597,-0.688682,60.04430,0,55.9741,3.402980,60.02798,0,68.7499,1.245486,60.04896,0,PMU
1170,9.758333,14834.7,-0.767929,60.08043,0,14932,3.414376,60.07111,0,14836.9,1.313681,59.89392,0,43.0013,-0.687095,60.03031,0,55.9229,3.404628,60.03147,0,68.576,1.244205,59.97552,0,PMU
1171,9.766667,14911.7,-0.770492,59.95105,0,14850.3,3.412423,59.96270,0,14840,1.320883,60.13755,0,42.8803,-0.685264,60.03497,0,55.8029,3.405282,60.01249,0,68.5882,1.246890,60.05129,0,PMU
1172,9.775000,14835.9,-0.766281,60.08043,0,14930.4,3.415963,60.06761,0,14836.3,1.315390,59.89509,0,42.8681,-0.684043,60.02331,0,55.823,3.405832,60.01049,0,68.4226,1.246097,59.98485,0,PMU
1173,9.783333,14911.2,-0.768784,59.95221,0,14851.7,3.414010,59.96270,0,14839.7,1.322409,60.13405,0,42.6757,-0.684531,59.99067,0,55.7664,3.408151,60.04430,0,68.5523,1.248294,60.04196,0,PMU
1174,9.791667,14834.4,-0.764938,60.07344,0,14929.4,3.417672,60.06994,0,14838.3,1.316977,59.89625,0,42.7384,-0.684165,60.00699,0,55.8461,3.409311,60.02215,0,68.4499,1.248599,60.00583,0,PMU
1175,9.800000,14913.1,-0.767258,59.95570,0,14850.5,3.415475,59.95804,0,14838.4,1.324057,60.13521,0,42.8074,-0.681114,60.05828,0,55.8802,3.409677,60.00699,0,68.5574,1.250164,60.02989,0,PMU
1176,9.808333,14833.1,-0.763229,60.07694,0,14931.2,3.419381,60.07460,0,14838.8,1.318442,59.89276,0,42.787,-0.681114,60.00000,0,55.8312,3.411325,60.03147,0,68.393,1.250347,60.00350,0,PMU
1177,9.816667,14913.7,-0.765732,59.95221,0,14849.2,3.417184,59.95804,0,14839.7,1.325705,60.13871,0,42.724,-0.680137,60.01865,0,55.7781,3.411508,60.00350,0,68.4297,1.251446,60.02098,0,PMU
1178,9.825000,14832.6,-0.761703,60.07694,0,14929.8,3.420968,60.07227,0,14838.2,1.320090,59.89276,0,42.784,-0.680320,59.99650,0,55.7066,3.411691,60.00350,0,68.2628,1.252422,60.01865,0,PMU
1179,9.833333,14913.4,-0.764206,59.95221,0,14849.6,3.418771,59.95804,0,14839.2,1.327231,60.13638,0,42.8166,-0.678550,60.03380,0,55.6425,3.412790,60.02098,0,68.4268,1.252849,60.00816,0,PMU
1180,9.841667,14834,-0.760056,60.07927,0,14930.7,3.422616,60.07343,0,14839,1.321799,59.89626,0,42.8231,-0.678672,59.99767,0,55.6778,3.413766,60.01865,0,68.3054,1.254192,60.02565,0,PMU
1181,9.850000,14912.3,-0.762497,59.95337,0,14850.7,3.420480,59.95921,0,14839.8,1.328879,60.13521,0,42.7075,-0.678123,60.01049,0,55.4306,3.415109,60.02565,0,68.2565,1.254925,60.01399,0,PMU
1182,9.858333,14835,-0.758408,60.07810,0,14929.5,3.424264,60.07227,0,14838.2,1.323569,59.89859,0,42.7159,-0.677268,60.01632,0,55.4092,3.415536,60.00816,0,68.1375,1.256145,60.02331,0,PMU
1183,9.866667,14911.9,-0.760788,59.95454,0,14851.4,3.422128,59.95920,0,14839.1,1.330527,60.13289,0,42.7332,-0.675620,60.03147,0,55.4292,3.417245,60.03264,0,68.2142,1.256450,60.00583,0,PMU
1184,9.875000,14834.4,-0.756821,60.07577,0,14929.8,3.425973,60.07344,0,14839.7,1.325216,59.89859,0,42.8452,-0.675438,60.00349,0,55.5222,3.417672,60.00816,0,68.2619,1.258526,60.03963,0,PMU
1185,9.883333,14913.4,-0.759201,59.95454,0,14850.5,3.423715,59.95687,0,14839,1.332296,60.13522,0,42.6989,-0.674888,60.01049,0,55.4469,3.419809,60.04080,0,68.2647,1.258526,60.00000,0,PMU
1186,9.891667,14833.7,-0.755112,60.07810,0,14930.9,3.427560,60.07344,0,14839.3,1.326803,59.89509,0,42.6625,-0.674339,60.01049,0,55.6237,3.419870,60.00117,0,68.1028,1.260113,60.03031,0,PMU
1187,9.900000,14910.9,-0.757797,59.94871,0,14850.2,3.425424,59.95920,0,14840.1,1.334005,60.13755,0,42.6018,-0.672325,60.03847,0,55.5508,3.422189,60.04429,0,68.1251,1.259929,59.99650,0,PMU
1188,9.908333,14832.4,-0.753830,60.07577,0,14929.2,3.429208,60.07227,0,14839.5,1.328634,59.89742,0,42.6394,-0.670677,60.03147,0,55.632,3.421945,59.99534,0,68.04,1.261943,60.03846,0,PMU
1189,9.916667,14910.2,-0.756271,59.95337,0,14851.1,3.426949,59.95687,0,14839.3,1.335653,60.13405,0,42.5131,-0.669700,60.01865,0,55.6597,3.425057,60.05945,0,68.0038,1.261455,59.99067,0,PMU
1190,9.925000,14832.5,-0.752199,60.07777,0,14929.2,3.430856,60.07460,0,14840.4,1.330343,59.89859,0,42.5706,-0.669578,60.00233,0,55.4692,3.424508,59.98951,0,67.9541,1.264568,60.05945,0,PMU
1191,9.933333,14910.5,-0.754623,59.95371,0,14850.2,3.428597,59.95687,0,14839.3,1.337484,60.13638,0,42.6286,-0.667503,60.03963,0,55.5222,3.426888,60.04546,0,67.8791,1.263469,59.97902,0,PMU
1192,9.941667,14832.8,-0.750552,60.07777,0,14930.7,3.432443,60.07344,0,14839.2,1.331930,59.89392,0,42.6343,-0.666710,60.01515,0,55.4617,3.426217,59.98718,0,67.7739,1.264995,60.02914,0,PMU
1193,9.950000,14909.8,-0.752993,59.95337,0,14850.4,3.430367,59.96037,0,14840.1,1.339130,60.13751,0,42.5307,-0.666526,60.00350,0,55.3229,3.429269,60.05828,0,67.7365,1.265239,60.00466,0,PMU
1194,9.958333,14833.1,-0.748965,60.07694,0,14929.6,3.434029,60.06994,0,14840.1,1.333639,59.89513,0,42.3928,-0.666404,60.00233,0,55.2907,3.428658,59.98834,0,67.6368,1.266704,60.02798,0,PMU
1195,9.966667,14909.7,-0.751284,59.95570,0,14851.2,3.431893,59.95920,0,14839.3,1.340717,60.13518,0,42.3575,-0.664756,60.03147,0,55.2722,3.431466,60.05362,0,67.6072,1.267253,60.01049,0,PMU
1196,9.975000,14832.1,-0.747317,60.07577,0,14929.4,3.435677,60.07227,0,14839.6,1.335226,59.89513,0,42.3363,-0.662925,60.03497,0,55.135,3.430672,59.98485,0,67.6242,1.269390,60.04080,0,PMU
1197,9.983333,14909.4,-0.749697,59.95454,0,14849.9,3.433419,59.95687,0,14837.4,1.342304,60.13518,0,42.3538,-0.662742,60.00350,0,55.1047,3.433175,60.04779,0,67.5585,1.269329,59.99883,0,PMU
1198,9.991667,14831.8,-0.745852,60.07344,0,14927.6,3.437140,60.07107,0,14838.2,1.336813,59.89513,0,42.4583,-0.661277,60.02798,0,55.137,3.431649,59.97086,0,67.4783,1.270854,60.02914,0,PMU
1199,10.000000,14911.1,-0.748110,59.95687,0,14850.7,3.434945,59.95808,0,14837.1,1.343952,60.13634,0,42.5199,-0.659693,60.03027,0,55.1674,3.434823,60.06062,0,67.4374,1.271343,60.00933,0,PMU
1200,10.008333,14831.7,-0.744204,60.07460,0,14929.3,3.438910,60.07573,0,14839.8,1.338400,59.89396,0,42.5834,-0.657618,60.03963,0,55.1164,3.434701,59.99767,0,67.4305,1.272014,60.01282,0,PMU
1201,10.016667,14911.3,-0.746523,59.95570,0,14849.6,3.436652,59.95687,0,14838.9,1.345600,60.13751,0,42.4568,-0.658106,59.99067,0,55.1502,3.436530,60.03493,0,67.3001,1.272930,60.01749,0,PMU
1202,10.025000,14833.4,-0.742495,60.07693,0,14930.3,3.440497,60.07344,0,14840.2,1.340107,59.89509,0,42.4364,-0.657190,60.01749,0,55.19,3.435128,59.97323,0,67.3228,1.274028,60.02098,0,PMU
1203,10.033333,14912.8,-0.744692,59.95804,0,14851.2,3.438422,59.96037,0,14839.7,1.347370,60.13872,0,42.4386,-0.656092,60.02098,0,55.2251,3.438117,60.05708,0,67.3646,1.275005,60.01865,0,PMU
1204,10.041667,14834.7,-0.740847,60.07344,0,14927.9,3.442145,60.07111,0,14839.8,1.341816,59.89392,0,42.5716,-0.654139,60.03730,0,55.1748,3.435922,59.95808,0,67.3901,1.276529,60.02910,0,PMU
1205,10.050000,14915,-0.742922,59.96037,0,14851.1,3.439887,59.95687,0,14838.6,1.348957,60.13638,0,42.5104,-0.653955,60.00350,0,55.2658,3.438239,60.04425,0,67.4021,1.277261,60.01399,0,PMU
1206,10.058333,14834.3,-0.739016,60.07460,0,14929.5,3.443915,60.07694,0,14840.2,1.343464,59.89509,0,42.558,-0.654016,59.99883,0,55.1146,3.437872,59.99301,0,67.4265,1.277383,60.00233,0,PMU
1207,10.066667,14915.1,-0.741274,59.95687,0,14850.4,3.441596,59.95570,0,14838.8,1.350666,60.13755,0,42.581,-0.652430,60.03031,0,55.1923,3.439642,60.03380,0,67.2697,1.277871,60.00933,0,PMU
1208,10.075000,14834.5,-0.737429,60.07343,0,14930.8,3.445563,60.07577,0,14840.4,1.345112,59.89392,0,42.6589,-0.651575,60.01632,0,55.0302,3.439704,60.00117,0,67.1508,1.277810,59.99883,0,PMU
1209,10.083333,14916.2,-0.739748,59.95571,0,14851,3.443305,59.95687,0,14840.4,1.352436,60.13988,0,42.6388,-0.650415,60.02215,0,55.0454,3.441046,60.02565,0,66.9862,1.278604,60.01515,0,PMU
1210,10.091667,14836.1,-0.735781,60.07576,0,14929.6,3.447272,60.07577,0,14841,1.347004,59.89625,0,42.6303,-0.649622,60.01515,0,54.8655,3.441290,60.00466,0,66.7752,1.277261,59.97435,0,PMU
1211,10.100000,14915,-0.738100,59.95571,0,14850.9,3.444952,59.95570,0,14838.8,1.354084,60.13522,0,42.6938,-0.649134,60.00933,0,54.8346,3.442511,60.02331,0,66.6343,1.278176,60.01749,0,PMU
1212,10.108333,14835.6,-0.734194,60.07460,0,14928.5,3.448920,60.07577,0,14839.9,1.348713,59.89742,0,42.8789,-0.647791,60.02565,0,54.6872,3.443671,60.02215,0,66.6087,1.277993,59.99650,0,PMU
1213,10.116667,14916.1,-0.736453,59.95687,0,14849.8,3.446539,59.95454,0,14838.2,1.355915,60.13755,0,42.9692,-0.648035,59.99534,0,54.7911,3.445380,60.03264,0,66.5804,1.280008,60.03847,0,PMU
1214,10.125000,14835,-0.732669,60.07227,0,14927.5,3.450446,60.07460,0,14838.4,1.350300,59.89276,0,43.1353,-0.646021,60.03847,0,54.7536,3.446906,60.02914,0,66.6015,1.279824,59.99650,0,PMU
1215,10.133333,14916.8,-0.734866,59.95804,0,14850.5,3.448004,59.95337,0,14837.9,1.357379,60.13521,0,43.1151,-0.645533,60.00933,0,54.9556,3.448431,60.02914,0,66.6559,1.282388,60.04896,0,PMU
1216,10.141667,14835.7,-0.730899,60.07577,0,14930.5,3.452276,60.08159,0,14840.5,1.351948,59.89626,0,43.2265,-0.644190,60.02564,0,54.959,3.450140,60.03264,0,66.7506,1.282510,60.00233,0,PMU
1217,10.150000,14916.2,-0.733279,59.95454,0,14849.4,3.449835,59.95338,0,14839.5,1.359210,60.13871,0,42.9743,-0.644495,59.99418,0,54.8234,3.450385,60.00466,0,66.6887,1.284463,60.03730,0,PMU
1218,10.158333,14836.8,-0.729190,60.07810,0,14929.9,3.453802,60.07576,0,14839.7,1.353657,59.89393,0,42.9924,-0.643458,60.01981,0,54.6849,3.451422,60.01982,0,66.6836,1.285073,60.01166,0,PMU
1219,10.166667,14914.6,-0.731570,59.95454,0,14851.3,3.451605,59.95804,0,14840,1.360797,60.13638,0,42.8998,-0.642542,60.01749,0,54.7436,3.452215,60.01515,0,66.6853,1.286965,60.03614,0,PMU
1220,10.175000,14837.8,-0.727725,60.07344,0,14929.4,3.455572,60.07576,0,14842,1.355365,59.89625,0,43.0873,-0.640711,60.03497,0,54.6208,3.453131,60.01749,0,66.7484,1.288125,60.02215,0,PMU
1221,10.183333,14916.9,-0.729922,59.95804,0,14850.2,3.453131,59.95337,0,14838.9,1.362567,60.13755,0,43.0839,-0.640101,60.01166,0,54.6425,3.453802,60.01282,0,66.6925,1.290261,60.04080,0,PMU
1222,10.191667,14837.1,-0.726077,60.07344,0,14929.4,3.457037,60.07460,0,14840.1,1.356891,59.89159,0,43.173,-0.639368,60.01399,0,54.6004,3.455206,60.02681,0,66.7078,1.290017,59.99534,0,PMU
1223,10.200000,14916.6,-0.728396,59.95570,0,14850.5,3.454840,59.95804,0,14841,1.364154,60.13872,0,43.2138,-0.638392,60.01865,0,54.5097,3.456000,60.01515,0,66.6978,1.291787,60.03380,0,PMU
1224,10.208333,14838,-0.724490,60.07460,0,14929.6,3.458685,60.07344,0,14841.3,1.358600,59.89392,0,43.2022,-0.637537,60.01632,0,54.3691,3.457831,60.03497,0,66.5978,1.291787,60.00000,0,PMU
1225,10.216667,14916.2,-0.726748,59.95687,0,14850.7,3.456427,59.95687,0,14839.2,1.365741,60.13638,0,43.1015,-0.636622,60.01749,0,54.3634,3.458197,60.00699,0,66.5361,1.293618,60.03497,0,PMU
1226,10.225000,14836.9,-0.722903,60.07344,0,14928.1,3.460272,60.07344,0,14840.3,1.360248,59.89509,0,42.9975,-0.636622,60.00000,0,54.249,3.460150,60.03730,0,66.4148,1.293374,59.99534,0,PMU
1227,10.233333,14916.8,-0.725100,59.95804,0,14850.5,3.458014,59.95687,0,14839.4,1.367450,60.13755,0,42.9057,-0.635523,60.02098,0,54.2645,3.461432,60.02448,0,66.3061,1.294717,60.02565,0,PMU
1228,10.241667,14837.1,-0.721196,60.07456,0,14928.2,3.461981,60.07577,0,14840.9,1.361957,59.89509,0,42.9076,-0.634425,60.02098,0,54.2784,3.462530,60.02098,0,66.1971,1.294167,59.98951,0,PMU
1229,10.250000,14915.7,-0.723452,59.95691,0,14850.4,3.459662,59.95570,0,14838.7,1.369037,60.13522,0,42.903,-0.634608,59.99650,0,54.2182,3.462530,60.00000,0,66.0844,1.295205,60.01982,0,PMU
1230,10.258333,14836.9,-0.719548,60.07456,0,14928.5,3.463729,60.07768,0,14842.2,1.363666,59.89742,0,42.9946,-0.633814,60.01515,0,54.2383,3.464339,60.03455,0,66.0611,1.294656,59.98951,0,PMU
1231,10.266667,14916.6,-0.721745,59.95804,0,14849.2,3.461371,59.95496,0,14838.2,1.370912,60.13839,0,43.0169,-0.632654,60.02215,0,54.1985,3.464339,60.00000,0,65.9328,1.296426,60.03380,0,PMU
1232,10.275000,14837.4,-0.717961,60.07227,0,14928.7,3.465255,60.07418,0,14840.9,1.365314,59.89308,0,43.0588,-0.630884,60.03380,0,54.1752,3.465926,60.03031,0,65.9017,1.295998,59.99184,0,PMU
1233,10.283333,14918.1,-0.720036,59.96037,0,14850.4,3.463080,59.95846,0,14839.7,1.372560,60.13839,0,43.0572,-0.630335,60.01049,0,54.0525,3.466903,60.01865,0,65.8797,1.297890,60.03614,0,PMU
1234,10.291667,14837.8,-0.716191,60.07344,0,14928.1,3.466842,60.07185,0,14841,1.367023,59.89425,0,43.144,-0.630030,60.00583,0,54.201,3.467879,60.01865,0,65.8319,1.297402,59.99067,0,PMU
1235,10.300000,14917.7,-0.718328,59.95920,0,14852.4,3.464644,59.95804,0,14838.9,1.374086,60.13489,0,43.1465,-0.629542,60.00933,0,54.0831,3.468673,60.01515,0,65.786,1.298623,60.02331,0,PMU
1236,10.308333,14836.6,-0.714665,60.06994,0,14927.7,3.468551,60.07460,0,14842.2,1.368610,59.89541,0,43.2678,-0.628399,60.02182,0,54.0819,3.469832,60.02215,0,65.7092,1.298867,60.00466,0,PMU
1237,10.316667,14919.2,-0.716741,59.96037,0,14851.9,3.466231,59.95570,0,14839.5,1.375856,60.13839,0,43.1544,-0.627789,60.01166,0,54.0689,3.470626,60.01515,0,65.6281,1.300332,60.02798,0,PMU
1238,10.325000,14836.1,-0.712956,60.07227,0,14927.2,3.470199,60.07577,0,14840.1,1.370363,59.89509,0,43.0932,-0.627362,60.00816,0,54.0078,3.471480,60.01632,0,65.5249,1.300515,60.00350,0,PMU
1239,10.333333,14917.4,-0.715215,59.95687,0,14850.5,3.467879,59.95570,0,14839.3,1.377321,60.13289,0,43.1139,-0.626385,60.01865,0,54.0489,3.472762,60.02448,0,65.6216,1.302712,60.04196,0,PMU
1240,10.341667,14836.8,-0.711431,60.07227,0,14925.8,3.471663,60.07227,0,14840.7,1.372011,59.89859,0,43.1677,-0.625226,60.02215,0,54.316,3.472945,60.00350,0,65.5751,1.303384,60.01282,0,PMU
1241,10.350000,14917.5,-0.713628,59.95804,0,14849,3.469161,59.95221,0,14836.1,1.378847,60.13056,0,43.1063,-0.624737,60.00933,0,54.4378,3.473250,60.00583,0,65.7242,1.304482,60.02098,0,PMU
1242,10.358333,14836.1,-0.709844,60.07227,0,14926.4,3.473189,60.07694,0,14841.2,1.373476,59.89742,0,43.0359,-0.624737,60.00000,0,54.5962,3.473311,60.00117,0,65.6242,1.304482,60.00000,0,PMU
1243,10.366667,14917.9,-0.712041,59.95804,0,14848.2,3.470748,59.95337,0,14836.3,1.380556,60.13522,0,42.9708,-0.623150,60.03031,0,54.7082,3.474105,60.01515,0,65.5795,1.305642,60.02215,0,PMU
1244,10.375000,14836.6,-0.708257,60.07227,0,14924.8,3.474837,60.07810,0,14841.2,1.375246,59.89859,0,43.0218,-0.621197,60.03730,0,54.7704,3.473372,59.98601,0,65.4015,1.306008,60.00699,0,PMU
1245,10.383333,14917.8,-0.710393,59.95920,0,14849.4,3.472335,59.95221,0,14836.3,1.382326,60.13522,0,42.8849,-0.621258,59.99883,0,54.7548,3.475020,60.03147,0,65.309,1.306618,60.01166,0,PMU
1246,10.391667,14836.4,-0.706487,60.07460,0,14925.7,3.476546,60.08043,0,14841.3,1.377016,59.89859,0,42.8658,-0.620526,60.01399,0,54.8161,3.474227,59.98485,0,65.1279,1.307517,60.01715,0,PMU
1247,10.400000,14917,-0.708806,59.95571,0,14846.8,3.473922,59.94988,0,14835.7,1.384096,60.13522,0,42.8475,-0.619488,60.01982,0,54.8382,3.474776,60.01049,0,65.0842,1.308798,60.02448,0,PMU
1248,10.408333,14839.1,-0.704839,60.07576,0,14925.7,3.477950,60.07693,0,14840.2,1.378725,59.89742,0,42.9405,-0.618024,60.02798,0,55.0105,3.474715,59.99883,0,65.0654,1.309592,60.01515,0,PMU
1249,10.416667,14917.5,-0.706975,59.95921,0,14849.8,3.475691,59.95687,0,14836.7,1.385804,60.13521,0,42.8461,-0.617535,60.00933,0,55.0032,3.477523,60.05362,0,65.1115,1.309775,60.00350,0,PMU
1250,10.425000,14838.7,-0.703313,60.06994,0,14924.2,3.479659,60.07577,0,14840.9,1.380434,59.89742,0,42.8175,-0.616009,60.02914,0,54.8863,3.476912,59.98834,0,64.8657,1.310996,60.02331,0,PMU
1251,10.433333,14918.7,-0.705205,59.96386,0,14850.6,3.477278,59.95454,0,14836.3,1.387513,60.13521,0,42.6982,-0.615033,60.01865,0,54.7353,3.479781,60.05479,0,64.7482,1.311240,60.00466,0,PMU
1252,10.441667,14837.7,-0.701543,60.06994,0,14925.5,3.481551,60.08160,0,14842,1.382082,59.89626,0,42.8557,-0.612286,60.05245,0,54.6251,3.479109,59.98718,0,64.6071,1.312216,60.01865,0,PMU
1253,10.450000,14919.2,-0.703618,59.96037,0,14848.1,3.478987,59.95104,0,14835.8,1.389344,60.13871,0,42.8009,-0.611493,60.01515,0,54.4666,3.481978,60.05479,0,64.5277,1.312766,60.01049,0,PMU
1254,10.458333,14837.7,-0.699895,60.07111,0,14925.7,3.483077,60.07810,0,14840.4,1.383668,59.89160,0,42.9032,-0.610700,60.01515,0,54.3795,3.481490,59.99067,0,64.4425,1.313925,60.02215,0,PMU
1255,10.466667,14919,-0.702092,59.95804,0,14849.2,3.480513,59.95104,0,14836,1.390809,60.13638,0,42.9513,-0.609906,60.01515,0,54.3011,3.484480,60.05712,0,64.4827,1.314353,60.00816,0,PMU
1256,10.475000,14837.9,-0.698369,60.07111,0,14925.7,3.484603,60.07810,0,14840.4,1.385194,59.89276,0,43.0731,-0.609235,60.01282,0,54.1803,3.483687,59.98485,0,64.4369,1.315573,60.02331,0,PMU
1257,10.483333,14919.1,-0.700445,59.96037,0,14849.9,3.482100,59.95221,0,14835.5,1.392274,60.13521,0,43.0424,-0.607587,60.03147,0,54.1829,3.485884,60.04196,0,64.4807,1.315695,60.00233,0,PMU
1258,10.491667,14838.2,-0.696660,60.07227,0,14926.4,3.486373,60.08160,0,14842.4,1.386842,59.89625,0,42.9774,-0.608502,59.98251,0,54.0863,3.486067,60.00350,0,64.458,1.317404,60.03264,0,PMU
1259,10.500000,14918.8,-0.698797,59.95920,0,14847.9,3.483748,59.94988,0,14836,1.394044,60.13755,0,42.9483,-0.607282,60.02331,0,54.1254,3.487959,60.03614,0,64.3905,1.318137,60.01399,0,PMU
1260,10.508333,14839.6,-0.695073,60.07111,0,14924.6,3.487837,60.07810,0,14841.4,1.388551,59.89509,0,42.9504,-0.606000,60.02448,0,54.0651,3.487898,59.99883,0,64.3081,1.318747,60.01166,0,PMU
1261,10.516667,14920.1,-0.697027,59.96270,0,14849.3,3.485335,59.95221,0,14835.8,1.395692,60.13638,0,42.9546,-0.605512,60.00933,0,54.1089,3.489363,60.02798,0,64.2574,1.318808,60.00117,0,PMU
1262,10.525000,14838.3,-0.693364,60.06994,0,14925.9,3.489546,60.08043,0,14841.6,1.390077,59.89276,0,42.8483,-0.606122,59.98834,0,54.0588,3.488814,59.98951,0,64.2364,1.319235,60.00816,0,PMU
1263,10.533333,14920.5,-0.695379,59.96153,0,14849,3.487105,59.95337,0,14837.1,1.397279,60.13755,0,42.831,-0.605390,60.01399,0,54.0666,3.490279,60.02798,0,64.2466,1.319418,60.00350,0,PMU
1264,10.541667,14839,-0.691717,60.06994,0,14924.7,3.491192,60.07806,0,14840.7,1.391786,59.89509,0,42.8498,-0.603620,60.03380,0,54.1091,3.489791,59.99067,0,64.1459,1.320456,60.01982,0,PMU
1265,10.550000,14921,-0.693670,59.96270,0,14850.2,3.488753,59.95341,0,14835.9,1.398866,60.13522,0,42.7906,-0.602704,60.01749,0,54.0167,3.491925,60.04076,0,64.1439,1.321494,60.01982,0,PMU
1266,10.558333,14838.2,-0.690025,60.06962,0,14925.1,3.492962,60.08039,0,14842.2,1.393434,59.89625,0,42.755,-0.602399,60.00583,0,53.946,3.492291,60.00699,0,64.1701,1.322958,60.02797,0,PMU
1267,10.566667,14921.7,-0.692022,59.96186,0,14849.3,3.490338,59.94988,0,14835.2,1.400636,60.13755,0,42.6092,-0.601544,60.01632,0,53.9522,3.493939,60.03147,0,64.1893,1.324118,60.02215,0,PMU
1268,10.575000,14837.8,-0.688316,60.07078,0,14926.4,3.494671,60.08276,0,14840.9,1.395021,59.89276,0,42.6893,-0.599347,60.04196,0,53.8624,3.494610,60.01282,0,64.3151,1.324850,60.01399,0,PMU
1269,10.583333,14920.6,-0.690513,59.95804,0,14848.4,3.492108,59.95104,0,14835.8,1.402221,60.13751,0,42.5887,-0.598798,60.01049,0,53.6726,3.497113,60.04779,0,64.2329,1.325583,60.01399,0,PMU
1270,10.591667,14839.6,-0.686668,60.07344,0,14924.9,3.496319,60.08043,0,14840.7,1.396913,59.89863,0,42.4973,-0.598004,60.01515,0,53.6862,3.497479,60.00699,0,64.1211,1.326132,60.01049,0,PMU
1271,10.600000,14921,-0.688682,59.96153,0,14849.4,3.493695,59.94988,0,14834.1,1.403869,60.13285,0,42.3623,-0.597577,60.00816,0,53.6219,3.499432,60.03730,0,64.1186,1.326925,60.01515,0,PMU
1272,10.608333,14838.9,-0.685020,60.06994,0,14925.9,3.498028,60.08276,0,14841.6,1.398500,59.89746,0,42.4507,-0.596664,60.01744,0,53.5466,3.499920,60.00933,0,64.2074,1.328024,60.02098,0,PMU
1273,10.616667,14922.1,-0.686973,59.96270,0,14849.9,3.495343,59.94871,0,14834.7,1.405578,60.13518,0,42.4694,-0.594527,60.04080,0,53.5604,3.501385,60.02798,0,64.1825,1.328512,60.00933,0,PMU
1274,10.625000,14839.9,-0.683250,60.07111,0,14926.4,3.499737,60.08393,0,14841.8,1.400209,59.89746,0,42.459,-0.593490,60.01982,0,53.3458,3.502545,60.02215,0,64.1436,1.329672,60.02215,0,PMU
1275,10.633333,14921.6,-0.685386,59.95920,0,14848.7,3.497052,59.94871,0,14834.6,1.407348,60.13634,0,42.4336,-0.592819,60.01282,0,53.2836,3.504132,60.03031,0,64.0544,1.330588,60.01749,0,PMU
1276,10.641667,14840,-0.681724,60.06994,0,14925,3.501202,60.07927,0,14840.1,1.401854,59.89509,0,42.454,-0.591537,60.02448,0,53.2985,3.504437,60.00583,0,64.107,1.331808,60.02331,0,PMU
1277,10.650000,14919.9,-0.683860,59.95920,0,14848.8,3.498577,59.94988,0,14833.7,1.408812,60.13289,0,42.4595,-0.590865,60.01282,0,53.315,3.505962,60.02914,0,64.0916,1.332785,60.01865,0,PMU
1278,10.658333,14839.8,-0.680137,60.07111,0,14925.3,3.502850,60.08160,0,14841.1,1.403380,59.89625,0,42.4101,-0.589462,60.02681,0,53.3121,3.506451,60.00933,0,64.1328,1.333822,60.01982,0,PMU
1279,10.666667,14920.3,-0.682151,59.96153,0,14847,3.500225,59.94988,0,14833.7,1.410521,60.13638,0,42.3142,-0.588912,60.01049,0,53.2867,3.508038,60.03031,0,64.0594,1.335104,60.02448,0,PMU
1280,10.675000,14840,-0.678550,60.06878,0,14923.5,3.504376,60.07927,0,14840.7,1.405028,59.89509,0,42.3625,-0.587570,60.02565,0,53.3288,3.507183,59.98368,0,64.037,1.334982,59.99767,0,PMU
1281,10.683333,14921.6,-0.680442,59.96386,0,14848.5,3.501812,59.95104,0,14833.5,1.412169,60.13638,0,42.2694,-0.587142,60.00816,0,53.3261,3.509258,60.03963,0,63.9958,1.335714,60.01399,0,PMU
1282,10.691667,14838.9,-0.676841,60.06878,0,14924.2,3.506145,60.08276,0,14841.9,1.406676,59.89509,0,42.2638,-0.586776,60.00699,0,53.3928,3.508038,59.97669,0,64.0031,1.336264,60.01049,0,PMU
1283,10.700000,14923.2,-0.678672,59.96503,0,14847.5,3.503460,59.94872,0,14833.9,1.414000,60.13988,0,42.0367,-0.586410,60.00699,0,53.3568,3.509991,60.03730,0,63.8493,1.337851,60.03031,0,PMU
1284,10.708333,14839.2,-0.674949,60.07110,0,14925.3,3.507671,60.08043,0,14840.2,1.408324,59.89159,0,42.0419,-0.585372,60.01982,0,53.4328,3.509930,59.99883,0,63.9835,1.337912,60.00117,0,PMU
1285,10.716667,14921,-0.677085,59.95921,0,14847.4,3.505108,59.95105,0,14835.4,1.415526,60.13755,0,41.9904,-0.584640,60.01399,0,53.4204,3.512432,60.04779,0,63.989,1.339557,60.03143,0,PMU
1286,10.725000,14840.2,-0.673423,60.06994,0,14921.9,3.509258,60.07926,0,14841.5,1.410216,59.89859,0,42.0739,-0.584579,60.00117,0,53.3498,3.511822,59.98834,0,64.0447,1.340107,60.01049,0,PMU
1287,10.733333,14921.5,-0.675377,59.96270,0,14846.4,3.506573,59.94871,0,14833.8,1.417235,60.13405,0,41.978,-0.583114,60.02798,0,53.2999,3.514202,60.04546,0,63.969,1.341755,60.03147,0,PMU
1288,10.741667,14840.3,-0.671836,60.06761,0,14922.1,3.510723,60.07927,0,14841.6,1.411742,59.89509,0,41.9961,-0.582443,60.01282,0,53.2693,3.513164,59.98018,0,64.0194,1.341816,60.00117,0,PMU
1289,10.750000,14921.8,-0.673851,59.96153,0,14845.9,3.508099,59.94988,0,14834.4,1.418883,60.13638,0,41.9889,-0.578903,60.06760,0,53.1412,3.515728,60.04896,0,63.9536,1.343708,60.03614,0,PMU
1290,10.758333,14840.3,-0.670311,60.06761,0,14921.6,3.512310,60.08043,0,14841.1,1.413451,59.89626,0,42.2038,-0.577743,60.02215,0,53.1561,3.515545,59.99650,0,63.9957,1.343525,59.99650,0,PMU
1291,10.766667,14923.5,-0.672081,59.96620,0,14846.7,3.509747,59.95104,0,14833.7,1.420592,60.13638,0,42.2849,-0.576217,60.02914,0,53.2868,3.518291,60.05246,0,64.0062,1.345295,60.03380,0,PMU
1292,10.775000,14838.1,-0.668602,60.06644,0,14921.4,3.513958,60.08043,0,14840.3,1.414977,59.89276,0,42.2791,-0.576522,59.99417,0,53.1135,3.517498,59.98485,0,63.9593,1.344196,59.97902,0,PMU
1293,10.783333,14923.6,-0.670494,59.96386,0,14846.6,3.511333,59.94988,0,14834.1,1.422179,60.13755,0,42.2895,-0.574752,60.03380,0,53.1692,3.519695,60.04196,0,63.8944,1.346454,60.04313,0,PMU
1294,10.791667,14839.2,-0.666832,60.06994,0,14922.2,3.515667,60.08276,0,14839.8,1.416686,59.89509,0,42.177,-0.574630,60.00233,0,53.1357,3.519390,59.99417,0,63.8269,1.345112,59.97436,0,PMU
1295,10.800000,14923,-0.668846,59.96153,0,14847,3.513103,59.95104,0,14834,1.423766,60.13522,0,42.2036,-0.573166,60.02798,0,53.1617,3.520977,60.03031,0,63.7912,1.347431,60.04430,0,PMU
1296,10.808333,14840.1,-0.665245,60.06877,0,14921.4,3.517437,60.08276,0,14840.7,1.418456,59.89859,0,42.3108,-0.572067,60.02098,0,53.1306,3.520672,59.99417,0,63.7259,1.346027,59.97319,0,PMU
1297,10.816667,14923.9,-0.667198,59.96270,0,14846.6,3.514690,59.94754,0,14832.9,1.425475,60.13405,0,42.2899,-0.570236,60.03497,0,53.2097,3.522424,60.03347,0,63.5913,1.347675,60.03147,0,PMU
1298,10.825000,14840.4,-0.663536,60.06994,0,14923.1,3.519146,60.08509,0,14841.4,1.420104,59.89742,0,42.3529,-0.568710,60.02914,0,53.1031,3.522119,59.99417,0,63.452,1.346027,59.96853,0,PMU
1299,10.833333,14923.7,-0.665611,59.96037,0,14845.4,3.516399,59.94754,0,14833,1.427245,60.13638,0,42.4575,-0.568100,60.01166,0,53.1741,3.523645,60.02914,0,63.3454,1.348896,60.05479,0,PMU
1300,10.841667,14840.9,-0.661949,60.06994,0,14921.9,3.520672,60.08160,0,14839.6,1.421752,59.89509,0,42.6223,-0.565725,60.04535,0,53.2751,3.523218,59.99184,0,63.294,1.347004,59.96386,0,PMU
1301,10.850000,14922.3,-0.663963,59.96153,0,14845.8,3.518047,59.94988,0,14832.7,1.428771,60.13405,0,42.6654,-0.565847,59.99767,0,53.2692,3.524927,60.03264,0,63.1972,1.348957,60.03730,0,PMU
1302,10.858333,14841,-0.660484,60.06644,0,14920.6,3.522302,60.08127,0,14840.3,1.423461,59.89859,0,42.7481,-0.564687,60.02215,0,53.2697,3.524988,60.00117,0,63.0827,1.347858,59.97902,0,PMU
1303,10.866667,14922.7,-0.662315,59.96503,0,14845.7,3.519573,59.94788,0,14831,1.430480,60.13405,0,42.6804,-0.564687,60.00000,0,53.4112,3.526575,60.03031,0,63.1142,1.350422,60.04896,0,PMU
1304,10.875000,14841.1,-0.658716,60.06873,0,14920.5,3.523889,60.08243,0,14839.4,1.425047,59.89625,0,42.8018,-0.563345,60.02565,0,53.2735,3.526636,60.00117,0,63.2376,1.351154,60.01399,0,PMU
1305,10.883333,14923.4,-0.660667,59.96274,0,14845.7,3.521221,59.94904,0,14832,1.432110,60.13489,0,42.7967,-0.563284,60.00117,0,53.3194,3.527551,60.01749,0,63.3549,1.354084,60.05595,0,PMU
1306,10.891667,14841.8,-0.657068,60.06873,0,14920.7,3.525537,60.08243,0,14839.7,1.426634,59.89542,0,42.7099,-0.561453,60.03497,0,53.2086,3.527918,60.00699,0,63.3341,1.354145,60.00116,0,PMU
1307,10.900000,14921.6,-0.658960,59.96386,0,14845.7,3.522913,59.94988,0,14830.3,1.433636,60.13372,0,42.594,-0.562551,59.97902,0,53.1744,3.529321,60.02681,0,63.4526,1.356464,60.04430,0,PMU
1308,10.908333,14840,-0.655481,60.06644,0,14920.1,3.527246,60.08276,0,14839.5,1.428099,59.89426,0,42.6172,-0.561147,60.02681,0,53.0821,3.530603,60.02448,0,63.5559,1.356891,60.00816,0,PMU
1309,10.916667,14921.7,-0.657373,59.96386,0,14844,3.524561,59.94871,0,14829.9,1.435223,60.13605,0,42.5579,-0.561208,59.99883,0,53.2454,3.531152,60.01049,0,63.7264,1.359272,60.04546,0,PMU
1310,10.925000,14840.9,-0.653833,60.06761,0,14919,3.528711,60.07927,0,14837.8,1.429686,59.89426,0,42.5081,-0.559988,60.02331,0,53.1613,3.532617,60.02798,0,63.7962,1.359943,60.01282,0,PMU
1311,10.933333,14923,-0.655542,59.96736,0,14846.8,3.526148,59.95104,0,14829.2,1.436810,60.13605,0,42.4402,-0.559927,60.00117,0,53.3404,3.533533,60.01749,0,63.9929,1.361469,60.02914,0,PMU
1312,10.941667,14839.8,-0.652063,60.06644,0,14920.4,3.530603,60.08509,0,14839.1,1.431334,59.89542,0,42.5404,-0.558645,60.02448,0,53.2933,3.535181,60.03147,0,64.0294,1.361835,60.00699,0,PMU
1313,10.950000,14923.5,-0.653833,59.96620,0,14846.6,3.527918,59.94871,0,14829.7,1.438519,60.13722,0,42.5019,-0.557729,60.01749,0,53.2874,3.534082,59.97902,0,63.9795,1.362262,60.00816,0,PMU
1314,10.958333,14840.7,-0.650171,60.06994,0,14921.9,3.532373,60.08509,0,14838.3,1.433087,59.89625,0,42.3925,-0.556814,60.01749,0,53.283,3.536646,60.04896,0,63.9614,1.361957,59.99417,0,PMU
1315,10.966667,14921.1,-0.652246,59.96037,0,14844.5,3.529688,59.94871,0,14828.7,1.440228,60.13638,0,42.338,-0.557790,59.98135,0,53.293,3.535425,59.97669,0,63.9402,1.363056,60.02098,0,PMU
1316,10.975000,14841,-0.648767,60.06644,0,14918.3,3.533777,60.07810,0,14836.9,1.434796,59.89625,0,42.3762,-0.555227,60.04896,0,53.3157,3.537622,60.04196,0,63.8651,1.363666,60.01166,0,PMU
1317,10.983333,14921.4,-0.650599,59.96503,0,14846.3,3.531213,59.95104,0,14828.1,1.441693,60.13172,0,42.3584,-0.554617,60.01166,0,53.3417,3.537317,59.99417,0,63.9077,1.364459,60.01515,0,PMU
1318,10.991667,14839.2,-0.647364,60.06178,0,14917.6,3.535425,60.08043,0,14837.4,1.436321,59.89742,0,42.5535,-0.553091,60.02914,0,53.4818,3.538965,60.03147,0,63.892,1.365863,60.02681,0,PMU
1319,11.000000,14923.3,-0.648951,59.96969,0,14844.8,3.532678,59.94754,0,14826.8,1.443402,60.13522,0,42.5561,-0.552603,60.00933,0,53.4803,3.537622,59.97435,0,63.9806,1.366779,60.01749,0,PMU
1320,11.008333,14838,-0.645655,60.06295,0,14918.8,3.537134,60.08509,0,14837.5,1.437908,59.89509,0,42.8121,-0.551138,60.02797,0,53.56,3.539148,60.02914,0,63.9677,1.367572,60.01515,0,PMU
1321,11.016667,14924,-0.647364,59.96736,0,14844.6,3.534448,59.94871,0,14827.6,1.445172,60.13872,0,42.8033,-0.549368,60.03380,0,53.416,3.538110,59.98018,0,63.9297,1.368610,60.01982,0,PMU
1322,11.025000,14839.2,-0.643946,60.06527,0,14919.1,3.538843,60.08392,0,14837.5,1.439739,59.89625,0,42.9107,-0.549185,60.00350,0,53.3511,3.539697,60.03031,0,63.8209,1.368732,60.00233,0,PMU
1323,11.033333,14923.8,-0.645594,59.96853,0,14845.9,3.536157,59.94872,0,14827.9,1.446881,60.13638,0,42.8661,-0.547781,60.02681,0,53.3096,3.539148,59.98951,0,63.8077,1.368671,59.99883,0,PMU
1324,11.041667,14838.4,-0.642237,60.06411,0,14917.5,3.540551,60.08392,0,14835.6,1.441509,59.89742,0,42.974,-0.548025,59.99534,0,53.3356,3.541650,60.04779,0,63.7406,1.369403,60.01399,0,PMU
1325,11.050000,14922.2,-0.644068,59.96503,0,14843.6,3.537683,59.94521,0,14825.5,1.448467,60.13288,0,43.089,-0.545095,60.05595,0,53.2255,3.540796,59.98368,0,63.7053,1.370302,60.01716,0,PMU
1326,11.058333,14838.6,-0.640650,60.06528,0,14918.2,3.542138,60.08509,0,14835.8,1.443096,59.89742,0,43.1817,-0.544241,60.01632,0,53.2586,3.543359,60.04896,0,63.6462,1.371095,60.01515,0,PMU
1327,11.066667,14921.6,-0.642420,59.96620,0,14845.6,3.539331,59.94638,0,14825.6,1.450054,60.13288,0,43.2204,-0.543448,60.01515,0,53.1693,3.543176,59.99650,0,63.7681,1.372316,60.02331,0,PMU
1328,11.075000,14838,-0.639002,60.06528,0,14919.3,3.544030,60.08976,0,14837.7,1.444744,59.89859,0,43.3339,-0.544302,59.98368,0,53.1093,3.544946,60.03380,0,63.8652,1.372865,60.01049,0,PMU
1329,11.083333,14922.7,-0.640772,59.96620,0,14844.9,3.541162,59.94521,0,14826.8,1.451885,60.13638,0,43.341,-0.542288,60.03847,0,52.8838,3.545434,60.00932,0,63.8575,1.374452,60.03031,0,PMU
1330,11.091667,14839.4,-0.637232,60.06761,0,14919.9,3.545739,60.08743,0,14836.7,1.446514,59.89742,0,43.2866,-0.540823,60.02798,0,52.9369,3.547387,60.03730,0,63.8358,1.375185,60.01399,0,PMU
1331,11.100000,14920.6,-0.639124,59.96386,0,14843.4,3.542932,59.94638,0,14825.5,1.453533,60.13405,0,43.1233,-0.541555,59.98601,0,52.7743,3.548913,60.02914,0,63.8707,1.377138,60.03730,0,PMU
1332,11.108333,14838.7,-0.635889,60.06178,0,14915.9,3.547143,60.08043,0,14835.2,1.448101,59.89625,0,43.2051,-0.541433,60.00233,0,53.0117,3.548852,59.99883,0,63.9284,1.377748,60.01166,0,PMU
1333,11.116667,14921.4,-0.637537,59.96853,0,14845,3.544275,59.94521,0,14823.3,1.454937,60.13056,0,43.1742,-0.539724,60.03264,0,53.0481,3.550500,60.03147,0,63.9797,1.378664,60.01749,0,PMU
1334,11.125000,14838.7,-0.634241,60.06295,0,14919.4,3.548913,60.08859,0,14836.8,1.449505,59.89625,0,43.2581,-0.538565,60.02215,0,53.0227,3.550866,60.00699,0,64.0387,1.379030,60.00699,0,PMU
1335,11.133333,14921.9,-0.635828,59.96969,0,14844.7,3.546167,59.94754,0,14824.9,1.456768,60.13872,0,43.099,-0.538626,59.99883,0,52.9155,3.553000,60.04076,0,63.9929,1.380617,60.03031,0,PMU
1336,11.141667,14838.2,-0.632532,60.06295,0,14919,3.550622,60.08509,0,14836.4,1.451214,59.89392,0,43.1622,-0.538687,59.99883,0,53.0708,3.551660,59.97440,0,63.9943,1.380373,59.99534,0,PMU
1337,11.150000,14921.9,-0.634241,59.96736,0,14845.1,3.547876,59.94754,0,14825.9,1.458477,60.13872,0,43.1658,-0.537832,60.01632,0,53.009,3.554893,60.06174,0,64.0609,1.381471,60.02098,0,PMU
1338,11.158333,14839.1,-0.630884,60.06411,0,14919.6,3.552392,60.08626,0,14837.8,1.452984,59.89509,0,43.1264,-0.536062,60.03380,0,53.0971,3.553550,59.97435,0,64.0256,1.382143,60.01282,0,PMU
1339,11.166667,14923.4,-0.632532,59.96853,0,14844.9,3.549524,59.94521,0,14825.5,1.460186,60.13755,0,42.8219,-0.534661,60.02677,0,53.1386,3.556785,60.06178,0,63.9701,1.382997,60.01632,0,PMU
1340,11.175000,14839.7,-0.629114,60.06528,0,14918.1,3.553916,60.08389,0,14835.2,1.454693,59.89509,0,42.7964,-0.533989,60.01282,0,53.1439,3.555686,59.97902,0,63.9305,1.382326,59.98718,0,PMU
1341,11.183333,14922.3,-0.630823,59.96736,0,14846,3.551172,59.94759,0,14824.8,1.461712,60.13405,0,42.9584,-0.531792,60.04196,0,53.2984,3.559470,60.07227,0,63.9951,1.383729,60.02681,0,PMU
1342,11.191667,14838.6,-0.627606,60.06145,0,14918.6,3.555625,60.08505,0,14836.3,1.456219,59.89509,0,43.0597,-0.531914,59.99767,0,53.2855,3.558127,59.97435,0,64.0686,1.385194,60.02798,0,PMU
1343,11.200000,14922.4,-0.629359,59.96653,0,14846.9,3.552758,59.94525,0,14825.6,1.463238,60.13405,0,43.0516,-0.530693,60.02331,0,53.2152,3.560935,60.05362,0,64.0792,1.386354,60.02214,0,PMU
1344,11.208333,14839.1,-0.625958,60.06495,0,14919.1,3.557273,60.08622,0,14837.3,1.457867,59.89742,0,42.9885,-0.531609,59.98251,0,53.0951,3.559531,59.97319,0,64.088,1.387391,60.01982,0,PMU
1345,11.216667,14923.1,-0.627728,59.96620,0,14845.4,3.554404,59.94521,0,14825.3,1.465066,60.13751,0,43.158,-0.530632,60.01865,0,53.1889,3.562644,60.05945,0,64.1723,1.388856,60.02798,0,PMU
1346,11.225000,14838.6,-0.624371,60.06411,0,14918.7,3.558860,60.08509,0,14836.2,1.459453,59.89280,0,43.1489,-0.529473,60.02215,0,53.1235,3.560752,59.96386,0,64.1664,1.388795,59.99883,0,PMU
1347,11.233333,14923.1,-0.625958,59.96969,0,14847.4,3.556174,59.94871,0,14826.5,1.466653,60.13751,0,43.0573,-0.528923,60.01049,0,53.062,3.564658,60.07460,0,64.146,1.390199,60.02681,0,PMU
1348,11.241667,14838.6,-0.622723,60.06178,0,14917.2,3.560691,60.08626,0,14837.8,1.461346,59.89863,0,42.9669,-0.528923,60.00000,0,52.893,3.562583,59.96037,0,64.074,1.390931,60.01399,0,PMU
1349,11.250000,14925.1,-0.624188,59.97202,0,14846.6,3.557761,59.94405,0,14824.8,1.468423,60.13518,0,42.9516,-0.527336,60.03031,0,52.7722,3.565635,60.05828,0,64.0235,1.391237,60.00583,0,PMU
1350,11.258333,14838.1,-0.620953,60.06178,0,14919.3,3.562400,60.08859,0,14837.8,1.462932,59.89513,0,43.0419,-0.526726,60.01166,0,52.6246,3.565024,59.98834,0,64.1149,1.392945,60.03264,0,PMU
1351,11.266667,14925.1,-0.622601,59.96853,0,14845.3,3.559531,59.94521,0,14825.7,1.470193,60.13867,0,43.1436,-0.525078,60.03147,0,52.6778,3.567893,60.05479,0,64.1939,1.394715,60.03380,0,PMU
1352,11.275000,14838.3,-0.619305,60.06295,0,14918.5,3.563987,60.08509,0,14836.1,1.464578,59.89276,0,43.1242,-0.525200,59.99767,0,52.5553,3.567038,59.98368,0,64.2704,1.395265,60.01049,0,PMU
1353,11.283333,14924.5,-0.620953,59.96853,0,14847.5,3.561179,59.94638,0,14826.4,1.471658,60.13522,0,43.1089,-0.523735,60.02798,0,52.5713,3.570029,60.05711,0,64.2807,1.395204,59.99883,0,PMU
1354,11.291667,14839.5,-0.617596,60.06411,0,14919.4,3.565818,60.08859,0,14838.5,1.466348,59.89859,0,43.0913,-0.522698,60.01982,0,52.4884,3.569663,59.99301,0,64.3166,1.396669,60.02798,0,PMU
1355,11.300000,14923.9,-0.619244,59.96853,0,14845.8,3.562949,59.94521,0,14825.5,1.473428,60.13522,0,43.2094,-0.521843,60.01632,0,52.4181,3.571921,60.04313,0,64.2979,1.397462,60.01515,0,PMU
1356,11.308333,14839.2,-0.616009,60.06178,0,14918.4,3.567405,60.08509,0,14837.7,1.467996,59.89625,0,43.2668,-0.521660,60.00350,0,52.3538,3.571616,59.99417,0,64.2794,1.398317,60.01632,0,PMU
1357,11.316667,14924.7,-0.617596,59.96969,0,14847.9,3.564536,59.94521,0,14826.4,1.475015,60.13405,0,43.4004,-0.519890,60.03380,0,52.5407,3.573813,60.04196,0,64.3115,1.398256,59.99883,0,PMU
1358,11.325000,14838.2,-0.614361,60.06178,0,14918.2,3.569174,60.08859,0,14838.6,1.469705,59.89859,0,43.3316,-0.519768,60.00233,0,52.2801,3.574362,60.01049,0,64.2773,1.399232,60.01865,0,PMU
1359,11.333333,14924.5,-0.616070,59.96736,0,14844.5,3.566062,59.94056,0,14824.8,1.476785,60.13522,0,43.3789,-0.519219,60.01049,0,52.3412,3.575522,60.02215,0,64.0987,1.400331,60.02098,0,PMU
1360,11.341667,14838.5,-0.612714,60.06411,0,14918.7,3.570700,60.08859,0,14837.3,1.471353,59.89625,0,43.3012,-0.518670,60.01049,0,52.3561,3.576316,60.01515,0,64.1115,1.400331,60.00000,0,PMU
1361,11.350000,14923.5,-0.614483,59.96620,0,14844.9,3.567771,59.94405,0,14825.6,1.478433,60.13522,0,43.4954,-0.518670,60.00000,0,52.3957,3.576865,60.01049,0,64.1377,1.401244,60.01744,0,PMU
1362,11.358333,14840.5,-0.611127,60.06411,0,14918.8,3.572287,60.08626,0,14838.6,1.473001,59.89625,0,43.5039,-0.516106,60.04896,0,52.3012,3.577475,60.01166,0,64.2127,1.402648,60.02681,0,PMU
1363,11.366667,14923.5,-0.612653,59.97086,0,14848.4,3.569480,59.94638,0,14826.2,1.479959,60.13288,0,43.5072,-0.516778,59.98718,0,52.3949,3.578269,60.01515,0,64.1885,1.403869,60.02331,0,PMU
1364,11.375000,14839.5,-0.609479,60.06062,0,14919.1,3.574057,60.08743,0,14839.8,1.474527,59.89626,0,43.52,-0.515374,60.02681,0,52.2115,3.579306,60.01982,0,64.2687,1.404052,60.00350,0,PMU
1365,11.383333,14924.3,-0.611066,59.96969,0,14847.3,3.571189,59.94521,0,14827.3,1.481729,60.13755,0,43.6374,-0.516961,59.96969,0,52.3473,3.579917,60.01166,0,64.3224,1.405822,60.03380,0,PMU
1366,11.391667,14838.9,-0.607831,60.06178,0,14919.3,3.575766,60.08743,0,14838.8,1.476175,59.89393,0,43.7239,-0.513909,60.05828,0,52.3545,3.580649,60.01399,0,64.4105,1.406615,60.01515,0,PMU
1367,11.400000,14923.9,-0.609540,59.96736,0,14845.9,3.572776,59.94288,0,14826.7,1.483316,60.13638,0,43.5812,-0.515008,59.97902,0,52.2021,3.581626,60.01865,0,64.3443,1.408141,60.02914,0,PMU
1368,11.408333,14839.5,-0.606244,60.06295,0,14918,3.577292,60.08626,0,14837.9,1.477884,59.89626,0,43.5053,-0.512749,60.04313,0,52.1853,3.582602,60.01865,0,64.2624,1.407897,59.99534,0,PMU
1369,11.416667,14923.7,-0.607831,59.96969,0,14847.1,3.574362,59.94405,0,14826.1,1.484903,60.13405,0,43.4486,-0.514153,59.97319,0,52.2341,3.582846,60.00466,0,64.2411,1.408812,60.01748,0,PMU
1370,11.425000,14838.9,-0.604657,60.06061,0,14917.3,3.578879,60.08626,0,14838.2,1.479409,59.89509,0,43.4928,-0.510918,60.06178,0,52.1967,3.584050,60.02299,0,64.2644,1.409057,60.00466,0,PMU
1371,11.433333,14923.1,-0.606427,59.96620,0,14846.4,3.575949,59.94405,0,14826.4,1.486428,60.13405,0,43.4117,-0.512627,59.96736,0,52.2096,3.584538,60.00933,0,64.3377,1.411193,60.04080,0,PMU
1372,11.441667,14840.4,-0.603070,60.06411,0,14918.3,3.580527,60.08743,0,14839.2,1.481179,59.89975,0,43.4255,-0.510918,60.03264,0,52.2755,3.586003,60.02798,0,64.2848,1.411559,60.00699,0,PMU
1373,11.450000,14921.3,-0.604779,59.96736,0,14846,3.577597,59.94405,0,14824.6,1.488015,60.13056,0,43.3956,-0.512078,59.97785,0,52.2136,3.586003,60.00000,0,64.2624,1.412230,60.01282,0,PMU
1374,11.458333,14838.2,-0.601727,60.05828,0,14918.1,3.582175,60.08743,0,14840.5,1.482644,59.89742,0,43.5341,-0.509026,60.05828,0,52.2509,3.587895,60.03614,0,64.1815,1.411803,59.99184,0,PMU
1375,11.466667,14923.6,-0.603314,59.96969,0,14844.9,3.579245,59.94405,0,14825.5,1.489907,60.13872,0,43.5121,-0.509392,59.99301,0,52.3181,3.587407,59.99067,0,64.1661,1.413268,60.02798,0,PMU
1376,11.475000,14837.5,-0.600080,60.06178,0,14918.4,3.583945,60.08976,0,14839.5,1.484414,59.89509,0,43.4985,-0.508172,60.02331,0,52.2466,3.590275,60.05479,0,64.0688,1.413634,60.00699,0,PMU
1377,11.483333,14922.5,-0.601666,59.96969,0,14845.4,3.581076,59.94521,0,14827.4,1.491555,60.13638,0,43.5363,-0.507867,60.00583,0,52.3993,3.589909,59.99301,0,64.1612,1.415160,60.02914,0,PMU
1378,11.491667,14838,-0.598554,60.05945,0,14915.5,3.585637,60.08710,0,14840.4,1.486184,59.89742,0,43.6979,-0.505669,60.04196,0,52.4508,3.591008,60.02098,0,64.1033,1.416381,60.02331,0,PMU
1379,11.500000,14925,-0.599774,59.97669,0,14847,3.582663,59.94321,0,14826.6,1.493203,60.13405,0,43.5768,-0.505486,60.00350,0,52.5167,3.590398,59.98834,0,64.1673,1.417479,60.02098,0,PMU
1380,11.508333,14837.7,-0.596603,60.06057,0,14917.7,3.587407,60.09060,0,14840,1.487832,59.89742,0,43.4964,-0.504588,60.01715,0,52.4411,3.592839,60.04663,0,64.1233,1.418700,60.02331,0,PMU
1381,11.516667,14924.4,-0.598065,59.97207,0,14846.4,3.584416,59.94288,0,14826.9,1.494846,60.13394,0,43.3505,-0.504771,59.99650,0,52.3844,3.591679,59.97785,0,64.1574,1.419859,60.02215,0,PMU
1382,11.525000,14839.4,-0.594772,60.06291,0,14917.9,3.588933,60.08626,0,14838.9,1.489419,59.89636,0,43.3931,-0.502513,60.04313,0,52.3648,3.593022,60.02564,0,64.0876,1.421080,60.02331,0,PMU
1383,11.533333,14924,-0.596298,59.97086,0,14847.5,3.585942,59.94288,0,14825.3,1.496310,60.13161,0,43.1838,-0.501842,60.01282,0,52.2948,3.594182,60.02215,0,64.1079,1.420592,59.99067,0,PMU
1384,11.541667,14839.6,-0.593124,60.06062,0,14918.3,3.590581,60.08859,0,14839.9,1.491006,59.89870,0,43.2665,-0.500133,60.03264,0,52.5079,3.594548,60.00699,0,64.051,1.422484,60.03614,0,PMU
1385,11.550000,14923.9,-0.594650,59.97086,0,14846.5,3.587468,59.94055,0,14823.9,1.497897,60.13161,0,43.0826,-0.498607,60.02914,0,52.4013,3.595952,60.02681,0,64.1309,1.423216,60.01399,0,PMU
1386,11.558333,14839.6,-0.591537,60.05945,0,14917.8,3.592168,60.08976,0,14840.1,1.492532,59.89753,0,43.2463,-0.495860,60.05246,0,52.4919,3.596318,60.00699,0,64.1969,1.425597,60.04546,0,PMU
1387,11.566667,14925.6,-0.592941,59.97319,0,14846.5,3.589055,59.94055,0,14824.8,1.499545,60.13394,0,43.0924,-0.493968,60.03614,0,52.5076,3.597356,60.01982,0,64.1865,1.424925,59.98718,0,PMU
1388,11.575000,14838.6,-0.589950,60.05712,0,14916.3,3.593815,60.09092,0,14840.4,1.494235,59.89859,0,43.1969,-0.494762,59.98485,0,52.442,3.597844,60.00933,0,64.2181,1.426939,60.03847,0,PMU
1389,11.583333,14926.4,-0.591415,59.97202,0,14846,3.590642,59.93939,0,14824.6,1.501315,60.13522,0,43.1179,-0.492991,60.03380,0,52.3685,3.598271,60.00816,0,64.1331,1.426024,59.98251,0,PMU
1390,11.591667,14840.5,-0.588180,60.06178,0,14917.8,3.595463,60.09209,0,14840.5,1.495944,59.89742,0,43.1775,-0.493968,59.98135,0,52.3242,3.599309,60.01982,0,64.2018,1.428221,60.04196,0,PMU
1391,11.600000,14926.8,-0.589767,59.96969,0,14845.8,3.592412,59.94172,0,14825.1,1.503085,60.13638,0,43.1928,-0.490428,60.06761,0,52.2932,3.600346,60.01981,0,64.0888,1.427733,59.99067,0,PMU
1392,11.608333,14842.2,-0.586471,60.06295,0,14917.8,3.597050,60.08859,0,14840.3,1.497653,59.89625,0,43.1311,-0.491771,59.97435,0,52.2451,3.600834,60.00933,0,64.123,1.429320,60.03031,0,PMU
1393,11.616667,14925,-0.587936,59.97202,0,14847.3,3.594182,59.94521,0,14825.9,1.504733,60.13522,0,43.0957,-0.489696,60.03963,0,52.222,3.602543,60.03264,0,64.058,1.429137,59.99650,0,PMU
1394,11.625000,14840.8,-0.584884,60.05828,0,14916.8,3.598881,60.08976,0,14842.4,1.499423,59.89859,0,43.0907,-0.490001,59.99417,0,52.0642,3.602421,59.99767,0,64.1149,1.430724,60.03031,0,PMU
1395,11.633333,14926.7,-0.586288,59.97319,0,14847,3.595769,59.94055,0,14824.9,1.506503,60.13522,0,43.0656,-0.486827,60.06061,0,52.0115,3.604985,60.04896,0,63.911,1.431395,60.01282,0,PMU
1396,11.641667,14841,-0.583175,60.05945,0,14919,3.600529,60.09092,0,14842.4,1.501010,59.89509,0,43.0606,-0.488109,59.97552,0,52.0514,3.605412,60.00816,0,63.9899,1.432110,60.01366,0,PMU
1397,11.650000,14927.5,-0.584640,59.97202,0,14847.6,3.597539,59.94289,0,14827.7,1.508273,60.13872,0,43.1276,-0.486156,60.03730,0,51.9744,3.607609,60.04196,0,63.8719,1.434063,60.03730,0,PMU
1398,11.658333,14842.2,-0.581527,60.05944,0,14918.4,3.602177,60.08859,0,14841.9,1.502780,59.89509,0,43.1723,-0.486034,60.00233,0,52.0333,3.606999,59.98834,0,63.9837,1.434002,59.99883,0,PMU
1399,11.666667,14925.4,-0.583114,59.96970,0,14848.6,3.599126,59.94172,0,14826.9,1.509677,60.13172,0,43.1143,-0.484020,60.03847,0,51.9811,3.609562,60.04896,0,63.854,1.435589,60.03031,0,PMU
1400,11.675000,14840.8,-0.580062,60.05828,0,14917.9,3.603825,60.08975,0,14843.1,1.504306,59.89742,0,43.0659,-0.484325,59.99417,0,51.9776,3.609196,59.99301,0,64.0069,1.435650,60.00117,0,PMU
1401,11.683333,14925.8,-0.581527,59.97202,0,14847.3,3.600651,59.93938,0,14826.7,1.511325,60.13405,0,43.0632,-0.483104,60.02331,0,51.9932,3.611698,60.04779,0,63.9691,1.438153,60.04779,0,PMU
1402,11.691667,14840.5,-0.578537,60.05712,0,14917.6,3.605168,60.08626,0,14841.5,1.505771,59.89393,0,43.2174,-0.482555,60.01049,0,52.141,3.610600,59.97902,0,64.1347,1.437847,59.99417,0,PMU
1403,11.700000,14926,-0.579940,59.97319,0,14848,3.602116,59.94172,0,14825.8,1.512790,60.13405,0,43.1706,-0.480480,60.03963,0,52.1152,3.612736,60.04080,0,64.0745,1.440045,60.04196,0,PMU
1404,11.708333,14839,-0.576889,60.05828,0,14917.5,3.606877,60.09092,0,14842.3,1.507419,59.89742,0,43.1306,-0.481639,59.97785,0,52.11,3.612736,60.00000,0,64.1866,1.438946,59.97902,0,PMU
1405,11.716667,14926.5,-0.578292,59.97319,0,14845.9,3.603703,59.93938,0,14825.6,1.514560,60.13638,0,42.9943,-0.480724,60.01748,0,52.1501,3.613713,60.01865,0,64.1096,1.441631,60.05129,0,PMU
1406,11.725000,14837.2,-0.575363,60.05595,0,14916.3,3.608342,60.08859,0,14839.6,1.508945,59.89276,0,42.9048,-0.482128,59.97319,0,52.0769,3.614262,60.01049,0,64.1543,1.439862,59.96620,0,PMU
1407,11.733333,14925.5,-0.576889,59.97086,0,14845.8,3.605107,59.93822,0,14826,1.515902,60.13288,0,42.9813,-0.478893,60.06178,0,52.1469,3.614323,60.00117,0,64.0896,1.442852,60.05712,0,PMU
1408,11.741667,14840.8,-0.573715,60.06061,0,14917.2,3.609928,60.09209,0,14842.3,1.510592,59.89859,0,42.735,-0.478771,60.00233,0,52.0328,3.615297,60.01861,0,64.11,1.441143,59.96736,0,PMU
1409,11.750000,14926.3,-0.574997,59.97552,0,14848.1,3.606938,59.94288,0,14826.2,1.517611,60.13405,0,42.6197,-0.476634,60.04080,0,51.972,3.615786,60.00933,0,64.0367,1.444622,60.06644,0,PMU
1410,11.758333,14839.8,-0.572006,60.05712,0,14917.5,3.611759,60.09209,0,14842.8,1.512240,59.89742,0,42.6205,-0.475841,60.01515,0,51.8104,3.616762,60.01865,0,64.074,1.442791,59.96503,0,PMU
1411,11.766667,14926.8,-0.573349,59.97435,0,14847.4,3.608647,59.94055,0,14826.1,1.519259,60.13405,0,42.7363,-0.474071,60.03380,0,51.8165,3.617373,60.01166,0,64.1133,1.446209,60.06528,0,PMU
1412,11.775000,14840.3,-0.570358,60.05712,0,14918.3,3.613468,60.09209,0,14842.3,1.513888,59.89742,0,42.662,-0.473949,60.00233,0,51.8365,3.618410,60.01982,0,64.0823,1.444195,59.96153,0,PMU
1413,11.783333,14927.3,-0.571762,59.97319,0,14847.1,3.610295,59.93938,0,14826.9,1.520907,60.13405,0,42.5462,-0.473827,60.00233,0,51.8089,3.620180,60.03380,0,64.178,1.448833,60.08859,0,PMU
1414,11.791667,14841.8,-0.568710,60.05828,0,14918.1,3.615116,60.09209,0,14843.8,1.515597,59.89859,0,42.5361,-0.471754,60.03959,0,51.8216,3.620119,59.99883,0,64.2012,1.447613,59.97669,0,PMU
1415,11.800000,14928.2,-0.570053,59.97435,0,14848.5,3.611943,59.93938,0,14827.6,1.522555,60.13289,0,42.4213,-0.470838,60.01749,0,51.6901,3.621340,60.02331,0,64.3827,1.451824,60.08043,0,PMU
1416,11.808333,14841.4,-0.567123,60.05595,0,14918.4,3.616884,60.09438,0,14845.6,1.517184,59.89742,0,42.4614,-0.470594,60.00466,0,51.4844,3.621767,60.00816,0,64.4763,1.451214,59.98834,0,PMU
1417,11.816667,14930,-0.568405,59.97552,0,14847.9,3.613652,59.93826,0,14828.2,1.524386,60.13755,0,42.5455,-0.469984,60.01166,0,51.3983,3.623293,60.02914,0,64.6135,1.454327,60.05945,0,PMU
1418,11.825000,14842.5,-0.565481,60.05584,0,14917.6,3.618471,60.09205,0,14844.3,1.518893,59.89509,0,42.7106,-0.467664,60.04430,0,51.3214,3.624636,60.02565,0,64.5845,1.453045,59.97552,0,PMU
1419,11.833333,14929.2,-0.566940,59.97213,0,14848.6,3.615236,59.93822,0,14827.6,1.525849,60.13285,0,42.7864,-0.467237,60.00816,0,51.3081,3.626650,60.03847,0,64.6943,1.455547,60.04779,0,PMU
1420,11.841667,14843.4,-0.563833,60.05934,0,14918.4,3.620058,60.09209,0,14845.1,1.520480,59.89746,0,42.8929,-0.466016,60.02331,0,51.2718,3.627260,60.01166,0,64.6076,1.454693,59.98368,0,PMU
1421,11.850000,14929,-0.565298,59.97202,0,14847.7,3.616823,59.93822,0,14828,1.527497,60.13401,0,42.7763,-0.466200,59.99650,0,51.2193,3.629518,60.04313,0,64.5638,1.456035,60.02564,0,PMU
1422,11.858333,14844.4,-0.562246,60.05828,0,14918.5,3.621523,60.08976,0,14845.3,1.522067,59.89630,0,42.8863,-0.464185,60.03847,0,51.2294,3.629580,60.00117,0,64.3897,1.455547,59.99067,0,PMU
1423,11.866667,14929,-0.563711,59.97202,0,14848.9,3.618349,59.93938,0,14828.7,1.529084,60.13401,0,42.9043,-0.463514,60.01282,0,51.1287,3.631838,60.04313,0,64.3354,1.456829,60.02448,0,PMU
1424,11.875000,14844.7,-0.560903,60.05362,0,14917.1,3.623049,60.08976,0,14846.4,1.523715,59.89746,0,42.8962,-0.464124,59.98834,0,50.9971,3.632021,60.00350,0,64.1153,1.457012,60.00350,0,PMU
1425,11.883333,14931.1,-0.562124,59.97669,0,14849.9,3.619814,59.93822,0,14827.4,1.530732,60.13401,0,42.9456,-0.462599,60.02914,0,51.0688,3.633180,60.02215,0,64.1039,1.458843,60.03497,0,PMU
1426,11.891667,14843.1,-0.559194,60.05595,0,14919.2,3.624697,60.09325,0,14846.2,1.525177,59.89392,0,42.981,-0.462599,60.00000,0,50.9607,3.634340,60.02215,0,63.9855,1.458904,60.00117,0,PMU
1427,11.900000,14929.6,-0.560659,59.97202,0,14848.5,3.621523,59.93939,0,14829.7,1.532319,60.13639,0,43.1494,-0.461134,60.02798,0,50.9883,3.635744,60.02681,0,64.0165,1.460430,60.02914,0,PMU
1428,11.908333,14844.3,-0.557729,60.05595,0,14918.2,3.626162,60.08859,0,14846.3,1.526886,59.89625,0,43.2028,-0.461317,59.99650,0,50.9555,3.635805,60.00117,0,63.8932,1.461346,60.01749,0,PMU
1429,11.916667,14928.9,-0.559194,59.97202,0,14849,3.622988,59.93938,0,14828.4,1.533783,60.13172,0,43.2357,-0.461622,59.99417,0,50.9004,3.637941,60.04080,0,63.9917,1.462139,60.01515,0,PMU
1430,11.925000,14843.5,-0.556265,60.05595,0,14917.9,3.627687,60.08976,0,14846.9,1.528351,59.89625,0,43.2703,-0.461134,60.00933,0,50.8834,3.637331,59.98834,0,63.8886,1.463480,60.02560,0,PMU
1431,11.933333,14929.8,-0.557607,59.97435,0,14849.1,3.624514,59.93938,0,14828.5,1.535309,60.13289,0,43.2848,-0.459669,60.02798,0,50.8529,3.639772,60.04663,0,63.9307,1.464029,60.01049,0,PMU
1432,11.941667,14842.6,-0.554678,60.05595,0,14917.8,3.629274,60.09092,0,14846.9,1.529877,59.89625,0,43.486,-0.460279,59.98834,0,50.8634,3.639467,59.99417,0,63.8627,1.465311,60.02448,0,PMU
1433,11.950000,14929.5,-0.556020,59.97435,0,14848.7,3.626101,59.93938,0,14828.9,1.537018,60.13638,0,43.433,-0.462110,59.96503,0,50.7839,3.641969,60.04779,0,63.8658,1.464883,59.99184,0,PMU
1434,11.958333,14842.2,-0.553152,60.05479,0,14917.3,3.630861,60.09092,0,14846.5,1.531464,59.89392,0,43.3579,-0.462171,59.99883,0,50.7409,3.642152,60.00350,0,63.8836,1.467203,60.04430,0,PMU
1435,11.966667,14930.8,-0.554373,59.97669,0,14849.1,3.627626,59.93822,0,14829.1,1.538544,60.13522,0,43.1669,-0.459058,60.05945,0,50.7228,3.643556,60.02681,0,63.9366,1.467691,60.00933,0,PMU
1436,11.975000,14843.6,-0.551382,60.05711,0,14918.3,3.632509,60.09325,0,14847.1,1.533112,59.89625,0,42.9746,-0.458387,60.01282,0,50.5617,3.643434,59.99767,0,63.8842,1.469095,60.02681,0,PMU
1437,11.983333,14930.8,-0.552603,59.97669,0,14848.9,3.629335,59.93939,0,14829.9,1.540192,60.13522,0,42.8643,-0.457289,60.02098,0,50.4499,3.645204,60.03380,0,63.8933,1.469522,60.00816,0,PMU
1438,11.991667,14844.2,-0.549734,60.05478,0,14917.4,3.634035,60.08975,0,14847.1,1.534760,59.89625,0,42.9022,-0.456923,60.00699,0,50.4852,3.645021,59.99650,0,63.8708,1.470499,60.01865,0,PMU
1439,12.000000,9577.87,0.004865,70.59207,0,15631.2,3.157854,50.90562,0,6075.6,0.034327,31.34385,1,29.084,0.006513,68.85097,0,54.0966,3.157793,50.69463,0,29.4383,0.031825,32.52336,0,PMU
