report,t_s,F0.Va.rms,F0.Va.ang_rad,F0.Va.freq_hz,F0.Va.event,F0.Vb.rms,F0.Vb.ang_rad,F0.Vb.freq_hz,F0.Vb.event,F0.Vc.rms,F0.Vc.ang_rad,F0.Vc.freq_hz,F0.Vc.event,F0.Ia.rms,F0.Ia.ang_rad,F0.Ia.freq_hz,F0.Ia.event,F0.Ib.rms,F0.Ib.ang_rad,F0.Ib.freq_hz,F0.Ib.event,F0.Ic.rms,F0.Ic.ang_rad,F0.Ic.freq_hz,F0.Ic.event,F0.mode
0,0.008333,15069.2,1.555634,60.00000,0,15000.4,3.661971,60.00000,0,15167.7,-0.528008,60.00000,0,55.0043,1.596457,60.00000,0,45.9159,3.700909,60.00000,0,43.3208,-0.592208,60.00000,0,PMU
1,0.016667,15045.5,1.562330,60.00000,0,14952.6,3.657638,60.00000,0,15274.5,-0.528374,60.00000,0,55.3418,1.598471,60.00000,0,46.0859,3.697674,60.00000,0,43.8901,-0.588180,60.00000,0,PMU
2,0.025000,15072,1.556837,59.89392,0,15016.5,3.662581,60.09558,0,15183.8,-0.526299,60.03963,0,55.3597,1.598349,59.99534,0,46.4055,3.701947,60.08393,0,43.754,-0.587875,60.00583,0,PMU
3,0.033333,15045.3,1.563612,60.12939,0,14952.7,3.658981,59.93123,0,15274.3,-0.527031,59.98601,0,55.364,1.598959,60.01166,0,46.1685,3.698101,59.92656,0,43.9456,-0.587570,60.00583,0,PMU
4,0.041667,15069.8,1.558119,59.89509,0,15014.8,3.663863,60.09325,0,15181.6,-0.525017,60.03847,0,55.1041,1.597800,59.97785,0,46.1812,3.701153,60.05828,0,43.5188,-0.588607,59.98018,0,PMU
5,0.050000,15045.6,1.564955,60.13056,0,14953,3.660262,59.93123,0,15275.6,-0.525689,59.98718,0,55.065,1.598471,60.01282,0,45.8523,3.695782,59.89742,0,43.6792,-0.590072,59.97202,0,PMU
6,0.058333,15068.6,1.559400,59.89392,0,15012.5,3.665084,60.09208,0,15180.9,-0.523796,60.03614,0,54.8902,1.597800,59.98718,0,45.98,3.700116,60.08276,0,43.4012,-0.590743,59.98718,0,PMU
7,0.066667,15044,1.565992,60.12589,0,14951.2,3.661239,59.92657,0,15275.1,-0.524712,59.98251,0,55.1423,1.599570,60.03380,0,45.9237,3.696698,59.93472,0,43.8235,-0.589645,60.02098,0,PMU
8,0.075000,15068,1.560438,59.89392,0,15012.6,3.666183,60.09442,0,15180.4,-0.522698,60.03847,0,55.2542,1.599020,59.98951,0,46.4077,3.702008,60.10141,0,43.8059,-0.587203,60.04663,0,PMU
9,0.083333,15044.8,1.567030,60.12589,0,14951.3,3.662398,59.92773,0,15274,-0.523613,59.98251,0,55.3785,1.600119,60.02098,0,46.2262,3.699078,59.94405,0,44.0853,-0.586959,60.00466,0,PMU
10,0.091667,15071.6,1.562086,59.90558,0,15016.5,3.667769,60.10258,0,15185.1,-0.521050,60.04896,0,55.2572,1.598898,59.97669,0,46.4829,3.701702,60.05012,0,43.8855,-0.586227,60.01399,0,PMU
11,0.100000,15038.9,1.568373,60.12006,0,14946.4,3.663802,59.92423,0,15265.7,-0.522271,59.97669,0,54.9403,1.599204,60.00583,0,45.8098,3.699749,59.96270,0,43.5437,-0.588912,59.94871,0,PMU
12,0.108333,15071.1,1.563124,59.89975,0,15014.5,3.668990,60.09908,0,15179.3,-0.520318,60.03730,0,54.7069,1.597739,59.97202,0,45.9514,3.702435,60.05129,0,43.263,-0.587508,60.02681,0,PMU
13,0.116667,15042.6,1.569837,60.12822,0,14948.6,3.665206,59.92773,0,15270,-0.521172,59.98369,0,54.6346,1.598837,60.02098,0,45.4202,3.699444,59.94288,0,43.2372,-0.590377,59.94521,0,PMU
14,0.125000,15070.5,1.564588,59.89975,0,15013.2,3.670455,60.10025,0,15180.7,-0.518853,60.04429,0,54.6464,1.599082,60.00466,0,45.7939,3.703106,60.06994,0,43.155,-0.588668,60.03264,0,PMU
15,0.133333,15039.8,1.570840,60.11939,0,14945.3,3.666244,59.91957,0,15267.2,-0.520135,59.97552,0,54.8764,1.601767,60.05128,0,45.6774,3.701702,59.97319,0,43.5216,-0.587508,60.02215,0,PMU
16,0.141667,15071,1.565626,59.90042,0,15012.4,3.671432,60.09908,0,15181.8,-0.517876,60.04313,0,55.1681,1.602743,60.01865,0,46.3557,3.706219,60.08626,0,43.7439,-0.582992,60.08626,0,PMU
17,0.150000,15039.2,1.571877,60.11939,0,14944.2,3.667342,59.92190,0,15266.6,-0.519097,59.97669,0,55.3689,1.603415,60.01282,0,46.2007,3.704510,59.96736,0,43.9576,-0.583602,59.98834,0,PMU
18,0.158333,15070.7,1.566480,59.89693,0,15010.7,3.672347,60.09559,0,15180.8,-0.517022,60.03963,0,55.4571,1.604391,60.01865,0,46.6052,3.708233,60.07111,0,43.9419,-0.581527,60.03963,0,PMU
19,0.166667,15040.5,1.573098,60.12639,0,14946.6,3.668563,59.92773,0,15268.2,-0.517754,59.98601,0,55.4869,1.604330,59.99883,0,46.3574,3.704876,59.93589,0,44.0969,-0.581466,60.00117,0,PMU
20,0.175000,15072.3,1.567823,59.89926,0,15013.8,3.673629,60.09675,0,15182.5,-0.515618,60.04080,0,55.3051,1.604452,60.00233,0,46.447,3.707440,60.04896,0,43.8026,-0.581588,59.99767,0,PMU
21,0.183333,15042.5,1.574746,60.13222,0,14950.7,3.670028,59.93122,0,15272.4,-0.516106,59.99067,0,55.1929,1.603537,59.98251,0,46.0751,3.703045,59.91607,0,43.8713,-0.582321,59.98602,0,PMU
22,0.191667,15068.8,1.569044,59.89110,0,15011.3,3.674788,60.09092,0,15179.7,-0.514336,60.03380,0,54.9671,1.605063,60.02914,0,46.1017,3.707989,60.09442,0,43.5027,-0.582015,60.00583,0,PMU
23,0.200000,15040.2,1.575662,60.12639,0,14947.8,3.670943,59.92656,0,15269.9,-0.515191,59.98368,0,55.1778,1.606528,60.02798,0,46.0379,3.705914,59.96037,0,43.8676,-0.580673,60.02564,0,PMU
24,0.208333,15068.2,1.570020,59.89226,0,15011,3.675765,60.09209,0,15179.5,-0.513360,60.03497,0,55.2802,1.607199,60.01282,0,46.4804,3.710974,60.09664,0,43.8812,-0.577987,60.05129,0,PMU
25,0.216667,15043.8,1.576882,60.13105,0,14951.4,3.672042,59.92889,0,15274.4,-0.514031,59.98718,0,55.4591,1.607260,60.00117,0,46.3665,3.706707,59.91851,0,44.2172,-0.578720,59.98601,0,PMU
26,0.225000,15069.5,1.571572,59.89859,0,15012.1,3.677291,60.10025,0,15180.7,-0.511773,60.04313,0,55.2823,1.606283,59.98135,0,46.5888,3.709814,60.05934,0,43.8991,-0.579269,59.98951,0,PMU
27,0.233333,15041,1.578042,60.12356,0,14948.7,3.673202,59.92190,0,15271.3,-0.512810,59.98018,0,55.0938,1.606222,59.99883,0,46.0664,3.705792,59.92317,0,43.8942,-0.581039,59.96620,0,PMU
28,0.241667,15068,1.572610,59.89625,0,15010.4,3.678326,60.09788,0,15179.1,-0.510796,60.03847,0,54.923,1.606405,60.00350,0,46.1649,3.709814,60.07683,0,43.5583,-0.580246,60.01515,0,PMU
29,0.250000,15042.4,1.579385,60.12939,0,14951,3.674605,59.92893,0,15273.6,-0.511407,59.98834,0,54.949,1.607321,60.01749,0,45.9149,3.705914,59.92551,0,43.744,-0.580795,59.98951,0,PMU
30,0.258333,15066.7,1.574014,59.89742,0,15009.6,3.679730,60.09788,0,15178.2,-0.509331,60.03963,0,54.8924,1.607931,60.01166,0,46.1154,3.711035,60.09781,0,43.5096,-0.578903,60.03614,0,PMU
31,0.266667,15042,1.580666,60.12706,0,14950.6,3.675887,59.92660,0,15274.3,-0.510064,59.98601,0,55.0032,1.610251,60.04430,0,45.8963,3.707684,59.93600,0,43.8041,-0.577743,60.02215,0,PMU
32,0.275000,15067.8,1.575478,59.90092,0,15010.7,3.681134,60.10021,0,15180.9,-0.507867,60.04196,0,54.988,1.610556,60.00583,0,46.1789,3.712622,60.09431,0,43.6019,-0.576278,60.02798,0,PMU
33,0.283333,15040.2,1.581826,60.12123,0,14947.8,3.677047,59.92194,0,15271.6,-0.508904,59.98018,0,54.8437,1.612021,60.02798,0,45.7428,3.710486,59.95920,0,43.5804,-0.577316,59.98018,0,PMU
34,0.291667,15069.9,1.576699,59.90208,0,15010.9,3.682294,60.10021,0,15181.8,-0.506768,60.04080,0,54.8211,1.612570,60.01049,0,45.9706,3.714758,60.08160,0,43.4088,-0.575546,60.03380,0,PMU
35,0.300000,15039.1,1.583169,60.12356,0,14946.6,3.678448,59.92656,0,15268.7,-0.507622,59.98368,0,54.6759,1.612448,59.99767,0,45.5312,3.712073,59.94871,0,43.3225,-0.576828,59.97552,0,PMU
36,0.308333,15071.1,1.577981,59.90092,0,15013,3.683514,60.09675,0,15182.8,-0.505547,60.03963,0,54.7268,1.613913,60.02798,0,45.85,3.715063,60.05712,0,43.3362,-0.574752,60.03963,0,PMU
37,0.316667,15040.1,1.584695,60.12823,0,14948.9,3.679730,59.92773,0,15271.3,-0.506219,59.98718,0,54.867,1.615194,60.02448,0,45.7027,3.713110,59.96270,0,43.5513,-0.573654,60.02098,0,PMU
38,0.325000,15068.8,1.579141,59.89392,0,15011.6,3.684674,60.09442,0,15180.4,-0.504344,60.03580,0,54.951,1.616842,60.03147,0,46.0478,3.717871,60.09092,0,43.5006,-0.571884,60.03380,0,PMU
39,0.333333,15040,1.585776,60.12673,0,14949.2,3.680768,59.92540,0,15272,-0.505181,59.98401,0,55.0904,1.618244,60.02677,0,45.9008,3.716223,59.96853,0,43.7732,-0.569870,60.03847,0,PMU
40,0.341667,15070.7,1.580361,59.89659,0,15013.3,3.685956,60.09908,0,15182.9,-0.503062,60.04047,0,55.1802,1.618000,59.99534,0,46.27,3.719153,60.05595,0,43.6919,-0.569198,60.01282,0,PMU
41,0.350000,15039.2,1.586936,60.12556,0,14948.4,3.681927,59.92307,0,15272.1,-0.503978,59.98251,0,55.1928,1.618305,60.00583,0,45.9821,3.716284,59.94521,0,43.785,-0.570236,59.98018,0,PMU
42,0.358333,15071.2,1.581521,59.89659,0,15013.2,3.686993,60.09675,0,15184.4,-0.501964,60.03847,0,55.2252,1.619221,60.01749,0,46.2816,3.719824,60.06761,0,43.735,-0.569259,60.01865,0,PMU
43,0.366667,15038.3,1.588095,60.12556,0,14946.6,3.683148,59.92656,0,15271,-0.502757,59.98485,0,55.2196,1.619465,60.00466,0,46.0371,3.718237,59.96969,0,43.8625,-0.568466,60.01515,0,PMU
44,0.375000,15068,1.582375,59.89076,0,15009.5,3.688031,60.09325,0,15179.9,-0.501048,60.03264,0,55.1784,1.619526,60.00117,0,46.3245,3.721960,60.07111,0,43.7208,-0.567672,60.01515,0,PMU
45,0.383333,15040.8,1.589133,60.12906,0,14949.6,3.684247,59.92773,0,15273.8,-0.501719,59.98718,0,55.3998,1.620502,60.01865,0,46.3145,3.718725,59.93822,0,44.1797,-0.566457,60.02320,0,PMU
46,0.391667,15067.4,1.583657,59.89542,0,15009.4,3.689374,60.09792,0,15178.9,-0.499705,60.03847,0,55.6089,1.620747,60.00466,0,46.8165,3.723364,60.08859,0,44.2393,-0.563284,60.06062,0,PMU
47,0.400000,15039.3,1.590293,60.12673,0,14948.1,3.685406,59.92423,0,15272.4,-0.500560,59.98368,0,55.7463,1.622883,60.04080,0,46.6368,3.720801,59.95104,0,44.4961,-0.562795,60.00933,0,PMU
48,0.408333,15066.2,1.585000,59.89892,0,15008.4,3.690533,60.09792,0,15179.4,-0.498485,60.03963,0,55.8002,1.621967,59.98251,0,46.9253,3.724340,60.06760,0,44.3634,-0.562490,60.00583,0,PMU
49,0.416667,15037.6,1.591513,60.12440,0,14946.2,3.686566,59.92423,0,15271,-0.499339,59.98368,0,55.584,1.622700,60.01399,0,46.4458,3.720679,59.93006,0,44.2936,-0.563528,59.98018,0,PMU
50,0.425000,15065.8,1.586081,59.89625,0,15006.1,3.691632,60.09675,0,15177.6,-0.497508,60.03497,0,55.361,1.621723,59.98135,0,46.4328,3.724524,60.07343,0,43.8601,-0.565359,59.96503,0,PMU
51,0.433333,15040,1.592917,60.13056,0,14948.1,3.687970,59.93006,0,15272.4,-0.497935,59.99184,0,55.2475,1.622761,60.01982,0,46.1183,3.720984,59.93240,0,43.953,-0.564443,60.01749,0,PMU
52,0.441667,15067.3,1.587668,59.89975,0,15008.4,3.693280,60.10141,0,15179.3,-0.495860,60.03963,0,55.1964,1.622333,59.99184,0,46.2715,3.724829,60.07343,0,43.6893,-0.564382,60.00117,0,PMU
53,0.450000,15039.8,1.594382,60.12822,0,14947.2,3.689435,59.92657,0,15272.4,-0.496470,59.98834,0,55.2709,1.625263,60.05595,0,46.0939,3.723059,59.96620,0,43.8968,-0.563162,60.02331,0,PMU
54,0.458333,15065.4,1.589011,59.89742,0,15006.6,3.694561,60.09791,0,15177.7,-0.494517,60.03730,0,55.3168,1.624775,59.99067,0,46.3923,3.727880,60.09208,0,43.8043,-0.561330,60.03497,0,PMU
55,0.466667,15039,1.595419,60.12240,0,14947.4,3.690533,59.92307,0,15271.9,-0.495372,59.98368,0,55.4418,1.627704,60.05595,0,46.233,3.725073,59.94638,0,44.0811,-0.559072,60.04313,0,PMU
56,0.475000,15069.1,1.590415,59.90441,0,15009.7,3.695965,60.10374,0,15182,-0.493175,60.04196,0,55.5019,1.626484,59.97669,0,46.5002,3.728125,60.05828,0,44.0044,-0.559805,59.98601,0,PMU
57,0.483333,15036.4,1.596701,60.12006,0,14944.5,3.691876,59.92190,0,15268.5,-0.494151,59.98135,0,55.2645,1.627033,60.01049,0,45.9827,3.725683,59.95337,0,43.8834,-0.559805,60.00000,0,PMU
58,0.491667,15070.4,1.591574,59.90208,0,15010.2,3.697125,60.10024,0,15183.4,-0.492076,60.03963,0,54.9158,1.626240,59.98485,0,45.8699,3.727453,60.03380,0,43.4734,-0.561086,59.97552,0,PMU
59,0.500000,15039.1,1.598349,60.12939,0,14947.4,3.693280,59.92656,0,15273.2,-0.492625,59.98951,0,54.6382,1.626606,60.00699,0,45.3043,3.724462,59.94288,0,43.2283,-0.563711,59.94988,0,PMU
60,0.508333,15068.1,1.592856,59.89509,0,15008.2,3.698407,60.09792,0,15180.2,-0.490794,60.03497,0,54.3867,1.625507,59.97902,0,45.2862,3.729162,60.08976,0,42.8173,-0.564077,59.99301,0,PMU
61,0.516667,15038.4,1.599387,60.12473,0,14946.5,3.694439,59.92423,0,15271.2,-0.491527,59.98601,0,54.2245,1.627949,60.04663,0,44.8795,3.726538,59.94988,0,42.828,-0.562124,60.03730,0,PMU
62,0.525000,15069.2,1.594077,59.89859,0,15009,3.699505,60.09675,0,15181.8,-0.489635,60.03614,0,54.087,1.628315,60.00699,0,45.016,3.730444,60.07460,0,42.5843,-0.562490,59.99301,0,PMU
63,0.533333,15041.4,1.600913,60.13056,0,14950.5,3.695782,59.92889,0,15276.3,-0.490062,59.99184,0,54.1064,1.630085,60.03380,0,44.8272,3.726782,59.93006,0,42.8101,-0.561330,60.02215,0,PMU
64,0.541667,15066.2,1.595236,59.89159,0,15007.2,3.700726,60.09442,0,15178.9,-0.488353,60.03263,0,54.0166,1.629719,59.99301,0,44.9666,3.732031,60.10025,0,42.556,-0.560842,60.00933,0,PMU
65,0.550000,15040.1,1.601706,60.12356,0,14948.5,3.696637,59.92190,0,15274.8,-0.489207,59.98369,0,54.2309,1.632892,60.06061,0,44.8989,3.728979,59.94172,0,42.8925,-0.558828,60.03847,0,PMU
66,0.558333,15069.2,1.596335,59.89742,0,15008.6,3.701702,60.09675,0,15182.4,-0.487377,60.03497,0,54.462,1.632526,59.99301,0,45.3561,3.734167,60.09908,0,42.9641,-0.557974,60.01632,0,PMU
67,0.566667,15040.4,1.602865,60.12472,0,14948.2,3.697735,59.92423,0,15275.4,-0.488109,59.98601,0,54.9017,1.635028,60.04779,0,45.4952,3.731420,59.94754,0,43.4689,-0.555349,60.05012,0,PMU
68,0.575000,15067.9,1.597189,59.89160,0,15007.2,3.702679,60.09442,0,15179.7,-0.486461,60.03147,0,55.2751,1.635273,60.00466,0,46.1709,3.737646,60.11890,0,43.6889,-0.552725,60.05012,0,PMU
69,0.583333,15042.2,1.603720,60.12472,0,14950.4,3.698651,59.92307,0,15277.3,-0.487193,59.98601,0,55.7166,1.637897,60.05012,0,46.3257,3.734960,59.94871,0,44.2839,-0.549124,60.06877,0,PMU
70,0.591667,15069.6,1.598410,59.89859,0,15009.2,3.703900,60.10025,0,15181.9,-0.485240,60.03730,0,55.8849,1.636676,59.97669,0,46.7362,3.739658,60.08972,0,44.2103,-0.548819,60.00583,0,PMU
71,0.600000,15041.1,1.604941,60.12472,0,14949.1,3.699932,59.92423,0,15275.2,-0.485912,59.98718,0,56.0039,1.638629,60.03730,0,46.6068,3.736059,59.93127,0,44.4143,-0.547781,60.01982,0,PMU
72,0.608333,15068.5,1.599509,59.89626,0,15008.4,3.704937,60.09559,0,15181.1,-0.484203,60.03264,0,55.9097,1.637958,59.98718,0,46.7829,3.740757,60.08972,0,44.2674,-0.547781,60.00000,0,PMU
73,0.616667,15043.1,1.606283,60.12939,0,14951.1,3.701214,59.92889,0,15277.7,-0.484630,59.99184,0,55.9581,1.639667,60.03264,0,46.5611,3.736242,59.91378,0,44.4931,-0.546255,60.02914,0,PMU
74,0.625000,15069.1,1.601157,59.90209,0,15008.9,3.706524,60.10141,0,15182.5,-0.482555,60.03963,0,55.7046,1.637592,59.96037,0,46.6257,3.739597,60.06407,0,44.1418,-0.548941,59.94871,0,PMU
75,0.633333,15039.7,1.607443,60.12006,0,14948,3.702374,59.92073,0,15274.6,-0.483409,59.98368,0,55.6195,1.639667,60.03963,0,46.2117,3.736303,59.93709,0,44.1888,-0.548758,60.00350,0,PMU
76,0.641667,15070.5,1.602499,59.90558,0,15009,3.707928,60.10608,0,15183.5,-0.481273,60.04080,0,55.5493,1.638629,59.98018,0,46.4896,3.740390,60.07806,0,44.0547,-0.548025,60.01399,0,PMU
77,0.650000,15034.8,1.608725,60.11890,0,14942.5,3.703656,59.91840,0,15268.9,-0.482250,59.98135,0,55.3206,1.639423,60.01515,0,45.9334,3.737768,59.94992,0,43.8153,-0.548758,59.98601,0,PMU
78,0.658333,15069.2,1.603476,59.89975,0,15007.7,3.708899,60.10014,0,15182,-0.480358,60.03614,0,54.9665,1.638568,59.98368,0,45.8998,3.740329,60.04892,0,43.44,-0.549917,59.97785,0,PMU
79,0.666667,15036.4,1.610129,60.12706,0,14945.4,3.704937,59.92434,0,15272.6,-0.480846,59.99067,0,54.7331,1.638813,60.00466,0,45.3369,3.735510,59.90795,0,43.2854,-0.551016,59.97902,0,PMU
80,0.675000,15069.7,1.604880,59.89975,0,15008.5,3.710242,60.10130,0,15183.1,-0.478954,60.03614,0,54.3903,1.638080,59.98601,0,45.2897,3.738745,60.06178,0,42.8555,-0.552969,59.96270,0,PMU
81,0.683333,15036.3,1.611410,60.12473,0,14945.2,3.706280,59.92434,0,15272.3,-0.479564,59.98834,0,54.2068,1.638752,60.01282,0,44.7637,3.735449,59.93705,0,42.7397,-0.553091,59.99767,0,PMU
82,0.691667,15070,1.606039,59.89742,0,15007.7,3.711340,60.09664,0,15183.6,-0.477855,60.03264,0,54.058,1.640399,60.03147,0,44.8967,3.740696,60.10021,0,42.49,-0.552175,60.01749,0,PMU
83,0.700000,15037.9,1.612631,60.12589,0,14946.4,3.707379,59.92434,0,15274.8,-0.478404,59.98951,0,54.2467,1.642597,60.04196,0,44.7721,3.739109,59.96969,0,42.743,-0.550344,60.03497,0,PMU
84,0.708333,15072.2,1.607260,59.89742,0,15009.9,3.712622,60.10014,0,15185,-0.476634,60.03380,0,54.5912,1.644245,60.03147,0,45.4095,3.746311,60.13755,0,43.005,-0.546011,60.08276,0,PMU
85,0.716667,15039.4,1.613913,60.12706,0,14948.9,3.708716,59.92540,0,15276.5,-0.477062,59.99184,0,55.0846,1.646686,60.04663,0,45.6419,3.743991,59.95570,0,43.6046,-0.541678,60.08276,0,PMU
86,0.725000,15069.9,1.608298,59.89276,0,15008,3.713660,60.09442,0,15182.3,-0.475597,60.02798,0,55.3537,1.647840,60.02204,0,46.184,3.750400,60.12240,0,43.7111,-0.540396,60.02448,0,PMU
87,0.733333,15041.4,1.615072,60.12939,0,14950.1,3.709814,59.92656,0,15278.1,-0.475963,59.99301,0,55.8132,1.649122,60.02448,0,46.3596,3.746006,59.91607,0,44.325,-0.537527,60.05479,0,PMU
88,0.741667,15068.1,1.609457,59.89276,0,15006.3,3.714880,60.09675,0,15179.9,-0.474315,60.03147,0,55.8833,1.648878,59.99534,0,46.743,3.752109,60.11657,0,44.2614,-0.536184,60.02565,0,PMU
89,0.750000,15042.5,1.616232,60.12939,0,14951.6,3.711035,59.92656,0,15279.2,-0.474742,59.99184,0,56.2345,1.651014,60.04080,0,46.7993,3.747898,59.91957,0,44.7655,-0.534417,60.03376,0,PMU
90,0.758333,15071.2,1.611227,59.90441,0,15009.1,3.716467,60.10375,0,15184.9,-0.472669,60.03959,0,56.5666,1.650709,59.99417,0,47.41,3.753208,60.10141,0,44.961,-0.533440,60.01865,0,PMU
91,0.766667,15038.8,1.617573,60.12119,0,14948.1,3.712317,59.92073,0,15276.8,-0.473402,59.98601,0,56.9387,1.652235,60.02914,0,47.4691,3.749240,59.92423,0,45.4607,-0.530999,60.04663,0,PMU
92,0.775000,15069,1.612021,59.89396,0,15006.2,3.717322,60.09559,0,15181.8,-0.471876,60.02914,0,57.1391,1.651929,59.99417,0,47.9906,3.754245,60.09559,0,45.5099,-0.531243,59.99534,0,PMU
93,0.783333,15041.5,1.618671,60.12702,0,14949.5,3.713415,59.92540,0,15278.3,-0.472364,59.99067,0,57.5267,1.652906,60.01865,0,48.0868,3.750095,59.92073,0,46.0197,-0.529900,60.02565,0,PMU
94,0.791667,15069,1.613424,59.89979,0,15006.7,3.718786,60.10258,0,15181,-0.470472,60.03614,0,57.4376,1.651075,59.96503,0,48.3836,3.754062,60.07577,0,45.8039,-0.529900,60.00000,0,PMU
95,0.800000,15039.1,1.619770,60.12119,0,14947.3,3.714636,59.92073,0,15274.8,-0.471204,59.98601,0,57.4101,1.651380,60.00583,0,47.9462,3.748813,59.89975,0,45.8655,-0.531731,59.96503,0,PMU
96,0.808333,15074.4,1.615133,59.91145,0,15011.5,3.720434,60.11074,0,15187.9,-0.468885,60.04430,0,57.3788,1.650098,59.97552,0,48.2762,3.750522,60.03264,0,45.8278,-0.532830,59.97902,0,PMU
97,0.816667,15032.9,1.621357,60.11886,0,14941.6,3.716223,59.91957,0,15268.5,-0.469679,59.98485,0,57.1099,1.648878,59.97669,0,47.6378,3.747043,59.93356,0,45.5544,-0.534600,59.96620,0,PMU
98,0.825000,15069.1,1.615927,59.89630,0,15006.6,3.721228,60.09559,0,15182.4,-0.468092,60.03031,0,57.079,1.650831,60.03730,0,47.9529,3.749912,60.05479,0,45.5427,-0.533257,60.02565,0,PMU
99,0.833333,15037,1.622700,60.12935,0,14945.5,3.717322,59.92540,0,15274.8,-0.468519,59.99184,0,57.3702,1.651014,60.00350,0,47.8782,3.746860,59.94172,0,45.9012,-0.533257,60.00000,0,PMU
100,0.841667,15069.8,1.617451,59.89975,0,15006.4,3.722693,60.10258,0,15183.8,-0.466627,60.03614,0,57.4282,1.650709,59.99417,0,48.2766,3.750766,60.07460,0,45.8069,-0.532585,60.01282,0,PMU
101,0.850000,15034.7,1.623676,60.11890,0,14943.5,3.718420,59.91840,0,15272.5,-0.467420,59.98485,0,57.2727,1.650098,59.98834,0,47.8341,3.746494,59.91840,0,45.7177,-0.534722,59.95920,0,PMU
102,0.858333,15072.3,1.618488,59.90092,0,15008.7,3.723791,60.10258,0,15186.4,-0.465589,60.03497,0,57.1111,1.650098,60.00000,0,47.9434,3.749485,60.05712,0,45.5118,-0.534844,59.99767,0,PMU
103,0.866667,15037.3,1.625202,60.12822,0,14946,3.719946,59.92657,0,15274.7,-0.465894,59.99417,0,56.9234,1.649915,59.99650,0,47.4537,3.746067,59.93472,0,45.4024,-0.535393,59.98951,0,PMU
104,0.875000,15071.5,1.619831,59.89742,0,15007.4,3.725134,60.09908,0,15184.8,-0.464185,60.03264,0,56.6475,1.650159,60.00466,0,47.4347,3.749546,60.06644,0,44.9904,-0.536612,59.97673,0,PMU
105,0.883333,15036.4,1.626423,60.12589,0,14945.4,3.721167,59.92424,0,15274.2,-0.464674,59.99067,0,56.5501,1.650037,59.99767,0,47.0577,3.745578,59.92423,0,45.033,-0.536917,59.99417,0,PMU
106,0.891667,15072.7,1.621113,59.89859,0,15008.9,3.726355,60.09908,0,15187,-0.462965,60.03264,0,56.5472,1.651197,60.02215,0,47.3166,3.749790,60.08043,0,44.9582,-0.535698,60.02327,0,PMU
107,0.900000,15038.3,1.627888,60.12939,0,14947.5,3.722510,59.92657,0,15277.3,-0.463270,59.99417,0,56.705,1.651746,60.01049,0,47.1366,3.746616,59.93939,0,45.1482,-0.535210,60.00933,0,PMU
108,0.908333,15072.1,1.622394,59.89509,0,15007.3,3.727636,60.09791,0,15185.6,-0.461683,60.03031,0,56.6055,1.653211,60.02798,0,47.3237,3.752903,60.12006,0,44.9084,-0.534172,60.01982,0,PMU
109,0.916667,15038.6,1.629169,60.12939,0,14947.4,3.723791,59.92656,0,15277.9,-0.461988,59.99417,0,56.6139,1.654371,60.02215,0,47.105,3.749668,59.93822,0,45.0941,-0.532158,60.03847,0,PMU
110,0.925000,15069.7,1.623615,59.89392,0,15005,3.728857,60.09675,0,15182.3,-0.460462,60.02914,0,56.4455,1.654859,60.00932,0,47.2648,3.755649,60.11423,0,44.7812,-0.532097,60.00117,0,PMU
111,0.933333,15040.6,1.630390,60.12939,0,14949.3,3.725012,59.92656,0,15279.5,-0.460767,59.99417,0,56.619,1.656690,60.03497,0,47.0811,3.752048,59.93123,0,45.1042,-0.530327,60.03380,0,PMU
112,0.941667,15071.3,1.625263,59.90208,0,15007,3.730505,60.10491,0,15184.5,-0.458814,60.03730,0,56.7413,1.656385,59.99417,0,47.5862,3.756870,60.09208,0,45.1131,-0.529106,60.02331,0,PMU
113,0.950000,15037.9,1.631672,60.12240,0,14946.6,3.726355,59.92073,0,15276.8,-0.459425,59.98834,0,57.054,1.658582,60.04196,0,47.5703,3.754306,59.95105,0,45.5907,-0.526970,60.04080,0,PMU
114,0.958333,15068.2,1.626179,59.89509,0,15003.5,3.731481,60.09792,0,15180.9,-0.457899,60.02914,0,57.3368,1.658582,60.00000,0,48.1633,3.760227,60.11307,0,45.693,-0.524773,60.04196,0,PMU
115,0.966667,15039.5,1.632831,60.12705,0,14948,3.727514,59.92423,0,15278.4,-0.458326,59.99185,0,57.8285,1.661085,60.04779,0,48.3107,3.756748,59.93356,0,46.3081,-0.521782,60.05712,0,PMU
116,0.975000,15067.1,1.627460,59.89742,0,15002.4,3.732702,60.09908,0,15180.6,-0.456617,60.03263,0,58.0213,1.660474,59.98834,0,48.7613,3.760959,60.08043,0,46.2347,-0.522087,59.99417,0,PMU
117,0.983333,15036.7,1.633869,60.12239,0,14945.4,3.728552,59.92073,0,15277,-0.457228,59.98834,0,58.1915,1.658399,59.96037,0,48.5156,3.757358,59.93122,0,46.5311,-0.521599,60.00933,0,PMU
118,0.991667,15067.3,1.628803,59.90325,0,15003.1,3.733984,60.10375,0,15182.5,-0.455336,60.03614,0,58.1011,1.658460,60.00117,0,48.8356,3.761081,60.07111,0,46.3629,-0.521477,60.00233,0,PMU
119,1.000000,15036.5,1.635334,60.12472,0,14944.7,3.730017,59.92423,0,15275.3,-0.455763,59.99184,0,57.9933,1.659192,60.01399,0,48.4235,3.757297,59.92773,0,46.364,-0.522759,59.97552,0,PMU
120,1.008333,15067.4,1.630268,59.90325,0,15002.1,3.735449,60.10375,0,15181.3,-0.453932,60.03497,0,57.9287,1.657850,59.97435,0,48.6593,3.760959,60.06994,0,46.203,-0.522820,59.99883,0,PMU
121,1.016667,15031.2,1.636493,60.11889,0,14940.2,3.731237,59.91957,0,15269.7,-0.454603,59.98718,0,57.9004,1.659681,60.03497,0,48.3211,3.758457,59.95221,0,46.2889,-0.521538,60.02448,0,PMU
122,1.025000,15070.9,1.631550,59.90558,0,15005.7,3.736669,60.10375,0,15186.2,-0.452711,60.03614,0,57.9994,1.660413,60.01399,0,48.7482,3.761386,60.05595,0,46.3499,-0.519952,60.03030,0,PMU
123,1.033333,15034.1,1.638385,60.13055,0,14943.1,3.733007,59.93006,0,15273.7,-0.452772,59.99883,0,57.8302,1.660352,59.99883,0,48.3527,3.758457,59.94405,0,46.251,-0.521233,59.97553,0,PMU
124,1.041667,15070,1.633075,59.89859,0,15004.2,3.738195,60.09908,0,15184.7,-0.451246,60.02914,0,57.5172,1.660230,59.99767,0,48.263,3.761508,60.05828,0,45.8684,-0.521965,59.98601,0,PMU
125,1.050000,15037.2,1.640033,60.13289,0,14946.2,3.734533,59.93006,0,15277.9,-0.451185,60.00117,0,57.4021,1.661451,60.02331,0,47.7963,3.758151,59.93589,0,45.8084,-0.522576,59.98834,0,PMU
126,1.058333,15070.8,1.634845,59.90092,0,15005,3.739902,60.10254,0,15185.7,-0.449415,60.03380,0,57.0967,1.661451,60.00000,0,47.7619,3.762546,60.08393,0,45.3838,-0.523125,59.98951,0,PMU
127,1.066667,15035.5,1.641437,60.12589,0,14944.4,3.735937,59.92427,0,15275.8,-0.449781,59.99301,0,56.9562,1.662976,60.02914,0,47.2542,3.759860,59.94871,0,45.3189,-0.523064,60.00117,0,PMU
128,1.075000,15072.4,1.636310,59.90208,0,15005.1,3.741367,60.10370,0,15186.8,-0.448072,60.03264,0,56.9191,1.663587,60.01166,0,47.5221,3.764499,60.08859,0,45.1473,-0.522454,60.01166,0,PMU
129,1.083333,15035.4,1.642963,60.12706,0,14944.9,3.737463,59.92544,0,15276,-0.448317,59.99534,0,56.9982,1.664563,60.01865,0,47.3554,3.762119,59.95454,0,45.3723,-0.519524,60.05595,0,PMU
130,1.091667,15070.6,1.637470,59.89509,0,15005.2,3.742588,60.09788,0,15184.9,-0.446791,60.02914,0,56.9511,1.665967,60.02681,0,47.6285,3.767612,60.10491,0,45.1714,-0.517754,60.03380,0,PMU
131,1.100000,15038.7,1.644306,60.13056,0,14948.1,3.738745,59.92660,0,15279.8,-0.446913,59.99767,0,57.1263,1.667981,60.03847,0,47.3999,3.764987,59.94988,0,45.3957,-0.516656,60.02098,0,PMU
132,1.108333,15068.4,1.638935,59.89742,0,15002.8,3.744053,60.10137,0,15182.6,-0.445265,60.03147,0,56.9784,1.668164,60.00350,0,47.5854,3.770280,60.10108,0,45.1161,-0.515313,60.02565,0,PMU
133,1.116667,15037.6,1.645404,60.12356,0,14946,3.739841,59.91957,0,15279.1,-0.445875,59.98834,0,57.0314,1.671094,60.05595,0,47.2123,3.767734,59.95137,0,45.3301,-0.514458,60.01632,0,PMU
134,1.125000,15070.8,1.640277,59.90208,0,15003.6,3.745334,60.10491,0,15185.8,-0.444044,60.03497,0,57.0962,1.671033,59.99883,0,47.6189,3.772721,60.09525,0,45.1864,-0.513848,60.01166,0,PMU
135,1.133333,15037.5,1.646747,60.12356,0,14945.9,3.741184,59.92073,0,15278.9,-0.444532,59.99067,0,57.262,1.672559,60.02914,0,47.4914,3.769809,59.94438,0,45.5239,-0.512261,60.03031,0,PMU
136,1.141667,15067.1,1.641132,59.89276,0,14999.6,3.746189,60.09559,0,15180.6,-0.443251,60.02448,0,57.3545,1.673047,60.00933,0,47.8849,3.776078,60.11973,0,45.4686,-0.509759,60.04779,0,PMU
137,1.150000,15038.8,1.647596,60.12345,0,14947.1,3.742160,59.92306,0,15279.1,-0.443617,59.99301,0,57.6901,1.675000,60.03730,0,47.9316,3.772904,59.93938,0,45.9688,-0.507561,60.04196,0,PMU
138,1.158333,15068.9,1.642475,59.90219,0,15002.5,3.747593,60.10375,0,15183.2,-0.441864,60.03348,0,57.8421,1.673902,59.97902,0,48.4464,3.777055,60.07927,0,45.99,-0.505547,60.03847,0,PMU
139,1.166667,15035.9,1.648694,60.11879,0,14944.9,3.743259,59.91724,0,15276.3,-0.442457,59.98867,0,57.8207,1.675916,60.03847,0,48.1203,3.774369,59.94871,0,46.1125,-0.505364,60.00350,0,PMU
140,1.175000,15074.9,1.643940,59.90919,0,15007.6,3.748996,60.10957,0,15190.6,-0.440521,60.03698,0,57.9488,1.675489,59.99184,0,48.5348,3.776689,60.04430,0,46.1351,-0.504937,60.00816,0,PMU
141,1.183333,15035.3,1.650465,60.12462,0,14944.1,3.745029,59.92423,0,15275.6,-0.440765,59.99534,0,57.7825,1.675672,60.00350,0,48.0617,3.774613,59.96037,0,45.9993,-0.505791,59.98368,0,PMU
142,1.191667,15074.2,1.645343,59.90219,0,15006.2,3.750400,60.10258,0,15189.3,-0.439117,60.03147,0,57.5745,1.676648,60.01865,0,48.1002,3.777482,60.05479,0,45.7093,-0.505975,59.99650,0,PMU
143,1.200000,15037,1.652173,60.13045,0,14945.6,3.746616,59.92773,0,15278.2,-0.439178,59.99883,0,57.5621,1.676648,60.00000,0,47.795,3.774735,59.94754,0,45.7621,-0.507195,59.97669,0,PMU
144,1.208333,15074.4,1.646991,59.90103,0,15005.7,3.751987,60.10258,0,15188.9,-0.437592,60.03031,0,57.5265,1.677503,60.01632,0,48.0094,3.779435,60.08976,0,45.632,-0.505364,60.03497,0,PMU
145,1.216667,15036.2,1.653455,60.12345,0,14944.9,3.747898,59.92190,0,15277.3,-0.437897,59.99417,0,57.5625,1.678174,60.01282,0,47.7117,3.777238,59.95804,0,45.6994,-0.505181,60.00350,0,PMU
146,1.225000,15076.3,1.648328,59.90208,0,15007.9,3.753391,60.10491,0,15190.6,-0.436188,60.03264,0,57.5216,1.679210,60.01978,0,47.9825,3.780473,60.06178,0,45.5175,-0.504344,60.01599,0,PMU
147,1.233333,15037.8,1.655103,60.12939,0,14946.9,3.749485,59.92540,0,15279.8,-0.436249,59.99883,0,57.3657,1.678538,59.98718,0,47.5441,3.777177,59.93705,0,45.4643,-0.505120,59.98518,0,PMU
148,1.241667,15074.8,1.649793,59.89859,0,15006.8,3.754916,60.10374,0,15189.2,-0.434662,60.03031,0,57.0479,1.679393,60.01632,0,47.5185,3.780778,60.06877,0,45.0682,-0.504466,60.01249,0,PMU
149,1.250000,15039.9,1.656751,60.13289,0,14949.8,3.751072,59.92657,0,15283.3,-0.434601,60.00117,0,56.8342,1.680125,60.01399,0,47.0142,3.776322,59.91491,0,45.0257,-0.505730,59.97585,0,PMU
150,1.258333,15072.9,1.651502,59.89975,0,15004.1,3.756442,60.10258,0,15187.8,-0.433075,60.02914,0,56.4922,1.680796,60.01282,0,46.9053,3.781693,60.10258,0,44.502,-0.506890,59.97785,0,PMU
151,1.266667,15036.5,1.657972,60.12356,0,14945.8,3.752292,59.92074,0,15279.7,-0.433441,59.99301,0,56.4431,1.682139,60.02565,0,46.5269,3.779496,59.95804,0,44.6045,-0.505059,60.03497,0,PMU
152,1.275000,15072.5,1.652479,59.89509,0,15003,3.757480,60.09908,0,15186.6,-0.432037,60.02681,0,56.5166,1.684275,60.04080,0,46.9172,3.785478,60.11424,0,44.4776,-0.502818,60.04280,0,PMU
153,1.283333,15039.9,1.659192,60.12822,0,14948.4,3.753574,59.92540,0,15282,-0.432220,59.99650,0,56.7433,1.685740,60.02798,0,46.8955,3.783402,59.96037,0,44.8711,-0.500560,60.04313,0,PMU
154,1.291667,15071.6,1.653821,59.89742,0,15003,3.758823,60.10024,0,15185.5,-0.430695,60.02914,0,56.7089,1.686106,60.00699,0,47.1834,3.789017,60.10724,0,44.6742,-0.497996,60.04896,0,PMU
155,1.300000,15040.9,1.660230,60.12240,0,14949.6,3.754612,59.91957,0,15283.4,-0.431061,59.99301,0,56.7346,1.688121,60.03847,0,46.8395,3.785844,59.93939,0,44.8429,-0.497935,60.00117,0,PMU
156,1.308333,15077.2,1.655408,59.90791,0,15007.5,3.760471,60.11190,0,15191.2,-0.429169,60.03614,0,56.761,1.687510,59.98834,0,47.1511,3.789933,60.07810,0,44.68,-0.497203,60.01399,0,PMU
157,1.316667,15040.2,1.661878,60.12356,0,14949.5,3.756320,59.92073,0,15282.7,-0.429413,59.99534,0,56.7581,1.688853,60.02565,0,46.8965,3.786149,59.92773,0,44.8706,-0.496959,60.00466,0,PMU
158,1.325000,15074.3,1.656507,59.89742,0,15004.6,3.761508,60.09908,0,15187.8,-0.428070,60.02565,0,56.8109,1.690013,60.02215,0,47.2033,3.792130,60.11424,0,44.7924,-0.494395,60.04896,0,PMU
159,1.333333,15043.4,1.663221,60.12822,0,14951.9,3.757541,59.92423,0,15286.8,-0.428192,59.99767,0,57.1902,1.692210,60.04196,0,47.3302,3.788895,59.93822,0,45.3569,-0.492930,60.02798,0,PMU
160,1.341667,15074.6,1.657972,59.89976,0,15005.2,3.762973,60.10375,0,15189.3,-0.426605,60.03030,0,57.4198,1.692149,59.99883,0,47.8798,3.794694,60.11074,0,45.4125,-0.490184,60.05246,0,PMU
161,1.350000,15040.4,1.664075,60.11656,0,14949,3.758518,59.91491,0,15282.8,-0.427216,59.98835,0,57.6193,1.694468,60.04429,0,47.7598,3.791825,59.94521,0,45.6728,-0.490184,60.00000,0,PMU
162,1.358333,15078.4,1.659192,59.90675,0,15007.9,3.764133,60.10724,0,15192.7,-0.425507,60.03263,0,57.8736,1.693919,59.98951,0,48.2928,3.796158,60.08276,0,45.8423,-0.487865,60.04429,0,PMU
163,1.366667,15038.9,1.665418,60.11889,0,14947.9,3.759921,59.91957,0,15280.7,-0.425812,59.99417,0,57.8037,1.694224,60.00583,0,47.9766,3.793412,59.94754,0,45.8467,-0.487804,60.00117,0,PMU
164,1.375000,15079.8,1.660413,59.90442,0,15009.9,3.765414,60.10491,0,15194.6,-0.424225,60.03031,0,57.6601,1.694590,60.00699,0,48.0701,3.795914,60.04779,0,45.6406,-0.487499,60.00583,0,PMU
165,1.383333,15041.2,1.667188,60.12939,0,14950.8,3.761508,59.92540,0,15284.4,-0.424164,60.00117,0,57.5673,1.694834,60.00466,0,47.6466,3.792557,59.93589,0,45.5711,-0.489268,59.96620,0,PMU
166,1.391667,15079.3,1.662061,59.90209,0,15008.9,3.767062,60.10608,0,15194.1,-0.422577,60.03031,0,57.5408,1.696116,60.02448,0,47.8583,3.797135,60.08743,0,45.4674,-0.487621,60.03147,0,PMU
167,1.400000,15037.4,1.668470,60.12239,0,14946.5,3.762851,59.91957,0,15281,-0.422882,59.99417,0,57.6563,1.698130,60.03847,0,47.6171,3.795182,59.96270,0,45.5539,-0.486339,60.02448,0,PMU
168,1.408333,15075.3,1.662976,59.89509,0,15004.5,3.767978,60.09792,0,15189.7,-0.421662,60.02331,0,57.7111,1.699595,60.02798,0,47.8936,3.800431,60.10025,0,45.455,-0.484996,60.02565,0,PMU
169,1.416667,15039,1.669507,60.12473,0,14948.1,3.763889,59.92190,0,15282.1,-0.421845,59.99650,0,57.8016,1.700022,60.00816,0,47.6825,3.796769,59.93006,0,45.6069,-0.484264,60.01399,0,PMU
170,1.425000,15078.3,1.664319,59.90092,0,15006.8,3.769382,60.10491,0,15192,-0.420319,60.02914,0,57.7086,1.700449,60.00816,0,47.8464,3.800675,60.07460,0,45.3764,-0.484264,60.00000,0,PMU
171,1.433333,15041,1.671155,60.13056,0,14950.2,3.765537,59.92656,0,15285,-0.420136,60.00350,0,57.5968,1.700816,60.00699,0,47.451,3.796097,59.91257,0,45.3711,-0.484569,59.99417,0,PMU
172,1.441667,15078.4,1.665967,59.90092,0,15006.4,3.770951,60.10341,0,15191.9,-0.418732,60.02681,0,57.3646,1.700938,60.00233,0,47.4139,3.800858,60.09092,0,44.9879,-0.485362,59.98485,0,PMU
173,1.450000,15041.6,1.672803,60.13056,0,14950.7,3.767123,59.92689,0,15285,-0.418549,60.00350,0,57.3089,1.701792,60.01632,0,47.0823,3.796708,59.92073,0,45.0304,-0.484691,60.01282,0,PMU
174,1.458333,15078.4,1.667615,59.90092,0,15006.5,3.772538,60.10341,0,15191.7,-0.417145,60.02681,0,57.2672,1.702891,60.02098,0,47.2984,3.802382,60.10837,0,44.9003,-0.483226,60.02798,0,PMU
175,1.466667,15041.9,1.674329,60.12822,0,14950.7,3.768588,59.92456,0,15286.2,-0.417023,60.00233,0,57.4424,1.705332,60.04663,0,47.181,3.798905,59.93360,0,45.1524,-0.481456,60.03380,0,PMU
176,1.475000,15075.9,1.669019,59.89859,0,15004,3.773942,60.10225,0,15189.9,-0.415680,60.02565,0,57.3436,1.705515,60.00350,0,47.44,3.804640,60.10953,0,45.0007,-0.480480,60.01865,0,PMU
177,1.483333,15040.6,1.675366,60.12123,0,14948.6,3.769565,59.91640,0,15284.5,-0.416046,59.99301,0,57.2986,1.706553,60.01982,0,47.118,3.800614,59.92311,0,45.0648,-0.480846,59.99301,0,PMU
178,1.491667,15077.8,1.670240,59.90208,0,15005.4,3.775163,60.10691,0,15191.1,-0.414460,60.03031,0,57.0548,1.705088,59.97202,0,47.2777,3.806288,60.10837,0,44.7959,-0.480052,60.01515,0,PMU
179,1.500000,15043,1.676770,60.12473,0,14950.4,3.771012,59.92073,0,15285.8,-0.414643,59.99650,0,56.9703,1.707713,60.05012,0,47.0186,3.802077,59.91957,0,44.7594,-0.479991,60.00117,0,PMU
180,1.508333,15081.4,1.671887,59.90675,0,15008.2,3.776811,60.11074,0,15194.6,-0.412934,60.03264,0,56.8517,1.707285,59.99184,0,47.3159,3.807204,60.09792,0,44.6781,-0.479076,60.01749,0,PMU
181,1.516667,15044.2,1.678355,60.12352,0,14952.4,3.772599,59.91957,0,15288.2,-0.413056,59.99767,0,56.9958,1.709953,60.05096,0,47.0926,3.805189,59.96153,0,44.9146,-0.476940,60.04080,0,PMU
182,1.525000,15080.8,1.673535,59.90795,0,15008.6,3.778336,60.10957,0,15195.3,-0.411286,60.03380,0,57.1213,1.711418,60.02798,0,47.6277,3.811171,60.11424,0,45.072,-0.473158,60.07223,0,PMU
183,1.533333,15042.2,1.679820,60.12002,0,14949.6,3.773942,59.91607,0,15286.4,-0.411652,59.99301,0,57.3145,1.714104,60.05129,0,47.4144,3.809523,59.96853,0,45.2618,-0.472181,60.01865,0,PMU
184,1.541667,15082.4,1.675061,59.90912,0,15008.7,3.779862,60.11307,0,15197.1,-0.409823,60.03493,0,57.3556,1.713493,59.98834,0,47.8474,3.814284,60.09092,0,45.2558,-0.471510,60.01282,0,PMU
185,1.550000,15040.9,1.681468,60.12236,0,14948.6,3.775590,59.91840,0,15284.8,-0.410006,59.99650,0,57.2425,1.713616,60.00233,0,47.5027,3.810499,59.92773,0,45.2428,-0.471632,59.99767,0,PMU
186,1.558333,15082.4,1.676282,59.90096,0,15007.5,3.781022,60.10375,0,15196.1,-0.408724,60.02448,0,57.0633,1.714348,60.01399,0,47.6028,3.814833,60.08276,0,45.0687,-0.472364,59.98601,0,PMU
187,1.566667,15042.8,1.682994,60.12818,0,14949.7,3.777116,59.92540,0,15286.4,-0.408541,60.00350,0,57.0228,1.714226,59.99767,0,47.2492,3.811049,59.92773,0,45.0323,-0.471937,60.00816,0,PMU
188,1.575000,15082.2,1.677869,59.90212,0,15007.5,3.782609,60.10491,0,15195.9,-0.407138,60.02681,0,56.8379,1.715264,60.01982,0,47.3949,3.815260,60.08043,0,44.861,-0.472181,59.99534,0,PMU
189,1.583333,15040.6,1.684398,60.12469,0,14948.9,3.778520,59.92190,0,15284.8,-0.407138,60.00000,0,56.8083,1.715508,60.00466,0,47.0879,3.811903,59.93589,0,44.8928,-0.470289,60.03614,0,PMU
190,1.591667,15080.4,1.679087,59.89859,0,15006.7,3.783830,60.10141,0,15194.6,-0.405856,60.02448,0,56.7889,1.716667,60.02215,0,47.2884,3.816786,60.09325,0,44.7806,-0.470167,60.00233,0,PMU
191,1.600000,15040,1.685679,60.12589,0,14948.8,3.779801,59.92306,0,15285,-0.405795,60.00117,0,56.9481,1.717705,60.01982,0,47.1088,3.813185,59.93122,0,44.9116,-0.468214,60.03730,0,PMU
192,1.608333,15081.6,1.680552,59.90208,0,15006.5,3.785294,60.10491,0,15196,-0.404452,60.02565,0,56.8478,1.718865,60.02215,0,47.2482,3.817762,60.08742,0,44.7046,-0.469862,59.96853,0,PMU
193,1.616667,15041.1,1.687327,60.12939,0,14949,3.781388,59.92540,0,15287.3,-0.404269,60.00350,0,56.8099,1.718742,59.99767,0,46.8316,3.813490,59.91841,0,44.6972,-0.469007,60.01632,0,PMU
194,1.625000,15079.5,1.681895,59.89625,0,15004.4,3.786698,60.10141,0,15193,-0.403048,60.02331,0,56.4039,1.718804,60.00117,0,46.6975,3.818800,60.10141,0,44.1225,-0.470594,59.96969,0,PMU
195,1.633333,15044.2,1.688609,60.12822,0,14950.5,3.782670,59.92307,0,15288.9,-0.403048,60.00000,0,56.3111,1.719475,60.01282,0,46.2095,3.813612,59.90092,0,44.0378,-0.471021,59.99184,0,PMU
196,1.641667,15078.7,1.683421,59.90092,0,15003.9,3.788224,60.10607,0,15192.2,-0.401522,60.02914,0,56.088,1.720085,60.01166,0,46.3704,3.820143,60.12472,0,43.7907,-0.469984,60.01982,0,PMU
197,1.650000,15043.3,1.689646,60.11890,0,14949.7,3.783769,59.91491,0,15288.3,-0.401889,59.99301,0,56.3915,1.722893,60.05362,0,46.2407,3.816054,59.92190,0,44.1302,-0.467298,60.05129,0,PMU
198,1.658333,15081.1,1.684825,59.90791,0,15006.3,3.789567,60.11073,0,15194.6,-0.400180,60.03264,0,56.635,1.723320,60.00816,0,46.8555,3.823439,60.14104,0,44.3089,-0.464796,60.04779,0,PMU
199,1.666667,15044.1,1.691111,60.12006,0,14951.9,3.785294,59.91841,0,15289.4,-0.400363,59.99650,0,56.9438,1.724053,60.01399,0,46.7182,3.819105,59.91724,0,44.5858,-0.461927,60.05479,0,PMU
200,1.675000,15078.9,1.685984,59.90208,0,15004.1,3.790848,60.10607,0,15193,-0.398959,60.02681,0,56.7845,1.723930,59.99767,0,46.8819,3.824537,60.10375,0,44.326,-0.462232,59.99417,0,PMU
201,1.683333,15045.1,1.692393,60.12240,0,14952.1,3.786576,59.91840,0,15290.2,-0.399081,59.99767,0,56.8246,1.725395,60.02797,0,46.5182,3.820021,59.91374,0,44.4064,-0.462049,60.00350,0,PMU
202,1.691667,15082,1.687571,59.90791,0,15006.1,3.792374,60.11074,0,15196.5,-0.397433,60.03147,0,56.6205,1.724663,59.98602,0,46.6875,3.824903,60.09325,0,44.1135,-0.463392,59.97435,0,PMU
203,1.700000,15045.2,1.693858,60.12007,0,14951.6,3.788041,59.91724,0,15289.7,-0.397616,59.99650,0,56.5442,1.725822,60.02214,0,46.1914,3.821547,59.93589,0,44.0872,-0.462415,60.01865,0,PMU
204,1.708333,15087,1.689219,59.91141,0,15009.2,3.793961,60.11307,0,15200.3,-0.395968,60.03147,0,56.5886,1.726250,60.00816,0,46.585,3.827467,60.11307,0,44.0973,-0.462293,60.00233,0,PMU
205,1.716667,15042.5,1.695567,60.12123,0,14950.1,3.789750,59.91957,0,15286.8,-0.395907,60.00117,0,56.6763,1.726921,60.01282,0,46.4357,3.824354,59.94055,0,44.24,-0.458692,60.06878,0,PMU
206,1.725000,15084.4,1.690379,59.90092,0,15007.8,3.795060,60.10141,0,15198,-0.394748,60.02214,0,56.6273,1.729484,60.04896,0,46.6959,3.830030,60.10841,0,44.1955,-0.458570,60.00233,0,PMU
207,1.733333,15044.7,1.697215,60.13055,0,14952.5,3.791337,59.92889,0,15290,-0.394320,60.00816,0,56.7525,1.728996,59.99067,0,46.5705,3.824720,59.89859,0,44.3844,-0.456984,60.03030,0,PMU
208,1.741667,15085.1,1.692271,59.90558,0,15008.3,3.796891,60.10608,0,15199.5,-0.392917,60.02681,0,56.5462,1.729423,60.00816,0,46.6427,3.831007,60.12006,0,44.2304,-0.458265,59.97553,0,PMU
209,1.750000,15042.2,1.698801,60.12472,0,14950,3.792802,59.92190,0,15288.4,-0.392795,60.00233,0,56.2814,1.729667,60.00466,0,46.2184,3.824293,59.87178,0,43.9596,-0.459913,59.96853,0,PMU
210,1.758333,15084.8,1.693675,59.90209,0,15007.3,3.798356,60.10608,0,15198,-0.391513,60.02448,0,56.0196,1.730095,60.00816,0,46.089,3.829359,60.09675,0,43.5887,-0.461988,59.96037,0,PMU
211,1.766667,15042.7,1.700327,60.12705,0,14949.5,3.794327,59.92306,0,15288.3,-0.391391,60.00233,0,55.9552,1.729362,59.98601,0,45.6774,3.825270,59.92190,0,43.5678,-0.460218,60.03380,0,PMU
212,1.775000,15082.1,1.695017,59.89859,0,15004.2,3.799698,60.10258,0,15195.1,-0.390170,60.02331,0,55.8035,1.730827,60.02798,0,45.8339,3.831495,60.11890,0,43.3131,-0.460401,59.99650,0,PMU
213,1.783333,15043.8,1.701487,60.12356,0,14950.7,3.795548,59.92073,0,15288.7,-0.390109,60.00117,0,55.9295,1.731499,60.01282,0,45.774,3.826551,59.90558,0,43.5121,-0.459120,60.02448,0,PMU
214,1.791667,15086.5,1.696604,59.90675,0,15008.3,3.801346,60.11074,0,15199.2,-0.388583,60.02914,0,55.9805,1.732414,60.01749,0,46.0244,3.834042,60.14305,0,43.5571,-0.457045,60.03963,0,PMU
215,1.800000,15042.7,1.703135,60.12473,0,14951.3,3.797196,59.92073,0,15289.1,-0.388400,60.00350,0,55.9042,1.733085,60.01282,0,45.7588,3.828627,59.89658,0,43.5187,-0.455824,60.02331,0,PMU
216,1.808333,15084,1.697886,59.89975,0,15006.3,3.802565,60.10254,0,15197.2,-0.387301,60.02098,0,55.6987,1.734733,60.03147,0,45.7318,3.834835,60.11857,0,43.2284,-0.455763,60.00117,0,PMU
217,1.816667,15047.1,1.704844,60.13289,0,14954.4,3.798844,59.92893,0,15292.9,-0.386813,60.00933,0,55.6894,1.734245,59.99067,0,45.4854,3.829969,59.90707,0,43.3615,-0.454908,60.01632,0,PMU
218,1.825000,15082,1.699717,59.90208,0,15003.8,3.804335,60.10487,0,15194.6,-0.385470,60.02565,0,55.3072,1.734733,60.00933,0,45.4343,3.834530,60.08710,0,42.9089,-0.457045,59.95920,0,PMU
219,1.833333,15044.8,1.705882,60.11773,0,14950.6,3.799821,59.91378,0,15290.3,-0.385837,59.99301,0,55.3297,1.736625,60.03614,0,45.0439,3.831312,59.93854,0,43.002,-0.456556,60.00933,0,PMU
220,1.841667,15087.4,1.701060,59.90791,0,15007.5,3.805739,60.11303,0,15200,-0.384250,60.03031,0,55.4905,1.737480,60.01632,0,45.5999,3.837704,60.12207,0,43.0861,-0.454176,60.04546,0,PMU
221,1.850000,15044.9,1.707285,60.11890,0,14951.7,3.801285,59.91495,0,15290.8,-0.384311,59.99883,0,55.5818,1.738945,60.02798,0,45.3843,3.835873,59.96503,0,43.2725,-0.451368,60.05362,0,PMU
222,1.858333,15082.9,1.702097,59.90092,0,15004.7,3.806776,60.10487,0,15195.3,-0.383090,60.02331,0,55.5324,1.740471,60.02914,0,45.6537,3.841366,60.10491,0,43.0772,-0.450514,60.01632,0,PMU
223,1.866667,15047.8,1.708628,60.12473,0,14955.2,3.802565,59.91957,0,15294.5,-0.382968,60.00233,0,55.6494,1.741567,60.02094,0,45.4238,3.836910,59.91491,0,43.3337,-0.448317,60.04196,0,PMU
224,1.875000,15085.9,1.703806,59.90791,0,15007.3,3.808546,60.11424,0,15199.3,-0.381320,60.03147,0,55.5604,1.741262,59.99417,0,45.6448,3.840450,60.06761,0,43.0251,-0.450087,59.96620,0,PMU
225,1.883333,15047.1,1.710198,60.12206,0,14954.3,3.804213,59.91724,0,15293.6,-0.381320,60.00000,0,55.311,1.741201,59.99883,0,45.1123,3.836605,59.92656,0,42.9619,-0.451063,59.98135,0,PMU
226,1.891667,15086.7,1.705393,59.90824,0,15007.1,3.810072,60.11191,0,15199.7,-0.379873,60.02764,0,55.2324,1.741201,60.00000,0,45.2577,3.840084,60.06644,0,42.688,-0.451674,59.98834,0,PMU
227,1.900000,15046.2,1.711662,60.11973,0,14952.4,3.805678,59.91607,0,15292.9,-0.379934,59.99883,0,55.2852,1.741750,60.01049,0,45.0059,3.838253,59.96503,0,42.9266,-0.450392,60.02448,0,PMU
228,1.908333,15087.8,1.706797,59.90708,0,15007.9,3.811476,60.11074,0,15201.3,-0.378408,60.02914,0,55.5925,1.743825,60.03963,0,45.5863,3.841854,60.06877,0,42.9877,-0.450331,60.00117,0,PMU
229,1.916667,15043.1,1.713127,60.12090,0,14950.9,3.807143,59.91724,0,15289.6,-0.378408,60.00000,0,55.6185,1.742971,59.98368,0,45.3796,3.841244,59.98834,0,43.291,-0.445997,60.08276,0,PMU
230,1.925000,15088.3,1.708079,59.90358,0,15007.6,3.812758,60.10724,0,15201.1,-0.377248,60.02215,0,55.7553,1.745718,60.05246,0,45.7203,3.844662,60.06528,0,43.1893,-0.446058,59.99883,0,PMU
231,1.933333,15044.4,1.714958,60.13139,0,14952.3,3.808913,59.92656,0,15292.1,-0.376638,60.01166,0,55.7077,1.744558,59.97785,0,45.4398,3.841549,59.94055,0,43.3296,-0.444593,60.02798,0,PMU
232,1.941667,15084,1.709709,59.89975,0,15004.4,3.814345,60.10375,0,15197.7,-0.375539,60.02098,0,55.4921,1.746389,60.03497,0,45.4651,3.845333,60.07227,0,42.8907,-0.445936,59.97435,0,PMU
233,1.950000,15042.2,1.716301,60.12589,0,14950,3.810255,59.92190,0,15290,-0.375234,60.00583,0,55.4506,1.746816,60.00816,0,45.1227,3.842831,59.95221,0,43.0498,-0.444471,60.02798,0,PMU
234,1.958333,15084.7,1.711235,59.90325,0,15003.9,3.815871,60.10724,0,15198.5,-0.374074,60.02215,0,55.5636,1.748464,60.03147,0,45.5017,3.847103,60.08160,0,42.9597,-0.444471,60.00000,0,PMU
235,1.966667,15043.5,1.717827,60.12589,0,14951,3.811720,59.92073,0,15292.9,-0.373769,60.00583,0,55.8012,1.749685,60.02331,0,45.4002,3.844540,59.95104,0,43.3988,-0.442047,60.04630,0,PMU
236,1.975000,15083.6,1.712639,59.90092,0,15002.4,3.817213,60.10491,0,15197.9,-0.372670,60.02098,0,55.9379,1.750600,60.01749,0,45.8152,3.849483,60.09442,0,43.2886,-0.441864,60.00350,0,PMU
237,1.983333,15044.2,1.719048,60.12240,0,14950.8,3.812941,59.91841,0,15292.6,-0.372548,60.00233,0,56.0132,1.750722,60.00233,0,45.6225,3.847836,59.96853,0,43.6227,-0.439850,60.03847,0,PMU
238,1.991667,15080.9,1.715202,59.92656,0,14765.4,3.822035,60.17368,0,15181,-0.372182,60.00699,0,56.188,1.752370,60.03147,0,71.6844,3.724035,57.63559,0,42.7843,-0.450880,59.78934,0,PMU
239,2.000000,14830.1,1.728325,60.25062,0,11650.6,3.818678,59.93589,0,15106,-0.386630,59.72407,0,90.0392,1.915759,63.12050,0,986.14,2.803954,42.42774,1,19.5523,-0.951125,50.44603,0,PMU
240,2.008333,14717.4,1.712212,59.69227,0,10498.4,3.699566,57.72514,0,14959.7,-0.398532,59.77270,0,122.632,1.979338,61.21426,0,1453.52,2.783937,59.61770,1,28.2665,4.643823,46.85564,0,POW
241,2.016667,14661.2,1.710686,59.97086,0,10376.6,3.689007,59.79834,0,14974.5,-0.406649,59.84496,0,130.842,1.916980,58.80906,0,1412.56,2.737507,59.11326,1,40.1761,-1.494113,62.77405,0,POW
242,2.025000,14668.5,1.704600,59.88376,0,10492.1,3.687665,59.97435,0,14875.4,-0.406954,59.99417,0,138.721,1.895191,59.58386,0,1407.01,2.762147,60.47060,1,43.5152,-1.436993,61.09092,0,POW
243,2.033333,14617.8,1.709361,60.09092,0,10494.2,3.683514,59.92073,0,14941.4,-0.407870,59.98251,0,137.413,1.852430,59.18333,0,1387.22,2.770936,60.16786,0,49.5034,-1.325766,62.12428,0,POW
244,2.041667,14275,1.728996,60.37501,0,10405,3.688214,60.08976,0,14836.3,-0.405123,60.05246,0,180.837,1.449322,52.30120,0,1406.88,2.774965,60.07694,0,50.452,-1.283425,60.80864,0,POW
245,2.050000,10929.8,1.746145,60.32752,0,9841.98,3.591069,58.14467,0,14807.3,-0.402743,60.04546,0,930.574,0.631251,44.37600,1,1497.03,2.846411,61.36453,1,67.104,-0.731814,70.53500,0,POW
246,2.058333,9609.51,1.650892,58.18080,0,9717.41,3.518352,58.61122,0,14540.4,-0.413361,59.79721,0,1547.48,0.559744,58.63431,1,1760.49,2.916457,61.33778,1,93.4539,-0.548635,63.49845,0,POW
247,2.066667,9520.98,1.663404,60.23896,0,9602.79,3.496685,59.58619,0,14550,-0.424103,59.79484,0,1443.12,0.509515,59.04070,1,1721.02,2.894426,59.57923,1,115.655,-0.619183,58.65264,0,POW
248,2.075000,9488.54,1.671155,60.14804,0,9653.37,3.490582,59.88343,0,14451.9,-0.424469,59.99301,0,1449.74,0.493968,59.70308,1,1750.06,2.917556,60.44175,0,114.764,-0.684287,58.75660,0,POW
249,2.083333,9431.5,1.669507,59.96853,0,9590.02,3.494976,60.08393,0,14489.8,-0.422455,60.03847,0,1435.29,0.504466,60.20050,1,1747.5,2.908464,59.82636,0,113.704,-0.727664,59.17157,0,POW
250,2.091667,9244.88,1.673902,60.08393,0,9619.96,3.505657,60.20399,0,14374,-0.417939,60.08626,0,1485.63,0.512932,60.16170,1,1725.01,2.891435,59.67478,0,108.817,-0.774399,59.10743,0,POW
251,2.100000,9116.52,1.668164,59.89043,0,9685.43,3.513287,60.14571,0,14411.9,-0.416657,60.02448,0,1572.52,0.481517,59.40001,1,1636.06,2.892412,60.01865,0,114.032,-0.786632,59.76635,0,POW
252,2.108333,9361.11,1.659131,59.82748,0,9575.23,3.514324,60.01982,0,14325.3,-0.416169,60.00933,0,1427.76,0.523064,60.79349,1,1743.89,2.901201,60.16785,0,104.485,-0.854178,58.70997,0,POW
253,2.116667,9488.86,1.653516,59.89276,0,9537.96,3.509197,59.90208,0,14412.9,-0.416413,59.99534,0,1436.6,0.543692,60.39396,1,1700.25,2.886308,59.71558,0,102.188,-0.850577,60.06878,0,POW
254,2.125000,9517.1,1.666883,60.25528,0,9602.02,3.506878,59.95570,0,14348.7,-0.413788,60.05012,0,1427.14,0.524407,59.63169,0,1722.49,2.907304,60.40099,0,98.8245,-0.873465,59.56287,0,POW
255,2.133333,9480.71,1.670972,60.07810,0,9588.14,3.501080,59.88927,0,14430.7,-0.412445,60.02565,0,1424.49,0.515008,59.82049,0,1721.87,2.914870,60.14450,0,98.4112,-0.903476,59.42682,0,POW
256,2.141667,9507.34,1.677503,60.12473,0,9639.46,3.501751,60.01282,0,14352.4,-0.410067,60.04542,0,1414.65,0.514580,59.99184,0,1730.56,2.920974,60.11657,0,97.3637,-0.923250,59.62236,0,POW
257,2.150000,9228.97,1.690013,60.23892,0,9496.87,3.513470,60.22381,0,14408.9,-0.407626,60.04663,0,1484.61,0.497386,59.67161,0,1738.14,2.900957,59.61770,0,99.0121,-0.914705,60.16320,0,POW
258,2.158333,9067.69,1.676404,59.74009,0,9343.15,3.519207,60.10957,0,14273,-0.406466,60.02215,0,1527.17,0.517937,60.39250,0,1774.17,2.869602,59.40118,0,97.3668,-0.910312,60.08389,0,POW
259,2.166667,8918.79,1.694285,60.34150,0,9449.42,3.520061,60.01632,0,14356.6,-0.405062,60.02681,0,1616.59,0.465467,58.99789,0,1665.25,2.871616,60.03847,0,103.316,-0.901951,60.15970,0,POW
260,2.175000,9013.25,1.682872,59.78202,0,9367.47,3.519939,59.99767,0,14255.4,-0.403536,60.02914,0,1508.34,0.501597,60.69004,0,1781.97,2.888811,60.32839,0,97.7318,-0.960524,58.88133,0,POW
261,2.183333,9008.18,1.690867,60.15270,0,9381.6,3.516216,59.92889,0,14343.9,-0.403597,59.99883,0,1578.76,0.479686,59.58153,0,1699.02,2.875095,59.73805,0,101.986,-0.944777,60.30074,0,POW
262,2.191667,9088.25,1.683665,59.86245,0,9375.31,3.517559,60.02565,0,14254.5,-0.401889,60.03264,0,1496.59,0.503612,60.45694,0,1779.44,2.891985,60.32256,0,96.4571,-0.985851,59.21554,0,POW
263,2.200000,9097.19,1.693553,60.18884,0,9437.55,3.513775,59.92773,0,14365.5,-0.402072,59.99650,0,1543.2,0.482738,59.60134,0,1696.11,2.886553,59.89625,0,96.7806,-0.965895,60.38114,0,POW
264,2.208333,9127.82,1.690074,59.93356,0,9479.54,3.515728,60.03730,0,14284.6,-0.399142,60.05595,0,1493.91,0.496348,60.25994,0,1753.12,2.906145,60.37418,0,91.2282,-0.980297,59.72494,0,POW
265,2.216667,9108.88,1.693736,60.06994,0,9498.26,3.515545,59.99650,0,14395.3,-0.399203,59.99883,0,1528.86,0.487315,59.82748,0,1697.09,2.899431,59.87178,0,88.7744,-0.952162,60.53733,0,POW
266,2.225000,9131.17,1.690013,59.92889,0,9469.83,3.519329,60.07227,0,14305.2,-0.396029,60.06062,0,1495.34,0.506463,60.36569,0,1753.02,2.904863,60.10375,0,83.658,-0.963332,59.78668,0,PMU
267,2.233333,9065.81,1.703928,60.26577,0,9443.73,3.513714,59.89276,0,14396.5,-0.396945,59.98251,0,1556.05,0.472486,59.35109,0,1711.77,2.900529,59.91724,0,87.5318,-0.946486,60.32172,0,PMU
268,2.241667,9081.24,1.702219,59.96736,0,9461.08,3.515972,60.04313,0,14305.2,-0.394320,60.05012,0,1498.4,0.483592,60.21211,0,1757.73,2.909377,60.16898,0,84.8948,-0.965712,59.63282,0,PMU
269,2.250000,9121.84,1.700572,59.96853,0,9478.19,3.516216,60.00466,0,14394.5,-0.395480,59.97785,0,1525.64,0.478099,59.89509,0,1707.4,2.904008,59.89746,0,87.0934,-0.955641,60.19233,0,PMU
270,2.258333,9154.85,1.699412,59.97785,0,9512.9,3.518841,60.05012,0,14307.6,-0.392917,60.04896,0,1473.18,0.501536,60.44762,0,1738.86,2.914626,60.20279,0,84.6349,-0.976574,59.60022,0,PMU
271,2.266667,9047.63,1.713799,60.27477,0,9411.71,3.518841,60.00000,0,14392.9,-0.393283,59.99301,0,1562.39,0.469373,59.38573,0,1729.67,2.904497,59.80654,0,87.7018,-0.953200,60.44641,0,PMU
272,2.275000,8950.38,1.716606,60.05362,0,9383.26,3.518169,59.98718,0,14290.8,-0.390902,60.04546,0,1538.62,0.466016,59.93589,0,1760.14,2.903642,59.98368,0,86.3371,-0.956679,59.93356,0,PMU
273,2.283333,8996.24,1.720574,60.07577,0,9382.32,3.513348,59.90791,0,14381.2,-0.392123,59.97669,0,1558.51,0.450880,59.71092,0,1731.45,2.907426,60.07227,0,88.8767,-0.957167,59.99067,0,PMU
274,2.291667,9044.51,1.716606,59.92423,0,9432.61,3.513287,59.99883,0,14296.4,-0.390109,60.03847,0,1495.3,0.472608,60.41498,0,1764.26,2.918960,60.22027,0,86.9619,-0.973036,59.69693,0,PMU
275,2.300000,9067.72,1.724236,60.14571,0,9431.62,3.513897,60.01166,0,14410.4,-0.390475,59.99301,0,1546.47,0.451857,59.60367,0,1731.34,2.916091,59.94521,0,84.5825,-0.942885,60.57584,0,PMU
276,2.308333,9029.16,1.716972,59.86128,0,9428.08,3.521936,60.15354,0,14307,-0.387118,60.06411,0,1490.2,0.479503,60.52801,0,1759.25,2.912368,59.92889,0,80.9799,-0.946852,59.92423,0,PMU
277,2.316667,9022.55,1.714714,59.95687,0,9399.92,3.521099,59.98401,0,14394.9,-0.388522,59.97319,0,1557.13,0.472242,59.86133,0,1722.87,2.905534,59.86948,0,83.0813,-0.933808,60.24912,0,PMU
278,2.325000,9084.15,1.718681,60.07577,0,9468.6,3.518291,59.94638,0,14314.7,-0.386813,60.03264,0,1498.11,0.474559,60.04425,0,1744.31,2.921828,60.31120,0,81.791,-0.943251,59.81965,0,PMU
279,2.333333,9056.18,1.715141,59.93239,0,9419.36,3.520245,60.03730,0,14404.4,-0.387179,59.99301,0,1525.1,0.481334,60.12939,0,1740.2,2.916946,59.90675,0,82.6654,-0.933015,60.19550,0,PMU
280,2.341667,9051.87,1.727348,60.23313,0,9471.42,3.517437,59.94638,0,14319.1,-0.385348,60.03497,0,1528.06,0.463575,59.66083,0,1741.28,2.924331,60.14105,0,83.2855,-0.930085,60.05595,0,PMU
281,2.350000,8994.26,1.715874,59.78086,0,9366.15,3.525964,60.16286,0,14391.5,-0.385653,59.99417,0,1522.16,0.484508,60.39979,0,1760.44,2.909499,59.71674,0,82.6179,-0.930268,59.99650,0,PMU
282,2.358333,9067.91,1.716850,60.01865,0,9434.39,3.522852,59.94055,0,14304.6,-0.384860,60.01515,0,1532.09,0.480541,59.92423,0,1723.63,2.911391,60.03614,0,83.5203,-0.926301,60.07576,0,PMU
283,2.366667,9086.78,1.726860,60.19117,0,9476.06,3.518230,59.91174,0,14413.8,-0.384494,60.00699,0,1511.18,0.468641,59.77273,0,1739.46,2.933120,60.41498,0,84.1567,-0.933259,59.86712,0,PMU
284,2.375000,9099.75,1.723808,59.94172,0,9521.96,3.521997,60.07194,0,14319.2,-0.382846,60.03147,0,1505.87,0.474620,60.11420,0,1731.05,2.931533,59.96969,0,84.7741,-0.931977,60.02448,0,PMU
285,2.383333,9148.51,1.724297,60.00933,0,9480.07,3.517132,59.90708,0,14415,-0.383517,59.98718,0,1497.83,0.473158,59.97207,0,1734.76,2.938674,60.13638,0,85.0333,-0.935395,59.93472,0,PMU
286,2.391667,9192.97,1.714897,59.82049,0,9497.79,3.521282,60.07927,0,14315.5,-0.382236,60.02448,0,1462.4,0.500194,60.51635,0,1768.22,2.936171,59.95221,0,84.8577,-0.958144,59.56554,0,PMU
287,2.400000,9160.19,1.717156,60.04313,0,9411.87,3.525720,60.08476,0,14400,-0.382480,59.99534,0,1500.85,0.498668,59.97086,0,1742.94,2.918899,59.67012,0,85.4251,-0.943740,60.27510,0,PMU
288,2.408333,8995.37,1.701853,59.70775,0,9373.43,3.542566,60.32172,0,14266.9,-0.379506,60.05679,0,1511.07,0.537954,60.75032,0,1773.36,2.897172,59.58506,0,85.6993,-0.959547,59.69809,0,PMU
289,2.416667,8901.32,1.698985,59.94521,0,9348.11,3.550683,60.15504,0,14337.6,-0.380038,59.98984,0,1609.97,0.521233,59.68064,0,1692.26,2.873509,59.54805,0,88.259,-0.931733,60.53121,0,PMU
290,2.425000,8939.87,1.705393,60.12240,0,9399.69,3.546350,59.91724,0,14256.3,-0.378835,60.02298,0,1554.66,0.515923,59.89859,0,1720.37,2.897844,60.46477,0,86.2604,-0.937409,59.89159,0,PMU
291,2.433333,8977.77,1.706553,60.02215,0,9422.06,3.542444,59.92540,0,14357,-0.378469,60.00699,0,1559.55,0.512383,59.93239,0,1706.34,2.903886,60.11540,0,87.1501,-0.931794,60.10724,0,PMU
292,2.441667,9055.89,1.697276,59.82282,0,9503.27,3.548608,60.11773,0,14261.5,-0.377187,60.02448,0,1515.02,0.536306,60.45690,0,1707.46,2.908281,60.08393,0,86.4357,-0.950576,59.64130,0,PMU
293,2.450000,9055.05,1.705088,60.14921,0,9353.65,3.552575,60.07577,0,14350.2,-0.377065,60.00233,0,1543.26,0.529229,59.86482,0,1726.87,2.893999,59.72723,0,86.0434,-0.948134,60.04663,0,PMU
294,2.458333,8996.51,1.704783,59.99417,0,9416.58,3.550561,59.96153,0,14258,-0.375600,60.02798,0,1538.09,0.535271,60.11540,0,1707.01,2.895158,60.02215,0,86.2492,-0.955580,59.85779,0,PMU
295,2.466667,8867.11,1.708689,60.07460,0,9372.22,3.553611,60.05824,0,14339.2,-0.374440,60.02215,0,1594.32,0.524590,59.79601,0,1720.06,2.896196,60.01982,0,86.633,-0.937104,60.35287,0,PMU
296,2.475000,8878.82,1.714226,60.10574,0,9414.13,3.550256,59.93593,0,14253.1,-0.374196,60.00466,0,1588.83,0.508843,59.69926,0,1698.36,2.898820,60.05012,0,87.4027,-0.931550,60.10608,0,PMU
297,2.483333,8883.63,1.712578,59.96853,0,9421.04,3.551355,60.02098,0,14345.1,-0.373098,60.02098,0,1564.51,0.518609,60.18651,0,1717.48,2.907243,60.16086,0,86.3868,-0.934541,59.94288,0,PMU
298,2.491667,8950.02,1.703196,59.82082,0,9422.31,3.556418,60.09671,0,14244.4,-0.373037,60.00117,0,1561.83,0.531853,60.25295,0,1701.18,2.897111,59.80650,0,86.5447,-0.940278,59.89043,0,PMU
299,2.500000,8958.28,1.709361,60.11773,0,9382.71,3.555381,59.98018,0,14343.1,-0.372182,60.01632,0,1552.19,0.535393,60.06761,0,1718.51,2.900957,60.07344,0,85.5302,-0.945937,59.89192,0,PMU
300,2.508333,8946.49,1.714470,60.09758,0,9436.52,3.551721,59.93010,0,14257,-0.371877,60.00583,0,1577.82,0.518059,59.66895,0,1696.23,2.906572,60.10724,0,86.6961,-0.941926,60.07660,0,PMU
301,2.516667,8893.05,1.721062,60.12589,0,9415.94,3.551477,59.99534,0,14354.3,-0.370046,60.03497,0,1562.02,0.517205,59.98368,0,1723.54,2.915542,60.17131,0,86.2209,-0.935578,60.12123,0,PMU
302,2.525000,8922.57,1.718498,59.95104,0,9453.12,3.549829,59.96853,0,14258.8,-0.370107,59.99883,0,1578.17,0.510857,59.87877,0,1702.63,2.914565,59.98135,0,87.6518,-0.932710,60.05479,0,PMU
303,2.533333,8935.82,1.713982,59.91374,0,9411.96,3.555686,60.11186,0,14347.1,-0.369191,60.01749,0,1538.25,0.533196,60.42663,0,1729.32,2.912490,59.96037,0,85.818,-0.940095,59.85895,0,PMU
304,2.541667,8981.25,1.706370,59.85462,0,9474.16,3.555381,59.99417,0,14257.5,-0.369069,60.00233,0,1566.01,0.536917,60.07107,0,1687.81,2.909013,59.93360,0,87.0097,-0.938020,60.03963,0,PMU
305,2.550000,9004.02,1.699412,59.86711,0,9453.36,3.561118,60.10957,0,14345.6,-0.367849,60.02331,0,1527.12,0.565359,60.54320,0,1719.05,2.913283,60.08156,0,84.4521,-0.945754,59.85229,0,PMU
306,2.558333,8960.94,1.712883,60.25728,0,9441.99,3.560691,59.99184,0,14255.9,-0.367849,60.00000,0,1589.59,0.535332,59.42653,0,1694.2,2.904314,59.82869,0,86.9937,-0.933503,60.23397,0,PMU
307,2.566667,8916.77,1.714470,60.03031,0,9412.86,3.561179,60.00933,0,14345.2,-0.366323,60.02914,0,1561.26,0.533623,59.96736,0,1712.15,2.909866,60.10604,0,85.8793,-0.928315,60.09908,0,PMU
308,2.575000,8978.95,1.710076,59.91607,0,9463.65,3.563071,60.03614,0,14255.6,-0.366079,60.00466,0,1554.87,0.543448,60.18763,0,1696.51,2.908708,59.97789,0,86.7705,-0.935273,59.86711,0,PMU
309,2.583333,8962.2,1.711785,60.03264,0,9441.52,3.565452,60.04546,0,14343,-0.364797,60.02448,0,1556.49,0.546621,60.06061,0,1703.22,2.909743,60.01978,0,86.0082,-0.930879,60.08393,0,PMU
310,2.591667,8989.26,1.701548,59.80450,0,9454.79,3.568381,60.05595,0,14246.7,-0.364797,60.00000,0,1554.33,0.559683,60.24945,0,1693.89,2.904558,59.90096,0,86.1497,-0.938142,59.86128,0,PMU
311,2.600000,9067.16,1.699717,59.96503,0,9481.18,3.563315,59.90325,0,14345.6,-0.364309,60.00932,0,1534.94,0.565969,60.12007,0,1691.54,2.916274,60.22377,0,85.3837,-0.939118,59.98135,0,PMU
312,2.608333,9194.62,1.691355,59.84031,0,9593.89,3.564414,60.02098,0,14267.6,-0.364492,59.99651,0,1497.83,0.585311,60.36941,0,1681.43,2.926223,60.19000,0,85.3838,-0.951308,59.76720,0,PMU
313,2.616667,9238.52,1.689646,59.96736,0,9614.57,3.566367,60.03730,0,14368.9,-0.363027,60.02797,0,1491.98,0.599713,60.27506,0,1670.47,2.930983,60.09092,0,84.4794,-0.942458,60.16902,0,PMU
314,2.625000,9229.52,1.689708,60.00117,0,9623.1,3.571128,60.09092,0,14274.2,-0.362783,60.00466,0,1506.51,0.596175,59.93243,0,1681.16,2.927932,59.94172,0,85.1636,-0.944289,59.96503,0,PMU
315,2.633333,9261.51,1.681041,59.83447,0,9599.43,3.574179,60.05828,0,14360.4,-0.362051,60.01399,0,1489.55,0.615155,60.36248,0,1669.5,2.919387,59.83681,0,84.1915,-0.938630,60.10808,0,PMU
316,2.641667,9352.41,1.682750,60.03264,0,9640.85,3.574973,60.01515,0,14278.7,-0.362112,59.99883,0,1480.16,0.617779,60.05012,0,1657.74,2.925429,60.11540,0,84.8061,-0.944350,59.89076,0,PMU
317,2.650000,9334.28,1.689158,60.12240,0,9645.5,3.572776,59.95804,0,14378.2,-0.360586,60.02914,0,1478.6,0.609113,59.83448,0,1671.29,2.934645,60.17602,0,84.5785,-0.936128,60.15703,0,PMU
318,2.658333,9420.67,1.678416,59.79484,0,9630.75,3.580710,60.15154,0,14278.8,-0.360525,60.00117,0,1451.63,0.631373,60.42514,0,1675.69,2.921645,59.75171,0,84.7608,-0.948195,59.76953,0,PMU
319,2.666667,9517.46,1.669019,59.82053,0,9640.71,3.581992,60.02448,0,14371.4,-0.360036,60.00933,0,1433.48,0.660484,60.55598,0,1654.81,2.919875,59.96620,0,83.3859,-0.947585,60.01166,0,PMU
320,2.675000,9567.39,1.674817,60.11074,0,9710.09,3.580405,59.96969,0,14294.3,-0.359792,60.00466,0,1434.24,0.654016,59.87648,0,1652.88,2.932692,60.24479,0,84.1495,-0.953749,59.88227,0,PMU
321,2.683333,9527.32,1.679576,60.09088,0,9701.5,3.576071,59.91724,0,14393.7,-0.358389,60.02681,0,1436.09,0.647730,59.87994,0,1653.66,2.942136,60.18035,0,83.7986,-0.942763,60.20982,0,PMU
322,2.691667,9554.06,1.679637,60.00117,0,9804.18,3.570639,59.89625,0,14314.6,-0.358511,59.99767,0,1432.78,0.639368,59.84031,0,1651.2,2.958676,60.31589,0,85.0272,-0.943862,59.97902,0,PMU
323,2.700000,9631.75,1.668470,59.78672,0,9755.37,3.582114,60.21915,0,14399.4,-0.357412,60.02098,0,1395.77,0.679099,60.75881,0,1674.25,2.945126,59.74122,0,82.8718,-0.946730,59.94521,0,PMU
324,2.708333,9715.69,1.661024,59.85779,0,9745.32,3.592229,60.19318,0,14296.6,-0.357534,59.99767,0,1409.17,0.692510,60.25612,0,1638.86,2.922866,59.57486,0,83.8117,-0.948195,59.97202,0,PMU
325,2.716667,9782.78,1.661085,60.00117,0,9749.82,3.594121,60.03614,0,14393.8,-0.356619,60.01749,0,1385.7,0.704473,60.22847,0,1636.07,2.927871,60.09558,0,81.9293,-0.953017,59.90791,0,PMU
326,2.725000,9854.2,1.662732,60.03147,0,9800.96,3.596196,60.03963,0,14311.2,-0.356130,60.00932,0,1375.64,0.703313,59.97785,0,1627.72,2.931289,60.06528,0,82.7592,-0.955825,59.94638,0,PMU
327,2.733333,9922.33,1.658521,59.91957,0,9771.46,3.598149,60.03730,0,14404.3,-0.355520,60.01166,0,1349.63,0.724002,60.39512,0,1638.43,2.930190,59.97902,0,81.0196,-0.955275,60.01049,0,PMU
328,2.741667,10082.1,1.651807,59.87178,0,9858.53,3.601811,60.06994,0,14322.4,-0.355764,59.99534,0,1325.46,0.743166,60.36602,0,1613.93,2.930922,60.01399,0,81.6467,-0.962233,59.86712,0,PMU
329,2.750000,10269.5,1.646869,59.90569,0,9862.74,3.607182,60.10258,0,14424.2,-0.355093,60.01282,0,1278.82,0.776046,60.62796,0,1620.8,2.931228,60.00583,0,79.0057,-0.973583,59.78322,0,PMU
330,2.758333,10477.8,1.644123,59.94754,0,9941.21,3.615055,60.15037,0,14345,-0.354910,60.00350,0,1237.62,0.803111,60.51690,0,1592.87,2.926284,59.90558,0,79.523,-0.988598,59.71324,0,PMU
331,2.766667,10688.8,1.639789,59.91724,0,9961.21,3.620302,60.10021,0,14449.8,-0.354299,60.01166,0,1195.19,0.841790,60.73870,0,1586.46,2.928054,60.03380,0,76.5851,-0.995189,59.87411,0,PMU
332,2.775000,10727,1.649671,60.18873,0,9964.33,3.624941,60.08859,0,14373.2,-0.353201,60.02098,0,1181.47,0.843011,60.02331,0,1587.04,2.925673,59.95454,0,77.6718,-1.001110,59.88693,0,PMU
333,2.783333,10632.8,1.647357,59.95581,0,9945.25,3.620607,59.91724,0,14467.4,-0.351919,60.02448,0,1214.54,0.833367,59.81582,0,1587.81,2.929274,60.06878,0,76.3584,-0.978649,60.42897,0,PMU
334,2.791667,10776.8,1.642353,59.90441,0,10012.8,3.625978,60.10258,0,14380,-0.351919,60.00000,0,1185.2,0.844781,60.21798,0,1586.13,2.930068,60.01515,0,77.0124,-0.982800,59.92073,0,PMU
335,2.800000,11029.5,1.643146,60.01515,0,10040.7,3.632082,60.11656,0,14484.7,-0.351492,60.00816,0,1117.98,0.883213,60.73401,0,1564.38,2.926406,59.93006,0,74.5938,-0.992443,59.81583,0,PMU
336,2.808333,11298.9,1.649000,60.11180,0,10114.6,3.638368,60.12007,0,14419.8,-0.351247,60.00466,0,1055.97,0.908725,60.48725,0,1548.82,2.931899,60.10491,0,74.9572,-1.015447,59.56065,0,PMU
337,2.816667,11386.2,1.651929,60.05595,0,10105.6,3.642397,60.07693,0,14526,-0.349172,60.03963,0,1029.37,0.935884,60.51868,0,1560.78,2.931594,59.99417,0,72.1944,-1.019780,59.91724,0,PMU
338,2.825000,11481.1,1.654615,60.05129,0,10160.5,3.645937,60.06761,0,14444.9,-0.348928,60.00466,0,1013.19,0.940583,60.08976,0,1530.4,2.929641,59.96270,0,73.259,-1.022588,59.94638,0,PMU
339,2.833333,11549,1.650892,59.92889,0,10182,3.648849,60.05562,0,14547.7,-0.347465,60.02793,0,1002.82,0.958998,60.35170,0,1544.27,2.934035,60.08393,0,70.6357,-1.015386,60.13755,0,PMU
340,2.841667,11891.4,1.658460,60.14454,0,10234.2,3.662826,60.26694,0,14471.4,-0.347588,59.99767,0,924.599,0.978344,60.36948,0,1514.94,2.920425,59.74006,0,71.8156,-1.032476,59.67361,0,PMU
341,2.850000,12094.5,1.666028,60.14454,0,10200.6,3.672530,60.18534,0,14578.2,-0.345817,60.03380,0,857.41,1.047366,61.31822,0,1517.64,2.910415,59.80883,0,68.5421,-1.054446,59.58040,0,PMU
342,2.858333,12227,1.674512,60.16203,0,10217.2,3.678448,60.11303,0,14502,-0.344963,60.01632,0,835.628,1.018560,59.44984,0,1498.73,2.905229,59.90096,0,69.4339,-1.057498,59.94172,0,PMU
343,2.866667,12307.7,1.677137,60.05012,0,10242.1,3.675216,59.93826,0,14609,-0.343132,60.03497,0,794.599,1.075302,61.08370,1,1501.21,2.917434,60.23309,0,66.0072,-1.071335,59.73572,0,PMU
344,2.875000,12603.8,1.684520,60.14101,0,10256.5,3.689130,60.26573,0,14535.1,-0.343315,59.99650,0,742.176,1.051821,59.55155,1,1513.71,2.905717,59.77623,0,67.0828,-1.080124,59.83214,0,POW
345,2.883333,12826.6,1.700327,60.30191,0,10326.9,3.693524,60.08392,0,14655.3,-0.341240,60.03963,0,649.265,1.152431,61.92149,1,1454.27,2.899492,59.88110,0,64.3933,-1.102827,59.56641,0,POW
346,2.891667,12985.9,1.706675,60.12123,0,10390.8,3.704815,60.21565,0,14595.3,-0.339287,60.03730,0,617.518,1.095932,58.92096,1,1463.65,2.908403,60.17019,0,64.8594,-1.109052,59.88110,0,POW
347,2.900000,12852.1,1.734367,60.52888,0,10218.9,3.705609,60.01515,0,14691.8,-0.336357,60.05595,0,610.122,1.186730,61.73411,1,1473.12,2.897783,59.79717,0,61.6959,-1.125470,59.68644,0,POW
348,2.908333,11376.8,1.699656,59.33707,0,10139.5,3.663131,59.18873,0,14549.3,-0.332390,60.07576,0,982.173,0.940095,55.28962,1,1519.87,2.935134,60.71335,0,64.0941,-0.985485,62.67352,0,POW
349,2.916667,10918,1.663343,59.30647,0,10116.7,3.645509,59.66346,0,14577.8,-0.334831,59.95338,0,1177.12,0.888584,59.01622,1,1569.17,2.952451,60.33073,0,64.8537,-0.893589,61.75509,0,POW
350,2.925000,10818.2,1.657850,59.89509,0,10057.3,3.642763,59.94754,0,14461.8,-0.337700,59.94521,0,1194.33,0.869986,59.64479,1,1577.58,2.941769,59.79601,0,68.0822,-0.872732,60.39834,0,POW
351,2.933333,10709.4,1.663953,60.11656,0,9999.29,3.635194,59.85546,0,14541.8,-0.337456,60.00466,0,1203.92,0.852591,59.66779,1,1583.05,2.947019,60.10025,0,68.8584,-0.863028,60.18534,0,POW
352,2.941667,10773,1.658460,59.89509,0,10053,3.639894,60.08976,0,14446.1,-0.337151,60.00583,0,1194.38,0.857474,60.09325,1,1587.83,2.948117,60.02098,0,69.9222,-0.881321,59.65063,0,POW
353,2.950000,10965.6,1.658155,59.99417,0,10034.1,3.643068,60.06062,0,14537,-0.336540,60.01166,0,1142.22,0.890171,60.62447,1,1575.18,2.941953,59.88227,0,68.3487,-0.906528,59.51858,0,POW
354,2.958333,11173,1.659192,60.01982,0,10105.3,3.651351,60.15820,0,14458.2,-0.335930,60.01166,0,1095.35,0.926667,60.69703,1,1560.78,2.943601,60.03147,0,68.3576,-0.934602,59.46383,0,POW
355,2.966667,11160.5,1.663465,60.08159,0,10066.9,3.650924,59.99184,0,14550.3,-0.334709,60.02331,0,1100.83,0.922029,59.91141,1,1567.43,2.943356,59.99534,0,67.4069,-0.926240,60.15969,0,POW
356,2.975000,11227.9,1.662122,59.97436,0,10130.1,3.654830,60.07460,0,14470.6,-0.334160,60.01049,0,1083.24,0.934785,60.24362,1,1551.7,2.943723,60.00699,0,68.3183,-0.928865,59.94988,0,POW
357,2.983333,11327,1.662427,60.00583,0,10148.1,3.654952,60.00233,0,14565.7,-0.333061,60.02098,0,1068.49,0.941621,60.13056,1,1547,2.949765,60.11540,0,67.0603,-0.926728,60.04080,0,POW
358,2.991667,11536.5,1.664136,60.03263,0,10234.9,3.658798,60.07344,0,14494.2,-0.333122,59.99884,0,1009.18,0.974682,60.63142,1,1529.59,2.957028,60.13871,0,66.9912,-0.948867,59.57719,0,POW
359,3.000000,11659.2,1.675305,60.21332,0,10174.4,3.666671,60.15037,0,14596.6,-0.331169,60.03730,0,989.706,0.990062,60.29375,1,1550.95,2.951413,59.89276,0,65.0471,-0.961134,59.76570,0,POW
360,3.008333,10496,1.746267,61.35526,0,9821.6,3.647750,59.63864,0,14505.5,-0.324150,60.13405,0,1180.24,0.806346,56.49128,1,1583.44,2.952084,60.01282,0,70.1445,-0.913423,60.91122,0,POW
361,3.016667,9196.73,1.741018,59.89975,0,9578.36,3.608342,59.24735,0,14491.8,-0.322686,60.02798,0,1630.6,0.615033,56.34618,1,1723.52,2.968930,60.32172,0,77.5652,-0.771652,62.70763,0,POW
362,3.025000,9122.82,1.741506,60.00933,0,9551.79,3.610173,60.03497,0,14363.1,-0.323845,59.97785,0,1516.9,0.609296,59.89043,1,1689.11,2.946225,59.56637,0,79.1811,-0.777877,59.88110,0,POW
363,3.033333,9141.88,1.739982,59.97090,0,9549.23,3.606083,59.92190,0,14436.5,-0.323662,60.00350,0,1537.94,0.613873,60.08742,0,1684.88,2.957821,60.22147,0,79.9637,-0.793895,59.69408,0,POW
364,3.041667,9199.97,1.738090,59.96386,0,9597.66,3.609013,60.05595,0,14344.8,-0.322624,60.01982,0,1512.31,0.619855,60.11424,0,1687.15,2.963925,60.11657,0,79.2967,-0.817272,59.55355,0,POW
365,3.050000,9226.68,1.735771,59.95570,0,9568.1,3.607670,59.97435,0,14427.2,-0.321487,60.02173,0,1500.11,0.631678,60.22581,0,1688.74,2.964108,60.00350,0,77.9791,-0.844720,59.47578,0,POW
366,3.058333,9338.12,1.729301,59.87644,0,9597.04,3.611027,60.06411,0,14351,-0.321060,60.00816,0,1479.78,0.643519,60.22614,0,1692.75,2.962277,59.96503,0,77.1905,-0.881931,59.28931,0,POW
367,3.066667,11082.1,1.721611,59.85313,0,10403.9,3.669356,61.11401,0,14677,-0.314529,60.12473,0,1184.36,0.499766,57.25453,1,1595.85,2.898820,58.78807,0,26.4253,-1.435467,49.42825,0,POW
368,3.075000,14358.8,1.793246,61.36813,1,13640.8,3.926914,64.91899,1,15018.9,-0.285784,60.54899,0,47.049,-0.277056,45.16378,1,238.006,2.210104,46.84648,1,0.538781,3.268926,29.84730,0,POW
369,3.083333,14907.7,1.842481,60.94033,1,14804.8,3.932314,60.10313,1,15207.5,-0.264727,60.40216,0,8.56605,3.193679,6.28616,1,3.97408,0.093584,19.57745,1,0.476577,0.085833,-0.79261,0,POW
370,3.091667,14867.6,1.831879,59.79750,1,14828.7,3.950075,60.33921,1,15114.9,-0.256200,60.16286,0,8.23303,0.046349,-0.10957,1,3.70166,3.196914,-0.73076,1,0.438748,3.212600,-0.28315,0,POW
371,3.100000,14997,1.847181,60.29225,0,14904.4,3.930239,59.62116,1,15275.6,-0.257420,59.97669,0,7.92623,3.187150,-0.01511,0,3.56067,0.045497,-0.18763,1,0.398826,0.073876,0.05479,0,POW
372,3.108333,14950.3,1.831391,59.69842,0,14917.3,3.941897,60.22265,1,15172.3,-0.256261,60.02215,0,7.66451,0.043483,-0.03963,0,3.43655,3.185503,-0.03031,0,0.371906,3.206984,-0.16203,0,POW
373,3.116667,15061.6,1.846266,60.28409,0,14957.4,3.930910,59.79018,1,15328.2,-0.255772,60.00933,0,7.41083,3.185075,0.00000,0,3.33413,0.041530,-0.04546,0,0.345084,0.060814,-0.08742,0,POW
374,3.125000,14987.3,1.834852,59.78202,0,14949.5,3.941469,60.20166,1,15199.3,-0.253636,60.04080,0,7.1904,0.042018,-0.02798,0,3.23706,3.183549,0.00816,0,0.323285,3.207595,0.09908,0,POW
375,3.133333,15070.7,1.846632,60.22498,0,14963.5,3.932253,59.82398,1,15334.5,-0.254063,59.99184,0,6.96722,3.183488,-0.00233,0,3.1451,0.040065,-0.03614,0,0.30231,0.062828,-0.06062,0,POW
376,3.141667,15013.2,1.836195,59.80067,0,14972.9,3.941225,60.17136,1,15216.6,-0.252477,60.03031,0,6.77156,0.041041,-0.01632,0,3.05918,3.182756,0.02098,0,0.282248,3.201736,-0.05128,0,POW
377,3.150000,15084.6,1.846693,60.20050,0,14976.3,3.933291,59.84846,1,15345.5,-0.252904,59.99184,0,6.57469,3.182390,-0.00466,0,2.97515,0.040553,-0.01166,0,0.26767,0.058068,-0.03963,0,POW
378,3.158333,15031.1,1.836927,59.81349,0,14984,3.940859,60.14454,1,15223.3,-0.252171,60.01399,0,6.40381,0.039943,-0.01632,0,2.89459,3.182268,0.00233,0,0.253616,3.199233,-0.00816,0,POW
379,3.166667,15090.6,1.846998,60.19234,0,14980.6,3.934267,59.87411,1,15349,-0.251927,60.00466,0,6.22773,3.181657,0.00233,0,2.82034,0.039515,-0.02215,0,0.236931,0.061486,0.07344,0,POW
380,3.175000,15043.6,1.838392,59.83564,0,14992.5,3.941469,60.13755,1,15228.4,-0.251012,60.01749,0,6.073,0.039149,-0.01749,0,2.74444,3.181718,0.01166,0,0.228047,3.200454,-0.05012,0,POW
381,3.183333,15095.8,1.848219,60.18767,0,14985,3.935915,59.89392,0,15353,-0.250218,60.01515,0,5.91027,3.181230,0.00933,0,2.67468,0.039149,-0.01865,0,0.212945,0.054406,-0.08509,0,POW
382,3.191667,15053.6,1.840223,59.84730,0,14997.7,3.942812,60.13172,0,15232.5,-0.249425,60.01515,0,5.76865,0.038661,-0.01865,0,2.60765,3.181108,0.00699,0,0.201963,3.200454,0.08509,0,POW
383,3.200000,15097.7,1.849378,60.17485,0,14985.5,3.937563,59.89975,0,15353.3,-0.248692,60.01399,0,5.62521,3.180192,-0.00117,0,2.54231,0.039149,-0.00699,0,0.18837,0.053002,-0.11191,0,POW
384,3.208333,15064.1,1.842115,59.86128,0,15003.7,3.944399,60.13055,0,15237.7,-0.247655,60.01981,0,5.49761,0.037562,-0.01982,0,2.4808,3.180803,0.00117,0,0.183288,3.205825,0.21448,0,POW
385,3.216667,15099.4,1.851026,60.17018,0,14985.7,3.939455,59.90558,0,15355.4,-0.246740,60.01749,0,5.36395,3.179887,0.01399,0,2.41805,0.038356,-0.01632,0,0.170912,0.049950,-0.27276,0,POW
386,3.225000,15067.8,1.843641,59.85896,0,15003.1,3.945681,60.11889,0,15236.9,-0.246251,60.00933,0,5.24786,0.037684,-0.01166,0,2.36299,3.180620,0.01282,0,0.162967,3.200027,0.16203,0,POW
387,3.233333,15105.5,1.852186,60.16319,0,14991.1,3.941042,59.91141,0,15360.2,-0.245275,60.01865,0,5.12294,3.179338,0.00117,0,2.3023,0.038478,-0.01049,0,0.152588,0.057335,-0.02098,0,POW
388,3.241667,15077.5,1.845899,59.87994,0,15010.1,3.947878,60.13055,0,15243.5,-0.243993,60.02448,0,5.01526,0.037013,-0.01399,0,2.24646,3.181291,0.02331,0,0.14239,3.204482,0.10607,0,POW
389,3.250000,15101.1,1.853590,60.14687,0,14987,3.942629,59.89976,0,15356.7,-0.243688,60.00583,0,4.89497,3.179765,0.02215,0,2.19261,0.037501,-0.04196,0,0.139445,0.041163,-0.41494,0,POW
390,3.258333,15083.3,1.847364,59.88111,0,15013,3.949282,60.12705,0,15246.8,-0.242589,60.02098,0,4.79463,0.036952,-0.02331,0,2.14197,3.181047,0.03730,0,0.129201,3.210769,0.53500,0,POW
391,3.266667,15103.5,1.855360,60.15270,0,14989.6,3.944582,59.91024,0,15360.8,-0.241674,60.01749,0,4.68104,3.179277,0.01399,0,2.08979,0.037623,-0.03497,0,0.12343,0.033717,-0.67721,0,POW
392,3.275000,15087.1,1.849012,59.87877,0,15013.1,3.950747,60.11773,0,15248.8,-0.241063,60.01166,0,4.5845,0.036830,-0.01632,0,2.04156,3.181108,0.03614,0,0.11935,3.222054,0.89276,0,POW
393,3.283333,15104.8,1.856824,60.14920,0,14990.4,3.946230,59.91374,0,15361.4,-0.240087,60.01865,0,4.48148,3.178606,0.00350,0,1.99395,0.037135,-0.04546,0,0.109238,0.045009,-0.67710,0,PMU
394,3.291667,15092.4,1.850843,59.88576,0,15016.3,3.952578,60.12123,0,15250.9,-0.239232,60.01632,0,4.39744,0.035792,-0.02331,0,1.94931,3.179948,0.02331,0,0.108394,3.201919,0.29254,0,PMU
395,3.300000,15103.2,1.858106,60.13872,0,14989,3.947634,59.90558,0,15359.1,-0.238622,60.01166,0,4.30071,3.178545,0.02215,0,1.90279,0.037501,-0.01632,0,0.09689,0.049950,-0.19817,0,PMU
396,3.308333,15096.1,1.852247,59.88809,0,15017.6,3.953920,60.12006,0,15251.6,-0.237828,60.01515,0,4.21784,0.035731,-0.02331,0,1.86121,3.180376,0.02448,0,0.0959224,3.194534,0.05712,0,PMU
397,3.316667,15105.4,1.859693,60.14221,0,14990.6,3.949282,59.91141,0,15361.8,-0.236974,60.01632,0,4.12588,3.178422,0.02098,0,1.81616,0.037379,-0.02681,0,0.0897926,0.056420,0.06644,0,PMU
398,3.325000,15101.7,1.854078,59.89276,0,15020,3.955690,60.12240,0,15255.7,-0.236119,60.01632,0,4.05242,0.035609,-0.02331,0,1.7761,3.179521,0.01049,0,0.0861,3.209670,0.22264,0,PMU
399,3.333333,15103.9,1.861219,60.13638,0,14989.4,3.950930,59.90908,0,15359.9,-0.235387,60.01399,0,3.96361,3.178117,0.01749,0,1.73492,0.036952,-0.01865,0,0.0783352,0.058495,-0.18301,0,PMU
400,3.341667,15109.2,1.855726,59.89509,0,15025.3,3.957277,60.12123,0,15260.2,-0.234533,60.01632,0,3.89163,0.036036,-0.00933,0,1.69783,3.180009,0.02798,0,0.0777615,3.191482,-0.16436,0,PMU
401,3.350000,15102.9,1.863111,60.14105,0,14989.7,3.952822,59.91491,0,15360.2,-0.233373,60.02215,0,3.80692,3.177690,0.00117,0,1.6584,0.036891,-0.02914,0,0.0722931,0.060631,0.20516,0,PMU
402,3.358333,15107.7,1.856947,59.88227,0,15021.5,3.958437,60.10724,0,15256.8,-0.233373,60.00000,0,3.74324,0.035060,-0.01982,0,1.62585,3.180192,0.03264,0,0.0676164,3.217543,0.29258,0,PMU
403,3.366667,15106.9,1.864759,60.14921,0,14992.7,3.954531,59.92540,0,15363.8,-0.231727,60.03143,0,3.66185,3.177995,0.02565,0,1.58726,0.037196,-0.02681,0,0.062183,0.048485,-0.52455,0,PMU
404,3.375000,15110.9,1.859205,59.89392,0,15022.8,3.960556,60.11507,0,15258.9,-0.231178,60.01049,0,3.59811,0.034511,-0.03614,0,1.5526,3.179582,0.01515,0,0.0613114,3.170793,-0.36831,0,PMU
405,3.383333,15105.8,1.866466,60.13867,0,14991.6,3.956240,59.91757,0,15362.6,-0.230018,60.02215,0,3.52697,3.177263,0.02215,0,1.5194,0.037440,-0.01049,0,0.060383,0.042628,0.25644,0,PMU
406,3.391667,15114.7,1.861036,59.89630,0,15026.2,3.962387,60.11740,0,15261.1,-0.229286,60.01399,0,3.46785,0.034816,-0.01632,0,1.48596,3.179277,0.00466,0,0.0568915,3.228036,0.83680,0,PMU
407,3.400000,15106.4,1.868175,60.13634,0,14993.3,3.957949,59.91524,0,15364.1,-0.228248,60.01982,0,3.39679,3.177507,0.02098,0,1.45278,0.036525,-0.02215,0,0.0508145,0.071556,-0.28432,0,PMU
408,3.408333,15116.1,1.862562,59.89280,0,15025.8,3.963974,60.11507,0,15260.7,-0.227760,60.00933,0,3.34201,0.034816,-0.02098,0,1.42324,3.179582,0.02798,0,0.0485248,3.202895,-0.19583,0,PMU
409,3.416667,15108.5,1.869701,60.13634,0,14994.5,3.959518,59.91491,0,15366.5,-0.226661,60.02098,0,3.27487,3.176775,0.00699,0,1.39076,0.036708,-0.02448,0,0.0457753,0.057457,-0.07344,0,PMU
410,3.425000,15119.9,1.864271,59.89630,0,15027.5,3.965683,60.11773,0,15263.3,-0.226112,60.01049,0,3.22305,0.034694,-0.00933,0,1.36312,3.180315,0.03847,0,0.0448413,3.159014,-0.76464,0,PMU
411,3.433333,15107.3,1.871227,60.13285,0,14993.7,3.961166,59.91374,0,15365.2,-0.225013,60.02098,0,3.15483,3.177263,0.01865,0,1.33225,0.035609,-0.05945,0,0.0431957,0.067772,0.96164,0,PMU
412,3.441667,15119.5,1.865552,59.89163,0,15025,3.966903,60.10957,0,15261.2,-0.224891,60.00233,0,3.10533,0.034327,-0.02565,0,1.30618,3.178728,0.02914,0,0.041037,3.235665,0.50229,0,PMU
413,3.450000,15109,1.872691,60.13634,0,14995.7,3.962631,59.91840,0,15367.5,-0.223487,60.02681,0,3.04597,3.176042,0.00233,0,1.27704,0.036403,-0.01399,0,0.0363153,0.044581,-0.94521,0,PMU
414,3.458333,15121,1.867381,59.89859,0,15027.2,3.968734,60.11657,0,15263.2,-0.222999,60.00933,0,2.99602,0.034205,-0.00466,0,1.2494,3.179582,0.03031,0,0.0344872,3.194228,0.15383,0,PMU
415,3.466667,15104.7,1.873912,60.12473,0,14991.3,3.963913,59.90791,0,15363.2,-0.222267,60.01399,0,2.93984,3.175981,0.00350,0,1.22392,0.036219,-0.03380,0,0.0322179,0.068260,0.29841,0,PMU
416,3.475000,15121.6,1.868663,59.89975,0,15026.2,3.970016,60.11657,0,15262.9,-0.221778,60.00933,0,2.89406,0.034511,0.00233,0,1.19984,3.180192,0.04546,0,0.0311946,3.209914,0.00117,0,PMU
417,3.483333,15101.6,1.875133,60.12356,0,14987.2,3.965133,59.90675,0,15359.6,-0.221168,60.01166,0,2.83349,3.177690,0.03031,0,1.17387,0.035365,-0.06178,0,0.0290698,0.026027,-0.80777,0,PMU
418,3.491667,15123,1.869884,59.89975,0,15025.5,3.971298,60.11773,0,15262.2,-0.220619,60.01049,0,2.79012,0.034083,-0.03847,0,1.15019,3.178239,0.02448,0,0.0286587,3.252020,1.61193,0,PMU
419,3.500000,15104.6,1.876781,60.13172,0,14991.9,3.966903,59.91607,0,15362.8,-0.219337,60.02448,0,2.73192,3.176103,0.00816,0,1.12684,0.035914,-0.01399,0,0.0256967,0.049950,-1.15503,0,PMU
420,3.508333,15125.1,1.871776,59.90441,0,15027,3.973190,60.12007,0,15264,-0.218727,60.01166,0,2.69331,0.033717,-0.01515,0,1.10376,3.181291,0.07227,0,0.0259001,3.208327,0.32056,0,PMU
421,3.516667,15102.7,1.878490,60.12822,0,14989.5,3.968551,59.91141,0,15361.3,-0.217689,60.01982,0,2.64454,3.175920,0.01166,0,1.07897,0.035914,-0.07227,0,0.0196958,0.011884,-1.04756,0,PMU
422,3.525000,15129.5,1.873607,59.90675,0,15029.5,3.974960,60.12239,0,15267.2,-0.217018,60.01282,0,2.61211,0.032313,-0.03847,0,1.05824,3.179826,0.04430,0,0.0204535,3.220895,1.28758,0,PMU
423,3.533333,15104,1.880687,60.13522,0,14991.7,3.970688,59.91841,0,15364.1,-0.215492,60.02914,0,2.55998,3.176469,0.04896,0,1.03432,0.035975,-0.04313,0,0.0171049,0.052392,-0.51395,0,PMU
424,3.541667,15125.9,1.875133,59.89392,0,15025,3.976486,60.11073,0,15262.7,-0.215553,59.99883,0,2.52332,0.033229,-0.03147,0,1.01453,3.179643,0.03963,0,0.0172579,3.187759,-0.11890,0,PMU
425,3.550000,15105.4,1.882090,60.13288,0,14993.1,3.972152,59.91724,0,15364.8,-0.214027,60.02914,0,2.48328,3.175310,0.00933,0,0.992378,0.033290,-0.09092,0,0.0161146,0.045436,-0.01395,0,PMU
426,3.558333,15128.9,1.876903,59.90092,0,15027.2,3.978317,60.11773,0,15264.7,-0.213661,60.00699,0,2.45175,0.031825,-0.03614,0,0.973298,3.180742,0.11191,0,0.0171635,3.205336,0.34966,0,PMU
427,3.566667,15105.8,1.883738,60.13055,0,14992.8,3.973800,59.91374,0,15365.8,-0.212318,60.02565,0,2.41497,3.173967,0.01049,0,0.953579,0.036891,-0.04313,0,0.0154401,0.076922,0.25168,0,PMU
428,3.575000,15129.4,1.878490,59.89976,0,15025.6,3.979781,60.11423,0,15264.1,-0.212196,60.00233,0,2.38603,0.033656,0.02448,0,0.93483,3.180192,0.03264,0,0.0147523,3.192092,-0.50463,0,PMU
429,3.583333,15108.6,1.885386,60.13172,0,14994.1,3.975448,59.91724,0,15367.7,-0.210670,60.02914,0,2.33649,3.175920,0.01282,0,0.915021,0.034327,-0.08160,0,0.0130564,0.026149,-0.46506,0,PMU
430,3.591667,15131.6,1.880321,59.90325,0,15027.8,3.981674,60.11890,0,15265.5,-0.210304,60.00699,0,2.31058,0.033351,-0.01865,0,0.896377,3.180009,0.07810,0,0.0136496,3.239754,1.37534,0,PMU
431,3.600000,15107.5,1.887034,60.12822,0,14993.9,3.977157,59.91374,0,15366.7,-0.208961,60.02565,0,2.26187,3.175859,0.01749,0,0.87677,0.034877,-0.06761,0,0.0115229,0.028590,-1.32871,0,PMU
432,3.608333,15130.7,1.881846,59.90092,0,15025.9,3.983260,60.11657,0,15264.2,-0.208778,60.00350,0,2.23425,0.033961,-0.00583,0,0.860523,3.180925,0.08509,0,0.010246,3.491803,6.14248,0,PMU
433,3.616667,15107.3,1.888499,60.12706,0,14993.3,3.978683,59.91257,0,15366.9,-0.207497,60.02448,0,2.19071,3.175798,0.00466,0,0.840896,0.034816,-0.08626,0,0.00719181,-0.063622,-7.90360,0,PMU
434,3.625000,15131.2,1.883677,59.90791,0,15026,3.985030,60.12123,0,15266.8,-0.207008,60.00933,0,2.16392,0.032740,-0.02798,0,0.82659,3.180070,0.06994,0,0.00899852,3.250555,3.29612,0,PMU
435,3.633333,15103.2,1.889781,60.11657,0,14988.2,3.980087,59.90558,0,15361.6,-0.206154,60.01632,0,2.123,3.176042,0.03264,0,0.807474,0.034205,-0.08160,0,0.00345333,-0.075646,-3.52576,0,PMU
436,3.641667,15134.5,1.885325,59.91491,0,15027.9,3.986862,60.12939,0,15267.1,-0.205299,60.01632,0,2.09487,0.034144,-0.00583,0,0.793965,3.183305,0.14338,0,0.00685237,3.355864,5.53701,0,PMU
437,3.650000,15103.5,1.891734,60.12240,0,14988.6,3.981979,59.90675,0,15362.8,-0.204262,60.01982,0,2.04798,3.176103,0.00699,0,0.775909,0.032496,-0.17602,0,0.00479404,-0.017970,-4.43549,0,PMU
438,3.658333,15131,1.886851,59.90675,0,15023.8,3.988387,60.12240,0,15262.9,-0.203773,60.00933,0,2.02389,0.032496,-0.03847,0,0.762448,3.183366,0.17718,0,0.00508465,3.439337,6.02971,0,PMU
439,3.666667,15103,1.893360,60.12430,0,14989.3,3.983566,59.90791,0,15363.2,-0.202614,60.02215,0,1.98764,3.176164,0.03963,0,0.743722,0.031947,-0.18767,0,0.00338108,0.280962,-0.32052,0,PMU
440,3.675000,15133.2,1.888560,59.90833,0,15025,3.990035,60.12356,0,15265.3,-0.202125,60.00933,0,1.96378,0.032191,-0.04546,0,0.731139,3.179582,0.11540,0,0.00394469,3.405832,-0.31939,0,PMU
441,3.683333,15099.5,1.894947,60.12197,0,14985.9,3.985153,59.90675,0,15358.9,-0.200983,60.02182,0,1.9292,3.174699,0.01749,0,0.714566,0.034022,-0.07577,0,0.00117963,0.161496,-1.96225,0,PMU
442,3.691667,15133,1.889720,59.90017,0,15023,3.991071,60.11303,0,15263.3,-0.201105,59.99767,0,1.90793,0.033046,-0.00117,0,0.704279,3.181657,0.11540,0,0.00286346,3.162981,-2.67585,0,PMU
443,3.700000,15100.2,1.896412,60.12780,0,14986.7,3.986678,59.91611,0,15359.2,-0.199518,60.03031,0,1.86727,3.175981,0.02565,0,0.686334,0.036097,-0.07577,0,0.00165765,-0.055687,-1.47204,0,PMU
444,3.708333,15136.9,1.891551,59.90717,0,15026.9,3.992902,60.11886,0,15266.9,-0.199274,60.00466,0,1.84954,0.029750,-0.08859,0,0.67463,3.181963,0.08160,0,0.0018047,2.157328,102.26549,0,PMU
445,3.716667,15102.5,1.898548,60.13363,0,14989.2,3.988754,59.92078,0,15362.6,-0.197382,60.03614,0,1.82042,3.174272,0.05595,0,0.661306,0.035975,-0.08393,0,0.000635332,0.957717,37.08911,0,PMU
446,3.725000,15133.8,1.893177,59.89742,0,15023.2,3.994611,60.11186,0,15262.9,-0.197565,59.99650,0,1.79929,0.033839,0.02215,0,0.649473,3.181718,0.07927,0,0.00163893,3.672042,-8.16021,0,PMU
447,3.733333,15102.4,1.900013,60.13056,0,14989,3.990338,59.91840,0,15362.7,-0.195856,60.03264,0,1.76269,3.174943,-0.00933,0,0.635087,0.031459,-0.16553,0,0.000365437,0.847405,6.05341,0,PMU
448,3.741667,15134.9,1.894947,59.90325,0,15022.7,3.996381,60.11540,0,15263.8,-0.195856,60.00000,0,1.74192,0.031886,-0.02798,0,0.622657,3.179094,0.11540,0,0.00052218,3.429269,109.30996,0,PMU
449,3.750000,15103.4,1.901783,60.13056,0,14989.6,3.992108,59.91840,0,15363.6,-0.194025,60.03497,0,1.71186,3.173845,0.00699,0,0.61046,0.036036,-0.02798,0,0.000418772,1.066574,14.87586,0,PMU
450,3.758333,15135.5,1.896717,59.90325,0,15023.4,3.998151,60.11540,0,15263.5,-0.194086,59.99883,0,1.71188,0.030360,-0.03613,0,0.598793,3.183305,0.10841,0,0.000369802,-1.518771,130.62354,0,PMU
451,3.766667,15104.3,1.903553,60.13056,0,14991.1,3.993878,59.91840,0,15365.2,-0.192255,60.03497,0,1.66978,3.175615,0.06994,0,0.585434,0.029872,-0.22614,0,0.000786581,2.706748,20.70146,0,PMU
452,3.775000,15133.1,1.898487,59.90325,0,15021.7,3.999921,60.11540,0,15262,-0.192255,60.00000,0,1.65266,0.033168,-0.01632,0,0.576463,3.185564,0.26927,0,0.00114872,0.935700,26.17549,0,PMU
453,3.783333,15103.7,1.904956,60.12356,0,14990.6,3.995343,59.91257,0,15364.3,-0.190729,60.02914,0,1.61947,3.175371,0.01166,0,0.56084,0.033351,-0.20283,0,0.000447546,2.404346,88.04907,0,PMU
454,3.791667,15136.2,1.900379,59.91258,0,15023.5,4.001813,60.12356,0,15265.1,-0.190424,60.00583,0,1.6011,0.030848,-0.05595,0,0.551533,3.182756,0.14921,0,0.000143037,2.268372,57.40308,0,PMU
455,3.800000,15101.3,1.906604,60.11889,0,14987.5,3.997052,59.90908,0,15361.2,-0.189142,60.02448,0,1.57902,3.175920,0.06644,0,0.539424,0.029506,-0.22264,0,0.00138596,3.302051,79.74180,0,PMU
456,3.808333,15138.3,1.902088,59.91374,0,15024.8,4.003644,60.12589,0,15266.3,-0.188654,60.00933,0,1.56843,0.029079,-0.10024,0,0.530766,3.183427,0.23546,0,0.000485883,1.753347,30.42193,0,PMU
457,3.816667,15099.2,1.908435,60.12123,0,14986.8,3.998883,59.90908,0,15360.5,-0.187311,60.02565,0,1.53603,3.175737,0.09675,0,0.518801,0.036586,-0.10025,0,0.00108669,2.623533,76.61934,0,PMU
458,3.825000,15135.1,1.903614,59.90792,0,15021.8,4.005109,60.11890,0,15264.7,-0.187250,60.00117,0,1.51948,0.032191,-0.03730,0,0.510286,3.181535,0.06411,0,0.000759279,-0.775192,-4.91087,0,PMU
459,3.833333,15097.5,1.909839,60.11889,0,14985.5,4.000287,59.90791,0,15360.6,-0.185907,60.02565,0,1.4954,3.174211,0.00816,0,0.496305,0.032191,-0.14804,0,0.00104385,3.103969,14.08652,0,PMU
460,3.841667,15138.7,1.905261,59.91257,0,15024.5,4.006695,60.12239,0,15268.2,-0.185663,60.00466,0,1.47759,0.031276,-0.02565,0,0.489162,3.184343,0.20166,0,0.00078522,-0.760056,-13.79744,0,PMU
461,3.850000,15098.9,1.911792,60.12473,0,14986.8,4.002179,59.91374,0,15361.7,-0.184015,60.03147,0,1.452,3.175371,0.04779,0,0.479243,0.027309,-0.29491,0,0.00226242,3.696514,25.11422,0,PMU
462,3.858333,15137.5,1.906848,59.90558,0,15021.7,4.008282,60.11656,0,15264.6,-0.184137,59.99767,0,1.43398,0.033534,-0.00466,0,0.472171,3.185869,0.32405,0,0.00114679,-0.117141,-12.83546,0,PMU
463,3.866667,15099.5,1.913318,60.12356,0,14986.7,4.003644,59.91141,0,15360.8,-0.182551,60.03031,0,1.40618,3.176714,0.03031,0,0.460596,0.035487,-0.16786,0,0.00117964,2.932692,-1.75247,0,PMU
464,3.875000,15138.5,1.908557,59.90908,0,15023.1,4.009930,60.12006,0,15265.4,-0.182367,60.00350,0,1.39019,0.030543,-0.08743,0,0.451443,3.179521,0.04663,0,0.00143805,0.008832,4.15839,0,PMU
465,3.883333,15098.9,1.915149,60.12589,0,14986.6,4.005475,59.91491,0,15360.9,-0.180658,60.03264,0,1.36883,3.175676,0.06761,0,0.442636,0.037684,-0.00466,0,0.0036006,3.231881,1.55569,0,PMU
466,3.891667,15136.7,1.910205,59.90558,0,15020.8,4.011639,60.11773,0,15262.9,-0.180719,59.99883,0,1.35673,0.033534,-0.01049,0,0.435096,3.177995,-0.02448,0,0.00117729,-0.191828,-5.38802,0,PMU
467,3.900000,15100.6,1.917041,60.13056,0,14988.7,4.007306,59.91724,0,15364,-0.178705,60.03847,0,1.32886,3.172014,-0.05944,0,0.425391,0.035914,-0.00933,0,0.00354964,3.073332,2.35996,0,PMU
468,3.908333,15135.7,1.911914,59.90208,0,15018,4.013348,60.11540,0,15261.9,-0.179011,59.99417,0,1.32076,0.032374,0.03730,0,0.419067,3.185075,0.14454,0,0.0026302,0.121231,3.61901,0,PMU
469,3.916667,15098.1,1.918384,60.12356,0,14984.8,4.008893,59.91491,0,15359.7,-0.177241,60.03380,0,1.29296,3.175432,0.02798,0,0.406201,0.026149,-0.33105,0,0.00321879,2.734089,-10.09808,0,PMU
470,3.925000,15137.7,1.913745,59.91141,0,15019.5,4.015240,60.12123,0,15263.5,-0.177118,60.00233,0,1.27963,0.034266,0.00816,0,0.402786,3.182024,0.27276,0,0.00328627,0.417145,15.74963,0,PMU
471,3.933333,15101.5,1.920518,60.12935,0,14987,4.011029,59.91957,0,15362.5,-0.175165,60.03730,0,1.25433,3.175432,-0.00816,0,0.391692,0.034511,-0.11307,0,0.00318842,3.080107,-9.14118,0,PMU
472,3.941667,15136.6,1.915942,59.91262,0,15017.5,4.017499,60.12356,0,15262,-0.174921,60.00466,0,1.24108,0.030238,-0.06877,0,0.388287,3.178972,0.05479,0,0.00276144,0.312210,7.13706,0,PMU
473,3.950000,15098.9,1.922227,60.12002,0,14984,4.012738,59.90908,0,15360.6,-0.173334,60.03031,0,1.21526,3.175493,0.06994,0,0.37713,0.039332,0.03730,0,0.00433413,3.149693,-5.80807,0,PMU
474,3.958333,15137.4,1.917773,59.91495,0,15016.3,4.019269,60.12473,0,15262.8,-0.173151,60.00350,0,1.20889,0.032802,-0.02098,0,0.371584,3.180498,-0.00816,0,0.00284599,-0.557241,-10.79722,0,PMU
475,3.966667,15096.9,1.924058,60.12002,0,14981.2,4.014508,59.90908,0,15358.9,-0.171625,60.02914,0,1.1798,3.172807,-0.03031,0,0.360354,0.031581,-0.13988,0,0.00462742,2.972773,7.41830,0,PMU
476,3.975000,15136.8,1.919360,59.91028,0,15015.2,4.020733,60.11890,0,15261.7,-0.171686,59.99883,0,1.18165,0.032863,0.03147,0,0.357066,3.180192,0.13405,0,0.0036827,0.037806,3.94627,0,PMU
477,3.983333,15097.7,1.925645,60.12002,0,14982.8,4.016095,59.91141,0,15358.8,-0.170038,60.03147,0,1.14593,3.174211,-0.00466,0,0.349782,0.028102,-0.20049,0,0.00547174,3.089018,-1.72615,0,PMU
478,3.991667,15139.5,1.921189,59.91491,0,15019.6,4.022608,60.12440,0,15265.4,-0.169796,60.00462,0,1.14552,0.031703,-0.01749,0,0.34323,3.186662,0.32405,0,0.00431571,0.058007,2.11195,0,PMU
479,4.000000,15095.7,1.927354,60.11773,0,14982.4,4.017743,59.90707,0,15358.7,-0.168393,60.02681,0,1.11602,3.175249,0.03730,0,0.333094,0.033778,-0.21565,0,0.00473466,3.083952,-2.20870,0,PMU
480,4.008333,15138.6,1.922776,59.91257,0,15018,4.024256,60.12440,0,15265.1,-0.168332,60.00117,0,1.11905,0.028896,-0.09092,0,0.329066,3.186845,0.21915,0,0.00448079,0.017360,1.43240,0,PMU
481,4.016667,15097.4,1.929246,60.12356,0,14982.8,4.019635,59.91173,0,15361,-0.166623,60.03264,0,1.08852,3.176775,0.12006,0,0.323292,0.029201,-0.30657,0,0.00358091,2.973932,-3.53362,0,PMU
482,4.025000,15139.9,1.924729,59.91374,0,15016.9,4.026210,60.12557,0,15265.3,-0.166501,60.00233,0,1.08577,0.028835,-0.12123,0,0.318653,3.186723,0.30424,0,0.00344167,-0.057946,2.09539,0,PMU
483,4.033333,15095.8,1.930894,60.11773,0,14981.2,4.021327,59.90675,0,15358.2,-0.164975,60.02914,0,1.06274,3.176530,0.11656,0,0.30951,0.028407,-0.31939,0,0.00499555,3.237252,2.93364,0,PMU
484,4.041667,15142.2,1.926255,59.91141,0,15018.6,4.027674,60.12123,0,15266.5,-0.164975,60.00000,0,1.05592,0.030421,-0.08626,0,0.307595,3.184038,0.26810,0,0.00404749,-0.446974,-10.36353,0,PMU
485,4.050000,15095.8,1.932603,60.12123,0,14982.1,4.022975,59.91024,0,15357.9,-0.163144,60.03497,0,1.03143,3.176652,0.08859,0,0.294376,0.027248,-0.29025,0,0.00543114,3.297778,11.51950,0,PMU
486,4.058333,15142.5,1.927903,59.91024,0,15018.7,4.029200,60.11890,0,15266.2,-0.163327,59.99650,0,1.02518,0.029079,-0.11423,0,0.295641,3.184831,0.30540,0,0.00432114,-0.141782,-5.69076,0,PMU
487,4.066667,15099.7,1.934617,60.12823,0,14985.6,4.024928,59.91840,0,15362.5,-0.161190,60.04080,0,1.00355,3.176042,0.10258,0,0.286249,0.030238,-0.24828,0,0.00709869,3.315476,6.02876,0,PMU
488,4.075000,15141.1,1.929917,59.91024,0,15017.3,4.031214,60.12006,0,15265.2,-0.161252,59.99883,0,0.999084,0.030787,-0.06994,0,0.28299,3.187820,0.30536,0,0.00453549,-0.211647,-7.36309,0,PMU
489,4.083333,15098.3,1.936326,60.12239,0,14983.2,4.026637,59.91257,0,15360.4,-0.159482,60.03380,0,0.973502,3.176408,0.07694,0,0.274755,0.028773,-0.33334,0,0.00752777,3.042577,2.15109,0,PMU
490,4.091667,15141.2,1.931748,59.91258,0,15015.7,4.033106,60.12356,0,15263.8,-0.159543,59.99883,0,0.965574,0.033412,-0.02681,0,0.271471,3.192947,0.43126,0,0.00450531,0.022182,2.31471,0,PMU
491,4.100000,15098.5,1.938035,60.12006,0,14983.3,4.028346,59.90908,0,15360.8,-0.157773,60.03380,0,0.942257,3.174211,-0.01515,0,0.263148,0.028407,-0.43825,0,0.00583052,3.046483,-2.24010,0,PMU
492,4.108333,15142.1,1.933518,59.91374,0,15016.5,4.034877,60.12473,0,15264.1,-0.157773,60.00000,0,0.934628,0.033717,0.02098,0,0.261912,3.183366,0.25528,0,0.0065802,-0.101946,-0.13056,0,PMU
493,4.116667,15100,1.939927,60.12239,0,14985.7,4.030238,59.91141,0,15362.3,-0.155819,60.03730,0,0.914247,3.174211,-0.02098,0,0.251165,0.041652,-0.00233,0,0.00526259,3.156755,2.23660,0,PMU
494,4.125000,15140.9,1.935288,59.91141,0,15015.4,4.036585,60.12123,0,15263.3,-0.156003,59.99650,0,0.91583,0.026698,-0.11307,0,0.249589,3.182451,-0.01515,0,0.00587319,-0.337273,-6.73102,0,PMU
495,4.133333,15101.2,1.941636,60.12123,0,14986.3,4.031886,59.91024,0,15363.7,-0.154172,60.03497,0,0.894676,3.176103,0.14920,0,0.24133,0.026271,-0.27859,0,0.00759603,3.355681,10.53022,0,PMU
496,4.141667,15141.4,1.937302,59.91724,0,15015.9,4.038599,60.12822,0,15264.3,-0.153989,60.00350,0,0.889577,0.034205,-0.00583,0,0.23795,3.197463,0.56531,0,0.00418966,-0.019435,-4.45997,0,PMU
497,4.150000,15099,1.943345,60.11540,0,14982.9,4.033656,59.90558,0,15360.5,-0.152524,60.02798,0,0.866403,3.176164,0.00699,0,0.232068,0.027187,-0.54782,0,0.00611457,3.087736,-0.65740,0,PMU
498,4.158333,15144.7,1.939133,59.91957,0,15017.4,4.040491,60.13055,0,15266.5,-0.152219,60.00583,0,0.859363,0.030848,-0.07111,0,0.232493,3.176652,0.15037,0,0.00565751,-0.015590,0.73084,0,PMU
499,4.166667,15099.2,1.945359,60.11890,0,14983.9,4.035731,59.90908,0,15360.4,-0.150449,60.03380,0,0.837438,3.174089,0.03147,0,0.223551,0.040675,0.10724,0,0.00792007,3.144077,0.34520,0,PMU
500,4.175000,15141.7,1.940781,59.91257,0,15014,4.042078,60.12123,0,15263,-0.150632,59.99650,0,0.833458,0.036647,0.07927,0,0.2199,3.184343,0.03963,0,0.00536244,-0.032557,-0.66926,0,PMU
501,4.183333,15095.4,1.946580,60.11074,0,14980.8,4.037012,59.90325,0,15356.8,-0.149167,60.02798,0,0.814849,3.174394,-0.07344,0,0.214495,0.026393,-0.31240,0,0.00835329,3.210891,1.94529,0,PMU
502,4.191667,15145,1.942368,59.91957,0,15017.5,4.043665,60.12706,0,15267,-0.148984,60.00350,0,0.813539,0.023097,-0.18534,0,0.213536,3.192092,0.46040,0,0.00397527,-0.149167,-4.17237,0,PMU
503,4.200000,15096.5,1.948411,60.11540,0,14982.1,4.038782,59.90675,0,15358.2,-0.147397,60.03031,0,0.802386,3.174882,0.19466,0,0.204594,0.026271,-0.46273,0,0.00898013,3.286609,5.61849,0,PMU
504,4.208333,15146,1.944077,59.91724,0,15017,4.045374,60.12589,0,15267,-0.147458,59.99883,0,0.798784,0.035304,0.03847,0,0.203854,3.183244,0.29375,0,0.0058806,0.050988,-1.79582,0,PMU
505,4.216667,15095.2,1.950303,60.11890,0,14981.1,4.040614,59.90908,0,15357.2,-0.145505,60.03730,0,0.771765,3.175188,-0.03264,0,0.197345,0.034266,-0.14105,0,0.0072067,3.103359,-1.70400,0,PMU
506,4.225000,15145.3,1.945603,59.91024,0,15015.3,4.046900,60.12006,0,15264.7,-0.145932,59.99184,0,0.771957,0.031703,-0.03614,0,0.197546,3.193496,0.33684,0,0.00541306,-0.077105,-0.74238,0,PMU
507,4.233333,15098.9,1.952360,60.12906,0,14984.5,4.042628,59.91840,0,15361.2,-0.143552,60.04546,0,0.750551,3.177141,0.07344,0,0.186911,0.028224,-0.45224,0,0.00887232,3.201308,2.61308,0,PMU
508,4.241667,15143.1,1.947434,59.90591,0,15013.7,4.048670,60.11540,0,15262.2,-0.144101,59.98951,0,0.747238,0.028346,-0.13755,0,0.187684,3.186418,0.31706,0,0.00543793,0.017909,-0.79845,0,PMU
509,4.250000,15100.1,1.953947,60.12440,0,14986.2,4.044276,59.91607,0,15362.2,-0.141843,60.04313,0,0.733238,3.170366,0.00816,0,0.181004,0.028651,-0.30890,0,0.00920652,3.173906,0.27510,0,PMU
510,4.258333,15146.2,1.949387,59.91291,0,15017.5,4.050562,60.12006,0,15266.7,-0.142148,59.99417,0,0.73039,0.022060,-0.12822,0,0.182895,3.193496,0.44408,0,0.00711873,-0.002973,-0.67392,0,PMU
511,4.266667,15101.1,1.955900,60.12440,0,14987.1,4.046107,59.91491,0,15364.5,-0.139951,60.04196,0,0.731307,3.176591,0.24712,0,0.171711,0.034938,-0.32402,0,0.006664,3.147556,0.17068,0,PMU
512,4.275000,15143.9,1.951140,59.90908,0,15014,4.052332,60.11890,0,15264.1,-0.140439,59.99067,0,0.724987,0.030116,-0.09325,0,0.171777,3.181779,0.10025,0,0.00601592,0.057580,0.98579,0,PMU
513,4.283333,15100.6,1.957426,60.12007,0,14984.9,4.047755,59.91257,0,15362.3,-0.138442,60.03813,0,0.706811,3.163103,-0.16436,0,0.169531,0.018947,-0.40565,0,0.00808975,2.954099,-4.68056,0,PMU
514,4.291667,15145.6,1.952910,59.91374,0,15014.8,4.054222,60.12352,0,15264.4,-0.138625,59.99650,0,0.71252,0.024440,0.05595,0,0.168046,3.208510,0.91617,0,0.00769021,0.234777,8.06478,0,PMU
515,4.300000,15102,1.959318,60.12240,0,14986.8,4.049708,59.91378,0,15363.3,-0.136489,60.04080,0,0.711923,3.172258,0.11889,0,0.156742,0.020900,-0.87887,0,0.00825417,2.986262,-7.45051,0,PMU
516,4.308333,15145.4,1.954802,59.91374,0,15014.4,4.056053,60.12119,0,15263.8,-0.136794,59.99417,0,0.697603,0.040919,0.19583,0,0.159125,3.194473,0.61077,0,0.00931763,0.112625,5.11758,0,PMU
517,4.316667,15098.7,1.960844,60.11540,0,14984.2,4.051234,59.90795,0,15360.1,-0.134902,60.03614,0,0.67684,3.175981,-0.12473,0,0.153594,0.023891,-0.55365,0,0.00680951,3.212050,-0.80533,0,PMU
518,4.325000,15146.1,1.956572,59.91840,0,15015.2,4.057701,60.12352,0,15265.8,-0.135085,59.99650,0,0.674994,0.035243,0.01632,0,0.151825,3.191299,0.49304,0,0.00712839,0.143979,1.40415,0,PMU
519,4.333333,15095.6,1.962370,60.11074,0,14980.9,4.052696,59.90441,0,15357,-0.133437,60.03147,0,0.665548,3.163652,-0.25178,0,0.150059,0.009199,-0.77363,0,0.00996851,3.012001,-5.22482,0,PMU
520,4.341667,15147.3,1.958281,59.92190,0,15015.9,4.059410,60.12823,0,15267.4,-0.133437,60.00000,0,0.667526,0.034511,0.23779,0,0.147387,3.221139,1.34354,0,0.00714786,-0.156857,-0.52072,0,PMU
521,4.350000,15095.7,1.964262,60.11424,0,14979.8,4.054649,59.90908,0,15356.7,-0.131667,60.03380,0,0.647486,3.169512,-0.12589,0,0.140371,0.007917,-1.36802,0,0.00702609,3.148716,3.13180,0,PMU
522,4.358333,15147,1.960112,59.92073,0,15013.7,4.061363,60.12822,0,15265.2,-0.131606,60.00117,0,0.660115,0.004377,-0.44962,0,0.142681,3.194473,0.85873,0,0.00615572,0.019130,0.22931,0,PMU
523,4.366667,15096.5,1.966032,60.11307,0,14981.2,4.056358,59.90441,0,15357.6,-0.129897,60.03264,0,0.651251,3.179826,0.64662,0,0.135246,0.039149,-0.26224,0,0.0101364,3.116603,-0.84262,0,PMU
524,4.375000,15149.8,1.962065,59.92423,0,15017.3,4.063255,60.13172,0,15267.9,-0.129714,60.00350,0,0.652534,0.017604,-0.39400,0,0.136848,3.201919,0.40445,0,0.0065783,-0.026759,-0.03380,0,PMU
525,4.383333,15095.4,1.967924,60.11190,0,14981.5,4.058250,59.90441,0,15357,-0.128005,60.03264,0,0.65912,3.187698,0.54433,0,0.126356,0.026271,-0.65040,0,0.00862073,3.336228,4.22832,0,PMU
526,4.391667,15148,1.963469,59.91491,0,15015.3,4.064781,60.12473,0,15265.4,-0.128310,59.99417,0,0.631192,0.035853,-0.19579,0,0.128072,3.202285,0.65740,0,0.00581619,-0.345329,-10.31256,0,PMU
527,4.400000,15098.3,1.969755,60.12006,0,14984.7,4.059898,59.90675,0,15361.3,-0.126235,60.03963,0,0.617202,3.158281,-0.36602,0,0.123691,0.026027,-0.66206,0,0.00820372,3.057896,4.99682,0,PMU
528,4.408333,15147,1.965178,59.91258,0,15013.7,4.066368,60.12356,0,15264.8,-0.126662,59.99184,0,0.63313,0.051110,0.65740,0,0.124382,3.191421,0.45457,0,0.00646705,-0.094316,-0.20282,0,PMU
529,4.416667,15099.8,1.971464,60.12006,0,14985,4.061668,59.91024,0,15362.6,-0.124526,60.04080,0,0.599642,3.177324,-0.29371,0,0.116383,0.020778,-0.55482,0,0.00727119,3.097561,0.96036,0,PMU
530,4.425000,15146,1.966887,59.91257,0,15011.8,4.068077,60.12240,0,15262.7,-0.125014,59.99067,0,0.606574,0.023402,-0.23546,0,0.11815,3.209182,0.89403,0,0.00831258,0.129897,3.32180,0,PMU
531,4.433333,15099.8,1.973173,60.12007,0,14985.2,4.063438,59.91141,0,15362,-0.122756,60.04313,0,0.585148,3.183000,0.34387,0,0.109343,0.018031,-0.94648,0,0.0089854,3.237130,-0.65623,0,PMU
532,4.441667,15144.1,1.968718,59.91491,0,15010.8,4.069847,60.12239,0,15262.2,-0.123122,59.99301,0,0.583835,0.031215,-0.19467,0,0.112844,3.196853,0.71102,0,0.00691643,-0.001386,-1.85110,0,PMU
533,4.450000,15096.4,1.974577,60.11191,0,14982.2,4.064964,59.90675,0,15358.7,-0.121231,60.03613,0,0.562373,3.179765,0.13289,0,0.107206,0.028957,-0.50236,0,0.00583351,3.016334,-2.36579,0,PMU
534,4.458333,15147.1,1.970304,59.91840,0,15013,4.071556,60.12589,0,15264.8,-0.121475,59.99534,0,0.564614,0.031825,-0.12123,0,0.109983,3.180681,0.19350,0,0.00610813,0.145810,5.17703,0,PMU
535,4.466667,15098.6,1.976591,60.12006,0,14984.1,4.066917,59.91141,0,15361.7,-0.119216,60.04313,0,0.545153,3.175737,0.04430,0,0.101712,0.023463,-0.29841,0,0.00947174,3.004310,-5.40667,0,PMU
536,4.475000,15147,1.972380,59.91957,0,15013.5,4.073509,60.12589,0,15266.4,-0.119399,59.99650,0,0.549108,0.029689,-0.08509,0,0.107301,3.197341,0.61660,0,0.00721705,-0.158627,-0.40765,0,PMU
537,4.483333,15100.2,1.978666,60.12006,0,14985.4,4.068931,59.91257,0,15362.9,-0.117202,60.04196,0,0.534299,3.172929,0.03147,0,0.0965889,0.020900,-0.66556,0,0.00883549,3.335801,6.73865,0,PMU
538,4.491667,15147.7,1.974455,59.91957,0,15011.4,4.075584,60.12706,0,15264.8,-0.117446,59.99534,0,0.533669,0.027126,-0.08043,0,0.100161,3.226266,1.21798,0,0.00545522,0.077349,-2.23184,0,PMU
539,4.500000,15097.9,1.980497,60.11540,0,14983.5,4.070762,59.90791,0,15360.4,-0.115310,60.04080,0,0.522883,3.171526,0.05362,0,0.0935279,0.004865,-1.52422,0,0.00942211,3.161455,-1.09791,0,PMU
540,4.508333,15147.8,1.976347,59.92073,0,15012.3,4.077476,60.12822,0,15265.3,-0.115554,59.99534,0,0.522301,0.031825,0.03613,0,0.0976803,3.215407,1.31684,0,0.00743211,-0.196588,-4.13390,0,PMU
541,4.516667,15093,1.982021,60.10837,0,14979.1,4.072410,59.90325,0,15354.6,-0.113723,60.03497,0,0.512297,3.169634,-0.07227,0,0.0875918,0.032008,-0.79845,0,0.00964071,3.188369,4.64792,0,PMU
542,4.525000,15141.7,1.978239,59.92777,0,15008.2,4.079063,60.12706,0,15264.8,-0.113662,60.00117,0,0.508839,0.040797,0.24362,0,0.0923388,3.201064,0.52452,0,0.0081351,-0.066124,-2.15624,0,PMU
543,4.533333,15074.8,1.983791,60.10604,0,14960,4.074058,59.90441,0,15338.6,-0.112197,60.02798,0,0.490259,3.175920,-0.12356,0,0.084428,0.000715,-1.12217,0,0.00883589,3.200576,2.38938,0,PMU
544,4.541667,15134.2,1.979826,59.92427,0,14994.5,4.080894,60.13056,0,15252,-0.112503,59.99417,0,0.496021,0.025844,-0.16202,0,0.0854476,3.218453,1.45428,0,0.00650109,-0.022182,-1.55014,0,PMU
545,4.550000,15088.4,1.985378,60.10604,0,14974.4,4.075584,59.89859,0,15353.6,-0.110610,60.03614,0,0.478631,3.173051,0.10724,0,0.0802287,0.007673,-1.32139,0,0.00810415,3.024635,-1.81010,0,PMU
546,4.558333,15141.8,1.981413,59.92427,0,15002.8,4.082603,60.13405,0,15259.3,-0.110671,59.99883,0,0.481971,0.023524,-0.15153,0,0.0846602,3.217238,1.29819,0,0.00628971,0.137343,4.85680,0,PMU
547,4.566667,15089.5,1.987270,60.11186,0,14975.5,4.077598,59.90441,0,15353.5,-0.108657,60.03847,0,0.473046,3.185136,0.38234,0,0.0774722,0.009992,-1.25389,0,0.0105703,3.119655,-3.04204,0,PMU
548,4.575000,15143.4,1.983242,59.92306,0,15005.3,4.084478,60.13139,0,15260.2,-0.108779,59.99767,0,0.467409,0.028102,-0.29491,0,0.0798496,3.192825,0.78762,0,0.00695904,0.087847,2.09673,0,PMU
549,4.583333,15092.8,1.989528,60.12007,0,14979.3,4.079796,59.91058,0,15357.3,-0.106401,60.04542,0,0.459887,3.184526,0.28326,0,0.0767969,0.021571,-0.56647,0,0.010129,3.259955,0.58279,0,PMU
550,4.591667,15140.2,1.984951,59.91257,0,15003,4.086187,60.12206,0,15257.3,-0.107012,59.98834,0,0.453823,0.034877,-0.15387,0,0.0774789,3.198806,0.68071,0,0.00704145,-0.263934,-7.30131,0,PMU
551,4.600000,15094.9,1.991237,60.12006,0,14982,4.081505,59.91058,0,15359.9,-0.104631,60.04546,0,0.436056,3.173784,-0.05129,0,0.0708654,0.017726,-0.75415,0,0.0107931,3.249945,7.11014,0,PMU
552,4.608333,15141.4,1.986965,59.91840,0,15004.1,4.088140,60.12673,0,15258.8,-0.105058,59.99184,0,0.446776,0.020900,-0.21565,0,0.0746669,3.214675,1.05722,0,0.00701305,0.198847,1.72832,0,PMU
553,4.616667,15092.8,1.992946,60.11424,0,14979.4,4.083275,59.90708,0,15357.1,-0.102861,60.04196,0,0.431897,3.179887,0.33221,0,0.0654852,-0.006330,-1.51666,0,0.00993724,3.175981,-3.14092,0,PMU
554,4.625000,15144.8,1.988918,59.92307,0,15005.4,4.090093,60.13022,0,15261.6,-0.103227,59.99301,0,0.431739,0.033168,-0.09792,0,0.0719887,3.217604,1.57261,0,0.00602851,0.092119,1.10257,0,PMU
555,4.633333,15091.1,1.995021,60.11657,0,14977,4.085332,59.90908,0,15355.1,-0.100847,60.04546,0,0.415855,3.172563,-0.04196,0,0.0652228,-0.009687,-1.63673,0,0.00874555,3.188674,-0.86015,0,PMU
556,4.641667,15143.2,1.990688,59.91724,0,15004.6,4.091863,60.12473,0,15259.5,-0.101457,59.98834,0,0.419304,0.025966,-0.09558,0,0.06868,3.221932,1.71938,0,0.0111249,-0.233068,-5.35046,0,PMU
557,4.650000,15093.6,1.996791,60.11657,0,14979.3,4.087163,59.91024,0,15356.2,-0.099077,60.04546,0,0.40587,3.172502,0.09442,0,0.0617814,0.021571,-1.12239,0,0.0112421,3.282032,7.13345,0,PMU
558,4.658333,15146.1,1.992946,59.92656,0,15007.7,4.094121,60.13289,0,15261.8,-0.099077,60.00000,0,0.421603,0.026149,-0.09092,0,0.066759,3.204421,0.78795,0,0.00711616,-0.125137,-5.07212,0,PMU
559,4.666667,15093,1.998866,60.11307,0,14979.6,4.089239,59.90675,0,15354.9,-0.096941,60.04080,0,0.396522,3.179521,0.22497,0,0.0615883,0.020168,-0.81476,0,0.009485,3.126613,2.10384,0,PMU
560,4.675000,15145.4,1.994960,59.92540,0,15006.8,4.096074,60.13056,0,15261.4,-0.097124,59.99650,0,0.401286,0.029872,-0.15387,0,0.0624147,3.204604,0.81826,0,0.00777334,-0.026027,-0.21099,0,PMU
561,4.683333,15092.5,2.000881,60.11307,0,14978.5,4.091070,59.90441,0,15355.5,-0.095049,60.03963,0,0.389213,3.179094,0.14571,0,0.0598306,-0.000043,-1.20426,0,0.00958008,3.172746,1.09207,0,PMU
562,4.691667,15146.6,1.996914,59.92424,0,15006.3,4.097967,60.13172,0,15262.4,-0.095293,59.99534,0,0.38938,0.034449,-0.05828,0,0.0599512,3.223763,1.57017,0,0.00773407,-0.026332,-1.09790,0,PMU
563,4.700000,15092.1,2.002773,60.11190,0,14977.1,4.093023,59.90558,0,15354.1,-0.093157,60.04080,0,0.373282,3.171770,-0.08159,0,0.0557344,0.004377,-1.48575,0,0.00934335,3.199722,1.61308,0,PMU
564,4.708333,15148.1,1.998988,59.92773,0,15006.7,4.100041,60.13405,0,15263.7,-0.093279,59.99767,0,0.379636,0.029445,-0.01399,0,0.0573198,3.208876,1.20143,0,0.0105574,-0.066979,-2.38938,0,PMU
565,4.716667,15091.8,2.004726,60.10957,0,14976.2,4.095037,59.90442,0,15353.3,-0.091265,60.03846,0,0.366017,3.172136,0.02098,0,0.0543497,0.015651,-0.98612,0,0.00930593,3.148899,1.41874,0,PMU
566,4.725000,15146.8,2.000820,59.92540,0,15005.2,4.101995,60.13288,0,15261.2,-0.091387,59.99767,0,0.376205,0.020412,-0.19350,0,0.054166,3.254706,1.86139,0,0.00604023,0.139645,2.52749,0,PMU
567,4.733333,15093.5,2.006740,60.11307,0,14979,4.097051,59.90558,0,15355.4,-0.089190,60.04196,0,0.360569,3.178667,0.31823,0,0.0470796,0.017787,-1.82059,0,0.00920968,3.286975,0.10957,0,PMU
568,4.741667,15150.2,2.003261,59.93356,0,15008.7,4.104375,60.13988,0,15265.5,-0.089007,60.00350,0,0.371555,0.033534,-0.06761,0,0.0489727,3.220406,1.16552,0,0.00867509,-0.132888,-5.31458,0,PMU
569,4.750000,15089.8,2.008876,60.10724,0,14975.7,4.099126,59.89976,0,15352.7,-0.087053,60.03730,0,0.34692,3.180376,0.10025,0,0.0454449,0.011640,-1.28292,0,0.00937825,3.105373,1.84623,0,PMU
570,4.758333,15148.8,2.004909,59.92423,0,15006.7,4.105901,60.12939,0,15264,-0.087481,59.99184,0,0.355321,0.031642,-0.13638,0,0.0484351,3.204482,0.97879,0,0.00711358,-0.142453,-2.02891,0,PMU
571,4.766667,15092.4,2.011012,60.11657,0,14977.7,4.101140,59.90908,0,15355.8,-0.085100,60.04546,0,0.336942,3.171099,-0.04079,0,0.046144,0.016017,-0.89519,0,0.00974096,3.263922,5.05697,0,PMU
572,4.775000,15146.2,2.006496,59.91374,0,15002,4.107549,60.12240,0,15258.8,-0.085894,59.98485,0,0.342293,0.035609,0.11656,0,0.046749,3.214064,1.07820,0,0.00897925,0.087114,-0.67255,0,PMU
573,4.783333,15094.8,2.012599,60.11657,0,14980.2,4.102788,59.90908,0,15357,-0.083391,60.04779,0,0.324549,3.175066,-0.04080,0,0.0405334,0.028285,-0.84390,0,0.00899365,2.990961,-4.54062,0,PMU
574,4.791667,15147.6,2.008449,59.92073,0,15005.4,4.109502,60.12822,0,15261.2,-0.083941,59.98951,0,0.332257,0.035060,0.03031,0,0.0441478,3.198745,0.55132,0,0.0103397,0.178217,6.28055,0,PMU
575,4.800000,15092.8,2.014352,60.11275,0,14979.2,4.104619,59.90675,0,15355.6,-0.081560,60.04546,0,0.317679,3.179948,0.06295,0,0.037836,0.041163,-0.30537,0,0.00947141,3.261419,-1.11517,0,PMU
576,4.808333,15147.1,2.010036,59.91756,0,15004.3,4.111089,60.12356,0,15260.3,-0.082293,59.98601,0,0.325284,0.034755,-0.06877,0,0.0424939,3.208510,0.49187,0,0.00953049,-0.089800,-4.00358,0,PMU
577,4.816667,15096,2.016183,60.11741,0,14981.7,4.106389,59.91024,0,15359,-0.079790,60.04779,0,0.30866,3.172990,-0.06411,0,0.0348416,-0.017299,-1.60842,0,0.0092877,3.006263,-0.86955,0,PMU
578,4.825000,15147.9,2.012050,59.92106,0,15005.5,4.113042,60.12706,0,15262.1,-0.080279,59.99067,0,0.312209,0.036525,0.09792,0,0.0400675,3.266363,2.71332,0,0.00936062,0.079912,4.11081,0,PMU
579,4.833333,15096.7,2.018136,60.11624,0,14982.6,4.108342,59.91024,0,15360,-0.077776,60.04779,0,0.296962,3.165544,-0.24013,0,0.0347921,-0.021327,-2.79026,0,0.00961072,3.164751,-1.08392,0,PMU
580,4.841667,15147.7,2.014108,59.92306,0,15004.1,4.115115,60.12935,0,15261.2,-0.078264,59.99067,0,0.311865,0.029140,0.09908,0,0.0372984,3.296252,3.36110,0,0.00880872,-0.000532,-0.45245,0,PMU
581,4.850000,15095.4,2.019845,60.10957,0,14979.7,4.110112,59.90446,0,15356.5,-0.076073,60.04185,0,0.289306,3.176103,0.10258,0,0.0329923,0.005476,-2.84921,0,0.00955523,3.078886,-1.18745,0,PMU
582,4.858333,15150.8,2.016244,59.93122,0,15005.9,4.117312,60.13751,0,15264.4,-0.076256,59.99650,0,0.30912,0.010969,-0.44962,0,0.0366148,3.234810,1.67575,0,0.00974941,-0.002973,1.14082,0,PMU
583,4.866667,15091.3,2.021737,60.10491,0,14976.7,4.112065,59.89979,0,15352.8,-0.074181,60.03963,0,0.301596,3.186601,0.65011,0,0.0308523,-0.013105,-2.03061,0,0.0105974,3.310168,3.27634,0,PMU
584,4.875000,15149.2,2.017831,59.92540,0,15004.9,4.118899,60.13052,0,15262.6,-0.074608,59.99184,0,0.295843,0.043849,-0.02215,0,0.0329677,3.233529,2.00613,0,0.00866873,-0.188715,-6.82375,0,PMU
585,4.883333,15093.4,2.023691,60.11191,0,14979.4,4.113896,59.90446,0,15356.1,-0.072289,60.04430,0,0.276774,3.173845,-0.22148,0,0.0307626,0.039759,-0.99650,0,0.00783414,2.946774,-0.11657,0,PMU
586,4.891667,15147.8,2.019601,59.92190,0,15003.4,4.120486,60.12585,0,15261.5,-0.073021,59.98601,0,0.282732,0.034144,0.03614,0,0.0311729,3.185686,0.08276,0,0.00951708,0.204689,7.63003,0,PMU
587,4.900000,15091.1,2.025033,60.10375,0,14977.2,4.115115,59.89742,0,15353.8,-0.071068,60.03730,0,0.26421,3.175554,-0.00350,0,0.0303331,0.004926,-0.74803,0,0.0110039,3.123134,-4.26180,0,PMU
588,4.908333,15152.8,2.021371,59.93006,0,15007.1,4.122195,60.13522,0,15265.4,-0.071373,59.99417,0,0.276707,0.023402,-0.20166,0,0.030435,3.180925,0.65711,0,0.00995287,0.028651,0.89973,0,PMU
589,4.916667,15089.6,2.027047,60.10841,0,14975.6,4.117129,59.90325,0,15351.3,-0.069115,60.04313,0,0.2637,3.174577,0.18301,0,0.0283132,-0.016200,-1.06059,0,0.00948116,3.143711,-0.50674,0,PMU
590,4.925000,15150.4,2.022958,59.92190,0,15005.2,4.123843,60.12822,0,15262.4,-0.069725,59.98834,0,0.263285,0.015834,-0.32755,0,0.0308646,3.198806,1.40210,0,0.00879003,0.048180,0.87971,0,PMU
591,4.933333,15091.5,2.029122,60.11773,0,14977.3,4.119204,59.91141,0,15353.9,-0.067040,60.05129,0,0.294292,3.123012,-0.65727,0,0.027035,0.027858,-0.56065,0,0.00788801,3.291553,1.94386,0,PMU
592,4.941667,15146.5,2.024728,59.91608,0,15000.7,4.125613,60.12240,0,15257.8,-0.067955,59.98251,0,0.279907,0.080767,1.89740,0,0.0289819,3.207534,0.72733,0,0.00935061,-0.152280,-5.77236,0,PMU
593,4.950000,15091.3,2.030770,60.11540,0,14977.3,4.120913,59.91024,0,15353.8,-0.065270,60.05129,0,0.260961,3.147129,-1.43679,0,0.0262503,0.014265,-0.98695,0,0.0082421,3.302234,5.97635,0,PMU
594,4.958333,15148.5,2.026681,59.92190,0,15002.8,4.127505,60.12589,0,15260.2,-0.066002,59.98601,0,0.297731,-0.000837,-0.12172,0,0.0306222,3.205825,0.95431,0,0.0089126,-0.268694,-8.19971,0,PMU
595,4.966667,15093.2,2.032846,60.11773,0,14978.8,4.122927,59.91257,0,15356.3,-0.063256,60.05246,0,0.261771,3.213515,1.38960,0,0.0264789,-0.084185,-2.83455,0,0.0102741,3.124599,4.80713,0,PMU
596,4.975000,15148.4,2.028695,59.92074,0,15002.3,4.129458,60.12473,0,15260.7,-0.064049,59.98485,0,0.260767,0.044825,-0.51752,0,0.0305175,3.249823,3.67485,0,0.0101046,-0.117019,-1.91034,0,PMU
597,4.983333,15096.4,2.034738,60.11540,0,14980.9,4.124819,59.91141,0,15359,-0.061364,60.05128,0,0.245917,3.169756,-0.31823,0,0.0212062,0.057763,-0.96386,0,0.0115523,3.209975,3.54091,0,PMU
598,4.991667,15148.8,2.030831,59.92540,0,15002.1,4.131655,60.13055,0,15260.7,-0.061852,59.99068,0,0.25664,-0.016322,-0.84961,0,0.0234857,3.294910,1.82496,0,0.00906462,0.021449,-0.89636,0,PMU
599,5.000000,15095.9,2.036569,60.10957,0,14980.5,4.126773,59.90675,0,15357.5,-0.059411,60.04662,0,0.256111,3.194778,1.32749,0,0.0170772,0.014020,-2.66037,0,0.0108426,3.036290,-2.42078,0,PMU
600,5.008333,15151.1,2.032846,59.92889,0,15004.2,4.133791,60.13405,0,15262.9,-0.059838,59.99184,0,0.249165,0.049340,-0.07344,0,0.0198203,3.257635,1.94848,0,0.00893278,0.039454,2.76465,0,PMU
601,5.016667,15095.6,2.038766,60.11307,0,14980.8,4.128970,59.90792,0,15357.9,-0.057213,60.05012,0,0.238657,3.153355,-0.71768,0,0.0161369,-0.060265,-3.36723,0,0.010248,3.187395,0.12123,0,PMU
602,5.025000,15149.8,2.034860,59.92540,0,15002.7,4.135806,60.13055,0,15260.5,-0.057824,59.98834,0,0.250633,0.034999,0.44379,0,0.0208388,3.246712,3.15861,0,0.011136,-0.039149,-1.62245,0,PMU
603,5.033333,15093.3,2.040597,60.10957,0,14977,4.130801,59.90441,0,15354.4,-0.055565,60.04313,0,0.229512,3.180986,0.08393,0,0.0160196,-0.039393,-2.75999,0,0.0105996,3.138009,0.67925,0,PMU
604,5.041667,15150.9,2.036813,59.92773,0,15001.9,4.137637,60.13056,0,15262.6,-0.056115,59.98951,0,0.233127,0.032130,-0.13872,0,0.0181299,3.345061,4.63831,0,0.00869045,-0.033778,-0.57667,0,PMU
605,5.050000,15090.4,2.042245,60.10375,0,14973.1,4.132510,59.90208,0,15350,-0.053978,60.04080,0,0.2321,3.141697,-0.61165,0,0.0151862,-0.021510,-4.29677,0,0.0110532,3.265325,3.00823,0,PMU
606,5.058333,15153,2.038583,59.93006,0,15003.1,4.139407,60.13172,0,15263.6,-0.054406,59.99184,0,0.240875,0.032130,0.61165,0,0.0186952,3.151280,0.59582,0,0.009052,0.094560,-0.55715,0,PMU
607,5.066667,15093.7,2.044501,60.11303,0,14976.9,4.134707,59.91024,0,15354.1,-0.051781,60.05012,0,0.262055,3.007179,-3.18076,0,0.0154899,0.066490,1.08487,0,0.0121698,3.098537,-2.62827,0,PMU
608,5.075000,15149.1,2.040536,59.92427,0,14999.5,4.141421,60.12822,0,15259.6,-0.052392,59.98834,0,0.328852,0.015529,2.86369,0,0.0164691,3.212294,0.08043,0,0.0103164,0.040675,1.59913,0,PMU
609,5.083333,15088,2.045844,60.10137,0,14972.9,4.136111,59.89859,0,15348.2,-0.050316,60.03963,0,0.280699,3.273382,2.22041,0,0.0151265,0.009687,-1.16530,0,0.0100906,3.123683,-1.11888,0,PMU
610,5.091667,15154.4,2.042245,59.93127,0,15004.4,4.143191,60.13522,0,15263.7,-0.050683,59.99301,0,0.234386,0.090166,-0.79494,0,0.0148934,3.204116,1.00910,0,0.00988874,0.152951,3.26319,0,PMU
611,5.100000,15092.1,2.048468,60.11886,0,14976.7,4.138491,59.91024,0,15354.2,-0.047814,60.05479,0,0.222229,3.186784,-0.85895,0,0.0136585,0.002058,-1.15481,0,0.0102621,3.068144,-4.32391,0,PMU
612,5.108333,15149.8,2.043893,59.91262,0,14998.3,4.144717,60.11890,0,15260.6,-0.048974,59.97785,0,0.222753,0.033351,-0.22614,0,0.0157658,3.177385,0.64428,0,0.0110567,-0.032985,0.77280,0,PMU
613,5.116667,15094.5,2.049994,60.11653,0,14977.5,4.139956,59.90908,0,15354.9,-0.046046,60.05591,0,0.208921,3.124416,-0.96501,0,0.014625,-0.011457,-0.90239,0,0.0103963,3.118495,0.18884,0,PMU
614,5.125000,15151.8,2.045966,59.92306,0,14999.7,4.146725,60.12928,0,15262.3,-0.047082,59.98022,0,0.236936,-0.029323,-0.23197,0,0.0163856,3.224801,1.80797,0,0.0107232,0.009748,0.62730,0,PMU
615,5.133333,15094.5,2.051886,60.11307,0,14977,4.141970,59.90919,0,15355.6,-0.044337,60.05241,0,0.26451,3.202468,1.72266,0,0.0137234,0.053795,-0.56174,0,0.00916449,3.189895,0.73633,0,PMU
616,5.141667,15150.3,2.047736,59.92073,0,14999.7,4.148556,60.12578,0,15259.6,-0.045192,59.98368,0,0.222013,0.104021,0.82402,0,0.0145584,3.188430,-0.13289,0,0.0101927,-0.047936,-1.83802,0,PMU
617,5.150000,15096.3,2.053900,60.11773,0,14980.7,4.143984,59.91268,0,15357.9,-0.042201,60.05712,0,0.195762,3.195632,-0.95457,0,0.0127641,0.196649,2.86120,0,0.0134082,3.136422,0.81676,0,PMU
618,5.158333,15150.1,2.049933,59.92423,0,14999.9,4.150692,60.12812,0,15260.2,-0.042994,59.98485,0,0.201422,0.022731,-0.59795,0,0.0119469,3.334275,-0.07577,0,0.0110803,-0.020595,-0.29458,0,PMU
619,5.166667,15093,2.055731,60.11074,0,14977.5,4.145809,59.90675,0,15354.4,-0.040370,60.05012,0,0.189574,3.143345,-0.40066,0,0.00736311,-0.192438,-7.35525,0,0.00965059,3.275579,2.95229,0,PMU
620,5.175000,15150.1,2.051703,59.92307,0,14999,4.152462,60.12706,0,15260.1,-0.041285,59.98251,0,0.207774,0.050133,0.92401,0,0.012302,3.317063,7.02653,0,0.0120398,-0.066063,-3.82067,0,PMU
621,5.183333,15094.1,2.057563,60.11191,0,14977.6,4.147763,59.91024,0,15354.9,-0.038539,60.05246,0,0.184294,3.190994,-0.01399,0,0.00670436,0.217384,0.80049,0,0.00952113,3.251166,3.35440,0,PMU
622,5.191667,15149.6,2.053534,59.92306,0,14998.3,4.154354,60.12589,0,15259.9,-0.039393,59.98368,0,0.19136,0.028590,-0.39745,0,0.00973482,3.263006,-1.83290,0,0.00949133,-0.117935,-4.34507,0,PMU
623,5.200000,15095.6,2.059394,60.11191,0,14978.6,4.149655,59.91024,0,15356.5,-0.036586,60.05362,0,0.184066,3.167620,-0.04896,0,0.00798991,-0.069847,-3.65281,0,0.011324,3.124843,1.93249,0,PMU
624,5.208333,15149.8,2.055609,59.92773,0,14997.4,4.156552,60.13172,0,15259.6,-0.037318,59.98601,0,0.188705,0.021632,-0.08393,0,0.0080148,3.509014,8.35122,0,0.0102364,0.100298,2.23544,0,PMU
625,5.216667,15092.4,2.061163,60.10607,0,14975.9,4.151486,59.90325,0,15352.6,-0.034816,60.04779,0,0.181863,3.183794,0.39283,0,0.00642506,-0.198725,-10.81259,0,0.0107922,3.205703,-0.69113,0,PMU
626,5.225000,15152,2.057501,59.93006,0,14999.3,4.158444,60.13289,0,15261.9,-0.035487,59.98718,0,0.189282,0.039454,-0.05246,0,0.0112497,3.183977,4.60483,0,0.0104912,-0.060936,-2.38821,0,PMU
627,5.233333,15089.2,2.063055,60.10607,0,14973.8,4.153378,59.90325,0,15350.1,-0.032924,60.04896,0,0.169779,3.184770,0.07111,0,0.0126479,0.052392,0.19113,0,0.0131704,3.179338,1.88468,0,PMU
628,5.241667,15152.3,2.059333,59.92890,0,15000.2,4.160214,60.13056,0,15263.4,-0.033717,59.98485,0,0.176188,0.037318,-0.11191,0,0.0127703,3.449225,4.87474,0,0.0102688,-0.107742,-2.77860,0,PMU
629,5.250000,15089.3,2.064947,60.10724,0,14973.7,4.155209,59.90441,0,15350.6,-0.031154,60.04896,0,0.165579,3.167009,-0.22730,0,0.0089051,-0.241124,-10.48048,0,0.012331,3.245797,4.04787,0,PMU
630,5.258333,15152.5,2.061102,59.92656,0,14998.6,4.161983,60.12939,0,15262.7,-0.032069,59.98251,0,0.171395,0.020839,-0.08743,0,0.00792635,3.703656,15.33975,0,0.0106479,0.067528,-0.70046,0,PMU
631,5.266667,15092,2.066717,60.10724,0,14975,4.157040,59.90558,0,15353,-0.029445,60.05012,0,0.171312,3.159136,-0.06295,0,0.0067221,-0.050438,-11.69791,0,0.0107109,3.221078,0.22836,0,PMU
632,5.275000,14496.5,2.060553,59.88227,0,14530.5,4.148190,59.83098,0,15091.8,-0.023402,60.11540,0,40.2848,1.780917,33.67797,1,63.3357,4.166561,20.53876,1,10.6862,0.467115,127.40319,0,PMU
633,5.283333,14269.9,2.071173,60.20283,0,12237.1,4.196649,60.92550,0,13521,-0.000166,60.44379,0,114.75,1.561781,55.81480,1,942.743,2.878679,35.40327,1,456.16,-1.053775,30.95315,1,POW
634,5.291667,14424.3,2.021188,59.04536,0,13872.4,4.143435,58.98369,0,14017,-0.102861,58.03866,0,221.218,0.947707,48.27205,1,159.456,2.201437,47.06562,1,347.819,-1.545441,50.60987,1,POW
635,5.300000,14735.6,2.069342,60.91967,0,13436.7,4.196771,61.01864,0,14368.4,-0.014753,61.68274,0,63.9088,1.810517,76.47846,1,490.149,2.770753,70.87315,1,227.987,-1.156520,67.42784,1,POW
636,5.308333,14566.2,2.035531,59.35426,0,14159.7,4.156430,59.22954,0,14333.1,-0.073326,58.88133,0,159.58,1.159083,47.55854,1,100.083,2.598572,56.71159,1,225.656,-1.363727,56.04263,1,POW
637,5.316667,14669.8,2.061896,60.50353,0,13856,4.179926,60.44874,0,14555.6,-0.023524,60.95114,0,105.168,1.527924,67.04434,1,332.723,2.821815,64.26361,1,186.952,-1.138088,64.30940,1,POW
638,5.325000,14539.8,2.038888,59.56058,0,14209.3,4.156124,59.54543,0,14403.2,-0.063317,59.24003,0,168.501,1.186486,53.47901,1,124.303,2.955075,62.54509,1,205.481,-1.186791,59.06984,1,POW
639,5.333333,14639.8,2.056586,60.33801,0,14048.2,4.168941,60.24479,0,14623.2,-0.029933,60.63758,0,124.941,1.404357,64.16103,1,262.396,2.869419,58.36409,1,178.724,-1.161828,60.47676,1,POW
640,5.341667,14521.1,2.041024,59.70279,0,14240.4,4.155392,59.74122,0,14469.1,-0.058373,59.45684,0,176.154,1.272747,57.48643,1,128.346,3.188186,66.08799,1,190.177,-1.094955,61.27717,1,POW
641,5.350000,14531.7,2.049445,60.16082,0,14128,4.156796,60.02681,0,14627.7,-0.039576,60.35899,0,167.319,1.360431,61.67465,1,239.319,3.037877,57.12931,1,186.587,-0.987072,62.06042,1,POW
642,5.358333,14519.2,2.041268,59.84384,0,14262.9,4.155209,59.96969,0,14519.4,-0.055443,59.69696,0,188.074,1.231693,57.54128,1,149.755,3.209426,63.27634,1,186.594,-1.037967,59.02798,1,POW
643,5.366667,14546.3,2.051520,60.19579,0,14209.8,4.156307,60.02098,0,14678.4,-0.038905,60.31586,0,162.54,1.367084,62.58578,1,204.05,3.050023,56.95562,1,172.443,-1.010564,60.52334,1,POW
644,5.375000,14535.1,2.044076,59.85783,0,14294.5,4.156063,59.99534,0,14558.9,-0.051903,59.75175,0,184.727,1.254864,57.85675,1,154.612,3.271490,64.22971,1,180.518,-0.962050,60.92656,1,POW
645,5.383333,14556.9,2.052802,60.16665,0,14262.5,4.154904,59.97785,0,14715.1,-0.039759,60.23193,0,162.158,1.346454,61.74926,1,189.918,3.099026,56.70617,1,166.032,-0.981823,59.62236,1,POW
646,5.391667,14561.3,2.046332,59.87644,0,14328.8,4.157711,60.05362,0,14602.1,-0.048913,59.82519,0,177.76,1.295937,59.03520,1,148.628,3.309497,64.01971,1,172.567,-0.918062,61.21775,1,POW
647,5.400000,14575.1,2.054328,60.15270,0,14310.1,4.154293,59.93472,0,14744.8,-0.039515,60.17947,0,160.833,1.350727,61.04640,1,177.896,3.158342,57.11316,1,160.587,-0.948378,59.42099,1,POW
648,5.408333,14581.1,2.049140,59.90092,0,14352,4.159054,60.09092,0,14633.9,-0.046471,59.86715,0,172.758,1.304421,59.11563,1,147.891,3.345000,63.56490,1,167.375,-0.876638,61.37013,1,POW
649,5.416667,14581.5,2.056037,60.13172,0,14344.6,4.154415,59.91141,0,14765,-0.038783,60.14683,0,159.368,1.363788,61.13382,1,168.716,3.206618,57.35711,1,157.059,-0.912080,59.32311,1,POW
650,5.425000,14599,2.051215,59.90791,0,14376.2,4.160397,60.11424,0,14660.7,-0.043971,59.90092,0,169.671,1.310996,58.99174,1,147.509,3.362028,62.96811,1,162.631,-0.852591,61.13616,1,POW
651,5.433333,14598.2,2.057929,60.12822,0,14379,4.155331,59.90325,0,14791.5,-0.037440,60.12473,0,155.196,1.380983,61.33666,1,158.324,3.237496,57.62161,1,150.621,-0.891148,59.26362,1,POW
652,5.441667,14619.2,2.053473,59.91491,0,14401.2,4.162045,60.12822,0,14685.5,-0.041163,59.92889,0,164.86,1.326071,58.95126,1,145.937,3.378506,62.69309,1,158.232,-0.825494,61.25390,1,POW
653,5.450000,14613.1,2.060248,60.12939,0,14407.6,4.156857,59.90092,0,14813.1,-0.035365,60.11074,0,151.077,1.378419,60.99978,1,150.637,3.254217,57.62627,1,144.983,-0.889988,58.76825,1,POW
654,5.458333,14642.1,2.056342,59.92540,0,14427.7,4.164242,60.14104,0,14713,-0.038051,59.94871,0,159.067,1.335409,59.17857,1,141.439,3.387111,62.53809,1,152.511,-0.812450,61.48087,1,POW
655,5.466667,14629,2.063055,60.12822,0,14435.9,4.158932,59.89859,0,14837,-0.032863,60.09908,0,147.237,1.381410,60.87855,1,143.601,3.270452,57.77197,1,139.53,-0.882053,58.67067,1,POW
656,5.475000,14655.4,2.058478,59.91258,0,14445.3,4.166012,60.13521,0,14727.6,-0.035609,59.94754,0,154.506,1.348713,59.37553,1,137.519,3.399257,62.45999,1,147.812,-0.794689,61.66854,1,POW
657,5.483333,14647.6,2.065009,60.12472,0,14462.3,4.160458,59.89393,0,14856.6,-0.031032,60.08743,0,143.978,1.393556,60.85644,1,138.038,3.296130,58.03042,1,135.488,-0.862356,58.70764,1,POW
658,5.491667,14673.3,2.060431,59.91257,0,14464.9,4.167599,60.13638,0,14744.2,-0.033534,59.95221,0,150.329,1.368366,59.51890,1,134.819,3.419625,62.35858,1,144.506,-0.770492,61.75448,1,POW
659,5.500000,14664.3,2.066534,60.11657,0,14485.6,4.161495,59.88343,0,14874.4,-0.029628,60.07460,0,140.875,1.415404,60.89837,1,133.534,3.326401,58.21955,1,132.134,-0.838006,58.71059,1,POW
660,5.508333,14694.7,2.062567,59.92423,0,14486.4,4.169186,60.14688,0,14766.6,-0.031337,59.96737,0,147.489,1.392213,59.55708,1,133.201,3.440924,62.18722,1,142.445,-0.743777,61.79964,1,POW
661,5.516667,14675.5,2.068549,60.11424,0,14501.8,4.163082,59.88343,0,14887.3,-0.027675,60.06994,0,138.685,1.426634,60.65740,1,130.208,3.350676,58.27639,1,129.515,-0.819085,58.56171,1,POW
662,5.525000,14709.1,2.064154,59.91607,0,14500.3,4.170406,60.13988,0,14780.7,-0.029567,59.96386,0,144.158,1.413329,59.74589,1,130.646,3.462164,62.12926,1,139.833,-0.722051,61.85322,1,POW
663,5.533333,14693.6,2.070258,60.11657,0,14522.6,4.164364,59.88460,0,14905,-0.025905,60.06994,0,136.036,1.446636,60.63612,1,127.297,3.382351,58.47568,1,126.993,-0.797008,58.56842,1,POW
664,5.541667,14729,2.066534,59.92889,0,14519.6,4.172420,60.15387,0,14799.3,-0.027003,59.97902,0,140.604,1.432537,59.73073,1,128.31,3.483443,61.93072,1,137.113,-0.703191,61.79177,1,POW
665,5.550000,14713.3,2.072638,60.11657,0,14543.1,4.166439,59.88576,0,14922.6,-0.023585,60.06528,0,131.869,1.459087,60.50707,1,123.114,3.403652,58.47610,1,123.535,-0.781051,58.51298,1,POW
666,5.558333,14747.3,2.069159,59.93356,0,14538,4.174740,60.15853,0,14818.2,-0.024440,59.98368,0,136.252,1.448467,59.79717,1,124.335,3.501995,61.87823,1,133.517,-0.683372,61.86554,1,POW
667,5.566667,14725.7,2.074957,60.11074,0,14561.3,4.168697,59.88460,0,14937.1,-0.021083,60.06411,0,128.068,1.466898,60.35199,1,118.883,3.419686,58.42802,1,119.646,-0.765366,58.43403,1,POW
668,5.575000,14764,2.071417,59.93239,0,14556.9,4.177118,60.16082,0,14837.1,-0.021693,59.98834,0,131.688,1.464639,59.95687,1,118.935,3.516827,61.85524,1,128.065,-0.670189,61.81775,1,POW
669,5.583333,14742.6,2.077320,60.11274,0,14583.6,4.171017,59.88347,0,14956.8,-0.018398,60.06295,0,123.833,1.491006,60.50357,1,113.676,3.438727,58.50841,1,114.863,-0.744326,58.58408,1,POW
670,5.591667,14785.4,2.074225,59.94088,0,14577.5,4.179804,60.16782,0,14861.1,-0.018764,59.99301,0,127.346,1.477823,59.74822,1,114.186,3.528711,61.71857,1,122.502,-0.656214,61.68282,1,POW
671,5.600000,14759.6,2.080250,60.11507,0,14603.1,4.173641,59.88231,0,14978.7,-0.015346,60.06528,0,119.115,1.506320,60.54426,1,108.178,3.453863,58.57052,1,108.867,-0.731570,58.56080,1,POW
672,5.608333,14801.6,2.076954,59.93705,0,14594.1,4.182306,60.16549,0,14882.4,-0.015651,59.99417,0,122.347,1.487527,59.64108,1,109.332,3.539392,61.63347,1,115.849,-0.644800,61.65718,1,POW
673,5.616667,14774.7,2.082752,60.11074,0,14621.2,4.176022,59.87998,0,14998.2,-0.012434,60.06145,0,113.85,1.517062,60.56407,1,102.626,3.463363,58.54795,1,101.596,-0.731265,58.34865,1,POW
674,5.625000,14823,2.079823,59.94405,0,14615.3,4.185114,60.17364,0,14905.2,-0.012189,60.00466,0,116.879,1.499789,59.67012,1,104.099,3.547876,61.61408,1,108.455,-0.641444,61.71546,1,POW
675,5.633333,14790,2.085865,60.11540,0,14639.6,4.178949,59.88227,0,15014.8,-0.008832,60.06411,0,108.802,1.527436,60.52801,1,97.4766,3.470687,58.52580,1,95.2056,-0.730532,58.29853,1,POW
676,5.641667,14827.9,2.083118,59.94754,0,14615.3,4.187555,60.16436,0,14915.6,-0.009321,59.99067,0,114.031,1.495395,59.38806,1,101.774,3.562522,61.75392,1,103.329,-0.631800,61.88565,1,POW
677,5.650000,14746.4,2.088490,60.10258,0,14591.1,4.181329,59.88110,0,14970.7,-0.007551,60.03380,0,116.601,1.450359,59.13988,1,114.746,3.401332,56.92151,1,111.445,-0.707341,58.55727,1,POW
678,5.658333,14786.5,2.083363,59.90208,0,14581.5,4.188531,60.13755,0,14872.4,-0.008222,59.98718,0,122.502,1.455303,60.09442,1,105.295,3.499737,61.87939,1,110.353,-0.719243,59.77269,1,POW
679,5.666667,14751.9,2.088429,60.09675,0,14617.6,4.181390,59.86362,0,14986.3,-0.006330,60.03614,0,119.071,1.489907,60.66089,1,106.98,3.469893,59.43003,1,106.144,-0.721379,59.95920,1,POW
680,5.675000,14789.7,2.085743,59.94871,0,14591,4.190668,60.17718,0,14876.9,-0.005353,60.01865,0,123.133,1.438763,59.02321,1,111.141,3.487288,60.33221,1,112.263,-0.700261,60.40332,1,POW
681,5.683333,14762.5,2.090870,60.09792,0,14627.6,4.183771,59.86828,0,14997.5,-0.003645,60.03264,0,114.011,1.468362,60.56531,1,99.5216,3.454046,59.36513,1,98.4351,-0.774887,58.57476,1,POW
682,5.691667,14812.6,2.088001,59.94521,0,14613.7,4.192682,60.17018,0,14900.1,-0.003095,60.01049,0,116.336,1.477457,60.17369,1,104.356,3.519573,61.25147,1,106.485,-0.661277,62.16978,1,POW
683,5.700000,14781.9,2.093006,60.09558,0,14648.5,4.185724,59.86712,0,15016.1,-0.001447,60.03147,0,111.295,1.501620,60.46149,1,96.4031,3.492718,59.48711,1,95.3097,-0.737917,58.53629,1,POW
684,5.708333,14825.3,2.089832,59.93939,0,14629,4.194513,60.16785,0,14910.6,-0.001203,60.00466,0,114.774,1.504245,60.05012,1,102.428,3.545190,61.00214,1,105.562,-0.632960,62.00454,1,POW
685,5.716667,14792,2.094837,60.09558,0,14662.2,4.187738,59.87061,0,15025.3,0.000532,60.03313,0,109.877,1.516879,60.24129,1,94.2012,3.508892,59.30676,1,93.9978,-0.719975,58.33812,1,POW
686,5.725000,14838.7,2.091968,59.94521,0,14645.4,4.196771,60.17252,0,14924.6,0.001081,60.01049,0,112.266,1.523288,60.12240,1,98.5768,3.560630,60.98812,1,102.817,-0.618268,61.94248,1,POW
687,5.733333,14806.8,2.097278,60.10141,0,14678.6,4.190302,59.87644,0,15040.9,0.003156,60.03963,0,107.085,1.536835,60.25874,1,90.4982,3.523767,59.29598,1,90.8487,-0.701787,58.40489,1,POW
688,5.741667,14854.6,2.094471,59.94638,0,14662.3,4.199273,60.17135,0,14942,0.003645,60.00933,0,108.942,1.543183,60.12123,1,94.2655,3.582114,61.11434,1,99.0092,-0.598554,61.97162,1,POW
689,5.750000,14820.2,2.099476,60.09559,0,14693.6,4.192376,59.86828,0,15054.9,0.005415,60.03380,0,103.294,1.562574,60.37035,1,86.5506,3.552878,59.44164,1,87.0844,-0.675865,58.52347,1,POW
690,5.758333,14875.3,2.096729,59.94754,0,14681.8,4.201349,60.17136,0,14961.5,0.005842,60.00816,0,105.267,1.572915,60.19749,1,90.5212,3.618227,61.24807,1,95.3195,-0.570114,62.01969,1,POW
691,5.766667,14835.6,2.101734,60.09559,0,14708.8,4.194635,59.87178,0,15069.1,0.007673,60.03497,0,99.798,1.595053,60.42281,1,83.0793,3.590642,59.47316,1,83.3637,-0.641993,58.62721,1,POW
692,5.775000,14896.1,2.098804,59.94405,0,14702.2,4.203485,60.16902,0,14981.1,0.007917,60.00466,0,101.502,1.606222,60.21332,1,86.705,3.653976,61.20959,1,91.47,-0.537222,62.00098,1,POW
693,5.783333,14858.7,2.104358,60.10608,0,14731.1,4.197198,59.87994,0,15092.4,0.010236,60.04430,0,95.9056,1.628864,60.43243,1,79.2086,3.622866,59.40584,1,79.3137,-0.607282,58.66196,1,POW
694,5.791667,14913.6,2.101429,59.94405,0,14719,4.206048,60.16902,0,14998.7,0.010602,60.00699,0,97.279,1.639789,60.20865,1,82.4171,3.689984,61.28187,1,87.25,-0.502574,61.99977,1,POW
695,5.800000,14870.9,2.106311,60.09325,0,14744.6,4.199151,59.86828,0,15106.1,0.012250,60.03147,0,91.5526,1.662305,60.43003,1,74.9924,3.659042,59.40905,1,74.8651,-0.571151,58.69027,1,POW
696,5.808333,14933.6,2.103382,59.94405,0,14738.6,4.207862,60.16636,0,15018.9,0.012495,60.00466,0,93.042,1.673902,60.22147,1,78.2269,3.728918,61.33454,1,83.0521,-0.468153,61.96713,1,POW
697,5.816667,14892.5,2.108995,60.10720,0,14765.5,4.201593,59.88027,0,15129.2,0.014814,60.04430,0,87.4859,1.693919,60.38230,1,71.4059,3.691815,59.29139,1,70.979,-0.538870,58.64940,1,POW
698,5.825000,14948.7,2.105762,59.93826,0,14754.2,4.210059,60.16170,0,15033.9,0.014858,60.00083,0,88.9656,1.703074,60.17485,1,74.332,3.762363,61.34736,1,79.0955,-0.439667,61.89464,1,POW
699,5.833333,14912.9,2.111558,60.11070,0,14784.2,4.204095,59.88610,0,15148.2,0.017360,60.04779,0,83.7266,1.724297,60.40532,1,68.0164,3.723364,59.25518,1,67.4742,-0.507867,58.69748,1,POW
700,5.841667,14960.1,2.108079,59.93356,0,14766,4.212378,60.15820,0,15044.5,0.017177,59.99650,0,85.3653,1.731987,60.14687,1,70.9074,3.796647,61.39959,1,75.4824,-0.409579,61.87716,1,POW
701,5.850000,14925.8,2.113389,60.10141,0,14798.2,4.206109,59.88027,0,15160.5,0.019435,60.04313,0,80.5032,1.757863,60.49420,1,64.9477,3.759738,59.29510,1,64.2853,-0.472303,58.80206,1,POW
702,5.858333,14977.6,2.110399,59.94288,0,14783.1,4.214759,60.16519,0,15062.6,0.019557,60.00233,0,82.6242,1.764150,60.12007,1,68.2225,3.834103,61.42026,1,72.717,-0.375478,61.84922,1,POW
703,5.866667,14940,2.115770,60.10258,0,14812.8,4.208411,59.87877,0,15176,0.021816,60.04313,0,77.9456,1.791110,60.51490,1,62.4365,3.797196,59.29513,1,61.7052,-0.434784,58.86734,1,POW
704,5.875000,14991.3,2.112718,59.94172,0,14796.3,4.216895,60.16203,0,15077.1,0.021754,59.99883,0,79.9565,1.795443,60.08276,1,65.4432,3.869684,61.38441,1,70.0052,-0.344170,61.73061,1,POW
705,5.883333,14953.5,2.118089,60.10258,0,14826.1,4.210670,59.88110,0,15189.8,0.024135,60.04546,0,75.081,1.821442,60.49653,1,59.4229,3.830275,59.24734,1,58.6465,-0.403903,58.85918,1,POW
706,5.891667,15006.3,2.115220,59.94521,0,14811.3,4.219520,60.16902,0,15092.2,0.024318,60.00350,0,76.7792,1.822540,60.02098,1,62.1348,3.902747,61.38412,1,66.6163,-0.314834,61.70108,1,POW
707,5.900000,14968.9,2.120714,60.10491,0,14841.6,4.213416,59.88343,0,15204.8,0.026881,60.04896,0,71.5851,1.847364,60.47410,1,56.001,3.858089,59.14710,1,55.1443,-0.376333,58.82547,1,POW
708,5.908333,15022.1,2.118089,59.94988,0,14826.8,4.222327,60.17019,0,15108,0.027064,60.00350,0,73.2845,1.847853,60.00933,1,58.1982,3.934695,61.46306,1,62.9501,-0.289202,61.66407,1,POW
709,5.916667,14980.1,2.123582,60.10491,0,14853.6,4.216346,59.88576,0,15216.7,0.029689,60.05012,0,68.3935,1.872691,60.47439,1,52.4374,3.886041,59.07078,1,51.7758,-0.348806,58.86164,1,POW
710,5.925000,15032.4,2.120775,59.94638,0,14837.3,4.225012,60.16552,0,15119,0.029750,60.00117,0,70.2864,1.870433,59.95687,1,55.0597,3.963119,61.47209,1,59.6847,-0.262791,61.64276,1,POW
711,5.933333,14987.3,2.126023,60.10024,0,14861.4,4.218665,59.87877,0,15226.1,0.032069,60.04429,0,65.811,1.897449,60.51597,1,49.7261,3.914526,59.07195,1,49.0554,-0.319290,58.92096,1,POW
712,5.941667,15043.3,2.123216,59.94638,0,14847.8,4.227332,60.16552,0,15130.8,0.032069,60.00000,0,67.9843,1.892466,59.90484,1,52.6619,3.989974,61.44095,1,57.1109,-0.238256,61.54764,1,POW
713,5.950000,14994,2.128648,60.10375,0,14868.9,4.221290,59.88460,0,15234.3,0.034694,60.05012,0,63.7712,1.919116,60.50898,1,47.6135,3.939699,59.03982,1,46.791,-0.292986,58.95473,1,POW
714,5.958333,15050.3,2.125596,59.94172,0,14854.7,4.229590,60.15853,0,15138.9,0.034388,59.99417,0,65.8843,1.912769,59.87877,1,50.5732,4.014630,61.43107,1,54.7491,-0.214821,61.49285,1,POW
715,5.966667,14999.7,2.130845,60.10025,0,14874.4,4.223548,59.88460,0,15241.1,0.036891,60.04779,0,61.824,1.939316,60.50703,1,45.6512,3.965377,59.05935,1,44.4723,-0.266985,59.00373,1,POW
716,5.975000,15056.9,2.127793,59.94172,0,14861.5,4.231726,60.15620,0,15145.7,0.036647,59.99534,0,63.9583,1.933457,59.88810,1,48.8023,4.040369,61.43224,1,52.2108,-0.194818,61.37829,1,POW
717,5.983333,15006.3,2.132981,60.09908,0,14880.7,4.225684,59.88460,0,15247.2,0.039088,60.04663,0,60.1687,1.959929,60.50557,1,44.3529,3.990399,59.04564,1,42.6475,-0.247899,58.98623,1,POW
718,5.991667,15062.1,2.129869,59.94055,0,14868.6,4.233801,60.15504,0,15151.3,0.038844,59.99534,0,62.3069,1.952360,59.85546,1,47.4732,4.061363,61.35531,1,50.8053,-0.177973,61.33549,1,POW
719,6.000000,15012.8,2.135118,60.10025,0,14888.8,4.227759,59.88460,0,15255.4,0.041285,60.04663,0,58.6917,1.977690,60.48375,1,42.8955,4.012860,59.07366,1,41.1237,-0.232824,58.95243,1,POW
720,6.008333,15066.9,2.132066,59.94172,0,14873.9,4.235877,60.15504,0,15157.1,0.041041,59.99534,0,60.6221,1.967375,59.80300,1,45.9322,4.080711,61.29586,1,48.8538,-0.164547,61.30398,1,POW
721,6.016667,15019.7,2.137376,60.10141,0,14895.3,4.230017,59.88809,0,15263,0.043605,60.04896,0,57.0541,1.993740,60.50353,1,41.348,4.033839,59.10481,1,39.4572,-0.215248,59.03169,1,POW
722,6.025000,15070.8,2.134202,59.93938,0,14877.6,4.238013,60.15270,0,15161.1,0.043238,59.99301,0,58.8083,1.980680,59.75059,1,44.3001,4.098821,61.24107,1,46.9191,-0.148923,61.26672,1,POW
723,6.033333,15025.6,2.139384,60.09897,0,14901.3,4.232092,59.88693,0,15268.9,0.045680,60.04663,0,55.3434,2.007472,60.51169,1,39.7123,4.052879,59.12258,1,37.4933,-0.201881,58.98857,1,POW
724,6.041667,15076.5,2.136521,59.94532,0,14882.6,4.240330,60.15733,0,15166,0.045436,59.99534,0,57.2532,1.994350,59.74938,1,42.7932,4.115115,61.18861,1,45.0821,-0.136306,61.25240,1,POW
725,6.050000,15029.7,2.141520,60.09548,0,14905.4,4.234290,59.88464,0,15272.6,0.047814,60.04542,0,54.1266,2.020089,60.49159,1,38.5387,4.071678,59.17041,1,36.3304,-0.184992,59.07017,1,POW
726,6.058333,15082,2.138652,59.94521,0,14888,4.242405,60.15499,0,15172.1,0.047509,59.99417,0,56.3526,2.006130,59.73338,1,41.8957,4.130130,61.11634,1,44.1405,-0.121597,61.21076,1,POW
727,6.066667,15030.9,2.143657,60.09559,0,14909.3,4.236365,59.88464,0,15275.9,0.050072,60.04896,0,53.4854,2.029550,60.44729,1,37.9198,4.088140,59.19806,1,35.6564,-0.169369,59.08761,1,POW
728,6.075000,15086.1,2.140849,59.94638,0,14893.3,4.244541,60.15616,0,15177.4,0.049767,59.99417,0,55.6305,2.016000,59.74122,1,41.2279,4.140810,61.00593,1,43.358,-0.110977,61.11521,1,POW
729,6.083333,15034.4,2.145793,60.09442,0,14913.5,4.238501,59.88464,0,15280.7,0.052208,60.04663,0,52.719,2.036630,60.39399,1,37.1651,4.099736,59.21554,1,34.8657,-0.160458,59.05497,1,POW
730,6.091667,15090.8,2.143046,59.94754,0,14897.6,4.246678,60.15616,0,15182.7,0.051903,59.99417,0,54.7825,2.022653,59.73306,1,40.2746,4.148434,60.93006,1,42.364,-0.106584,61.02891,1,POW
731,6.100000,15036.1,2.147868,60.09209,0,14914.7,4.240635,59.88460,0,15282.9,0.054223,60.04430,0,51.9602,2.041635,60.36252,1,36.2984,4.108708,59.24130,1,33.9502,-0.154660,59.08183,1,POW
732,6.108333,15092.3,2.144816,59.94172,0,14898.8,4.248509,60.15037,0,15183.8,0.053673,59.98951,0,54.1083,2.029611,59.77036,1,39.5715,4.155392,60.89159,1,41.4107,-0.099077,61.06155,1,POW
733,6.116667,15040.4,2.149699,60.09325,0,14919.1,4.242527,59.88576,0,15286.4,0.056054,60.04546,0,51.6106,2.048957,60.36948,1,35.9142,4.121646,59.35549,1,33.4934,-0.145871,59.10630,1,POW
734,6.125000,15096.8,2.147075,59.94988,0,14904.3,4.250767,60.15737,0,15188.8,0.055993,59.99883,0,53.9007,2.037972,59.79022,1,39.2941,4.164852,60.82518,1,40.9619,-0.091082,61.04640,1,POW
735,6.133333,15035.9,2.151652,60.08743,0,14917.1,4.244541,59.88110,0,15283.4,0.058129,60.04080,0,51.4226,2.056037,60.34500,1,35.6832,4.135867,59.44642,1,33.1771,-0.132461,59.20972,1,POW
736,6.141667,15101.3,2.148967,59.94871,0,14908.5,4.252598,60.15387,0,15193.8,0.057763,59.99301,0,53.6842,2.049872,59.88227,1,39.124,4.175350,60.75408,1,40.4715,-0.077288,61.05372,1,POW
737,6.150000,15038.9,2.153849,60.09325,0,14919.1,4.246678,59.88693,0,15287.2,0.060204,60.04663,0,51.3949,2.068121,60.34853,1,35.8274,4.150204,59.51974,1,33.0499,-0.110183,59.37174,1,POW
738,6.158333,15101.4,2.150798,59.94172,0,14909.7,4.254429,60.14804,0,15193.6,0.059655,59.98951,0,53.6887,2.064276,59.92656,1,39.3342,4.188715,60.73550,1,40.5378,-0.061242,60.93472,1,POW
739,6.166667,15041.9,2.155741,60.09442,0,14922.4,4.248509,59.88693,0,15290.1,0.062096,60.04662,0,51.5168,2.083546,60.36802,1,36.0654,4.166683,59.57923,1,33.2887,-0.093645,59.38114,1,POW
740,6.175000,15103.7,2.152690,59.94172,0,14911.6,4.256321,60.14920,0,15195.1,0.061547,59.98951,0,53.4205,2.077320,59.88110,1,39.2973,4.198846,60.61427,1,40.3751,-0.049340,60.84616,1,POW
741,6.183333,15047,2.157694,60.09559,0,14925.6,4.250523,59.88927,0,15293.1,0.063988,60.04662,0,50.8335,2.096607,60.36835,1,35.8027,4.177118,59.58502,1,32.9274,-0.084246,59.33335,1,POW
742,6.191667,15107.8,2.154948,59.94754,0,14913.5,4.258518,60.15270,0,15195.8,0.063683,59.99417,0,52.3739,2.091480,59.90208,1,38.8738,4.205926,60.55020,1,39.7694,-0.044947,60.75054,1,POW
743,6.200000,15049.7,2.159892,60.09442,0,14926.1,4.252659,59.88810,0,15293.2,0.066124,60.04663,0,49.6292,2.113267,60.41611,1,35.5549,4.185114,59.60251,1,32.6115,-0.076922,59.38934,1,POW
744,6.208333,15107.2,2.156718,59.93938,0,14911.1,4.260105,60.14221,0,15192.2,0.065331,59.98485,0,50.853,2.106678,59.87415,1,38.7276,4.212073,60.51489,1,39.3577,-0.038051,60.74238,1,POW
745,6.216667,15055.6,2.161723,60.09559,0,14930.8,4.254246,59.88810,0,15298.2,0.067772,60.04663,0,48.227,2.126695,60.38230,1,35.4776,4.195611,59.68560,1,32.4125,-0.069786,59.39389,1,POW
746,6.225000,15114.1,2.159037,59.94871,0,14916.7,4.262241,60.15270,0,15199.1,0.067467,59.99417,0,49.9297,2.118516,59.84380,1,38.4457,4.219275,60.45195,1,38.9951,-0.032740,60.70752,1,POW
747,6.233333,15056.7,2.163859,60.09209,0,14931,4.256321,59.88693,0,15299.2,0.069847,60.04546,0,47.8121,2.142924,60.46616,1,34.9866,4.202874,59.68676,1,31.9607,-0.064903,59.38573,1,POW
748,6.241667,15113.8,2.160624,59.93822,0,14916.5,4.263889,60.14454,0,15198.9,0.069115,59.98601,0,49.4718,2.130601,59.76464,1,37.7005,4.224158,60.40649,1,38.2544,-0.028896,60.68770,1,POW
749,6.250000,15060.3,2.165507,60.09325,0,14934.1,4.258091,59.88926,0,15300.6,0.071617,60.04779,0,47.0713,2.147685,60.32628,1,34.3301,4.210975,59.74822,1,31.3288,-0.060814,59.39039,1,POW
750,6.258333,15119.6,2.162943,59.95104,0,14921.2,4.266087,60.15270,0,15203.5,0.071251,59.99301,0,48.3948,2.132737,59.71452,1,37.0492,4.228736,60.33921,1,37.5248,-0.027309,60.63991,1,POW
751,6.266667,15061.9,2.167826,60.09325,0,14936.5,4.260349,59.89043,0,15302.8,0.073876,60.05012,0,45.9368,2.151164,60.35193,1,33.5683,4.215796,59.75288,1,30.3229,-0.058556,59.40322,1,POW
752,6.275000,15122.7,2.165324,59.95221,0,14924.4,4.268467,60.15504,0,15208,0.073631,59.99534,0,47.4791,2.137736,59.74355,1,36.1756,4.225562,60.18650,1,36.3283,-0.023769,60.66439,1,POW
753,6.283333,15062.2,2.170021,60.08972,0,14937.1,4.262485,59.88576,0,15303.1,0.076012,60.04546,0,45.2474,2.155558,60.34037,1,32.8691,4.218909,59.87295,1,29.586,-0.056542,59.37408,1,POW
754,6.291667,15124.4,2.167582,59.95341,0,14925.7,4.270647,60.15588,0,15208.9,0.075768,59.99534,0,47.0176,2.142863,59.75754,1,35.828,4.233924,60.28675,1,35.9129,-0.021938,60.66089,1,POW
755,6.300000,15058.9,2.171913,60.08272,0,14934.1,4.264317,59.87909,0,15301,0.077837,60.03952,0,45.1491,2.160563,60.33804,1,33.0128,4.229590,59.91724,1,29.7213,-0.046776,59.52561,1,POW
756,6.308333,15126.3,2.169167,59.94754,0,14926.6,4.272173,60.15005,0,15210.1,0.077288,59.98951,0,47.2343,2.149699,59.79251,1,36.2166,4.241673,60.23076,1,36.13,-0.013288,60.63958,1,POW
757,6.316667,15063.9,2.174050,60.09325,0,14937.5,4.266453,59.89075,0,15304.9,0.079851,60.04896,0,45.5708,2.165690,60.30540,1,33.4456,4.236121,59.89396,1,30.0936,-0.039637,59.49676,1,POW
758,6.325000,15125.9,2.171181,59.94521,0,14926,4.274187,60.14772,0,15209,0.079241,59.98834,0,47.3196,2.153727,59.77153,1,36.2779,4.246495,60.19812,1,36.2798,-0.008710,60.59066,1,POW
759,6.333333,15060.7,2.175576,60.08393,0,14935.9,4.267979,59.88143,0,15302.1,0.081377,60.04080,0,45.43,2.169045,60.29254,1,33.3646,4.244786,59.96736,1,30.1744,-0.030970,59.57486,1,POW
760,6.341667,15131.3,2.173012,59.95104,0,14932.4,4.276079,60.15471,0,15213.2,0.081072,59.99417,0,47.3426,2.158793,59.80421,1,36.3466,4.253086,60.15853,1,36.385,-0.001936,60.55453,1,POW
761,6.350000,15059.9,2.177895,60.09325,0,14936.4,4.270220,59.88809,0,15303.2,0.083696,60.05012,0,45.7407,2.174111,60.29254,1,33.7248,4.249424,59.93006,1,30.5494,-0.021449,59.62731,1,POW
762,6.358333,15124.1,2.174416,59.93356,0,14928,4.277300,60.13522,0,15208.4,0.082537,59.97785,0,47.6462,2.165263,59.83102,1,36.6595,4.259678,60.19583,1,36.5922,0.005842,60.52122,1,POW
763,6.366667,15068.8,2.179604,60.09908,0,14943.2,4.271990,59.89859,0,15311.6,0.085405,60.05479,0,46.3653,2.179726,60.27623,1,34.2324,4.255955,59.92889,1,31.0661,-0.015895,59.58486,1,POW
764,6.375000,15121.5,2.176369,59.93822,0,14924.6,4.279375,60.14105,0,15205.7,0.084490,59.98251,0,47.8477,2.167643,59.76924,1,36.9431,4.262791,60.13056,1,36.7615,0.009748,60.48975,1,POW
765,6.383333,15064.8,2.180702,60.08276,0,14939.6,4.273211,59.88227,0,15307.1,0.086687,60.04196,0,46.2278,2.183998,60.31236,1,34.2342,4.264317,60.02914,1,31.0343,-0.011091,59.60201,1,POW
766,6.391667,15127.2,2.177895,59.94638,0,14928.4,4.280901,60.14688,0,15210.7,0.085894,59.98485,0,47.8897,2.170815,59.74822,1,36.9765,4.265476,60.02215,1,36.7394,0.012556,60.45161,1,POW
767,6.400000,15067.7,2.182595,60.08976,0,14942,4.275225,59.89159,0,15309.4,0.088640,60.05246,0,46.2343,2.185707,60.28442,1,34.2704,4.267063,60.03031,1,31.0971,-0.006818,59.62999,1,POW
768,6.408333,15127,2.179665,59.94405,0,14929.3,4.282732,60.14338,0,15211.1,0.087725,59.98251,0,47.6981,2.173806,59.77270,1,36.8133,4.268345,60.02448,1,36.5027,0.016017,60.43613,1,POW
769,6.416667,15067.3,2.184303,60.08859,0,14942.6,4.276995,59.89043,0,15309.6,0.090410,60.05129,0,46.0314,2.188820,60.28675,1,34.0895,4.271441,60.05912,1,30.7787,-0.004072,59.61633,1,POW
770,6.425000,15127.3,2.181557,59.94755,0,14931,4.284624,60.14571,0,15212.7,0.089678,59.98601,0,47.4999,2.177956,59.79251,1,36.6084,4.271563,60.00233,1,36.1579,0.019618,60.45245,1,POW
771,6.433333,15066.6,2.186073,60.08626,0,14942,4.278765,59.88809,0,15309.4,0.092241,60.04895,0,45.8807,2.193581,60.29841,1,33.9549,4.278093,60.12473,1,30.603,0.000776,59.64014,1,POW
772,6.441667,15129.1,2.183571,59.95221,0,14931.3,4.286638,60.15037,0,15214.2,0.091631,59.98835,0,47.3897,2.181862,59.77619,1,36.5121,4.276262,59.96503,1,35.9543,0.022487,60.41465,1,POW
773,6.450000,15066.7,2.188148,60.08742,0,14941.1,4.280779,59.88810,0,15309.8,0.094133,60.04779,0,45.9134,2.196693,60.28326,1,33.9592,4.283037,60.12939,1,30.6215,0.005842,59.68210,1,POW
774,6.458333,15128.6,2.185341,59.94638,0,14929.9,4.288347,60.14454,0,15213.6,0.093279,59.98368,0,47.4455,2.185707,59.79018,1,36.5202,4.279741,59.93705,1,35.9834,0.026454,60.39367,1,POW
775,6.466667,15067.2,2.189674,60.08276,0,14941.3,4.282488,59.88810,0,15308.9,0.095720,60.04663,0,46.0798,2.200704,60.28642,1,34.0819,4.288530,60.16785,1,30.7391,0.010297,59.69143,1,POW
776,6.475000,15133,2.187172,59.95221,0,14933.1,4.290361,60.15037,0,15216.5,0.095171,59.98951,0,47.6822,2.188881,59.77419,1,36.7002,4.283098,59.89626,1,36.0805,0.030360,60.38318,1,POW
777,6.483333,15061.6,2.191505,60.08276,0,14939.1,4.284319,59.88460,0,15305.9,0.097673,60.04779,0,46.1396,2.201925,60.24912,1,34.2193,4.291582,60.16202,1,30.8912,0.016628,59.73772,1,POW
778,6.491667,15132.1,2.188515,59.94288,0,14934.6,4.291643,60.13988,0,15216.8,0.096514,59.97785,0,47.7509,2.193520,59.83947,1,36.7718,4.287737,59.92656,1,36.1485,0.034755,60.34620,1,POW
779,6.500000,15066.2,2.193581,60.09675,0,14942.6,4.286333,59.89859,0,15310.4,0.099626,60.05945,0,46.4642,2.206197,60.24213,1,34.5111,4.296281,60.16320,1,31.2445,0.019923,59.71674,1,POW
780,6.508333,15131.1,2.190529,59.94172,0,14933.2,4.293657,60.13988,0,15216,0.098528,59.97902,0,47.9883,2.196876,59.82198,1,36.9785,4.290422,59.88809,1,36.3239,0.036525,60.31706,1,POW
781,6.516667,15063.2,2.194984,60.08509,0,14939.8,4.287798,59.88809,0,15307.1,0.101152,60.05012,0,46.469,2.208089,60.21415,1,34.5204,4.296404,60.11424,1,31.2549,0.021449,59.71208,1,POW
782,6.525000,15134.6,2.192238,59.94754,0,14936.1,4.295305,60.14338,0,15218.6,0.100176,59.98135,0,47.8055,2.198952,59.82548,1,36.8815,4.292131,59.91840,1,36.2134,0.037867,60.31356,1,POW
783,6.533333,15050,2.197121,60.09325,0,14928,4.289629,59.89159,0,15298.4,0.103105,60.05595,0,49.5565,2.168192,59.41254,1,36.9221,4.286577,59.89392,1,32.604,-0.032008,58.66548,1,POW
784,6.541667,15090.4,2.193092,59.92306,0,14893.6,4.295610,60.11424,0,15175.2,0.100664,59.95337,0,55.7491,2.023446,57.23555,1,48.2335,4.025111,55.00637,1,47.8911,-0.140378,57.93029,1,POW
785,6.550000,15018.7,2.196937,60.07344,0,14893.1,4.289995,59.89276,0,15261.8,0.103166,60.04779,0,55.9413,1.994289,59.44314,1,44.293,4.031336,60.11890,1,41.5473,-0.249974,57.90686,1,POW
786,6.558333,15085.6,2.194191,59.94754,0,14891.8,4.297014,60.13405,0,15170.5,0.102007,59.97785,0,57.0124,1.993312,59.98135,1,47.3415,4.028590,59.94754,1,46.6081,-0.198175,60.98929,1,POW
787,6.566667,15019.2,2.198891,60.08976,0,14894.3,4.291887,59.90208,0,15263.2,0.105058,60.05828,0,55.6283,1.995021,60.03264,1,44.4259,4.030604,60.03847,1,41.4675,-0.239660,59.20771,1,POW
788,6.575000,15081.1,2.196083,59.94638,0,14888.5,4.298906,60.13405,0,15166.5,0.103899,59.97785,0,56.7266,1.996608,60.03031,1,46.7456,4.029017,59.96969,1,46.2948,-0.200495,60.74800,1,POW
789,6.583333,15020.4,2.200399,60.08243,0,14894.3,4.293413,59.89509,0,15263.4,0.106523,60.05012,0,55.2087,1.993496,59.94055,1,43.8731,4.030909,60.03614,1,40.8907,-0.244237,59.16458,1,POW
790,6.591667,15085.8,2.197914,59.95254,0,14890.8,4.300859,60.14221,0,15170.5,0.105669,59.98368,0,56.3819,1.999477,60.11423,1,46.1877,4.032557,60.03147,1,45.8009,-0.202125,60.80427,1,POW
791,6.600000,15018.5,2.202047,60.07893,0,14892.8,4.295122,59.89043,0,15261,0.108230,60.04892,0,54.6719,1.993923,59.89393,1,43.4247,4.033473,60.01749,1,40.3779,-0.243688,59.20622,1,POW
792,6.608333,15088.5,2.199484,59.95104,0,14893.5,4.302505,60.14101,0,15172.3,0.107256,59.98139,0,56.0521,2.005092,60.21332,1,45.6891,4.040186,60.12822,1,45.2896,-0.197504,60.88205,1,POW
793,6.616667,15022.3,2.204183,60.08976,0,14898,4.297319,59.90096,0,15264.7,0.110427,60.06057,0,54.4173,1.996914,59.84380,1,43.3125,4.035243,59.90558,1,40.2749,-0.239110,59.20538,1,POW
794,6.625000,15088.2,2.201620,59.95104,0,14893.7,4.304641,60.13984,0,15173,0.109390,59.98018,0,55.7691,2.009120,60.23313,1,45.3295,4.046717,60.21914,1,44.8125,-0.194025,60.86107,1,POW
795,6.633333,15021.7,2.206014,60.08393,0,14896.7,4.299089,59.89396,0,15264.1,0.112197,60.05362,0,54.4772,2.005397,59.92889,1,43.1932,4.043299,59.93472,1,40.3893,-0.231666,59.28111,1,POW
796,6.641667,15089,2.203451,59.95104,0,14893.7,4.306533,60.14217,0,15173.5,0.111221,59.98135,0,55.6803,2.014535,60.17453,1,45.2983,4.055992,60.24242,1,44.5826,-0.186090,60.87043,1,POW
797,6.650000,15020.7,2.207784,60.08276,0,14895.9,4.300859,59.89163,0,15264.3,0.113967,60.05246,0,54.6133,2.017099,60.04896,1,43.331,4.055077,59.98251,1,40.6266,-0.215553,59.43730,1,POW
798,6.658333,15091.2,2.205099,59.94871,0,14894.3,4.308303,60.14217,0,15175,0.112930,59.98018,0,55.8772,2.019906,60.05362,1,45.4949,4.063744,60.16553,1,44.6607,-0.178034,60.71656,1,POW
799,6.666667,15021.5,2.209737,60.08859,0,14896.4,4.302749,59.89392,0,15265.5,0.115859,60.05595,0,54.8688,2.026925,60.13405,1,43.5052,4.066551,60.05362,1,40.7585,-0.205238,59.48044,1,POW
800,6.675000,15092,2.206747,59.94288,0,14894.7,4.309829,60.13522,0,15175.4,0.114456,59.97319,0,56.1411,2.025888,59.98018,1,45.7336,4.070335,60.07227,1,44.8617,-0.169369,60.68505,1,POW
801,6.683333,15024.2,2.211324,60.08743,0,14899.1,4.304458,59.89742,0,15267.1,0.117507,60.05828,0,55.0562,2.031686,60.11073,1,43.5908,4.076622,60.12006,1,40.7821,-0.194391,59.52212,1,POW
802,6.691667,15095,2.208639,59.94871,0,14897.6,4.311721,60.13872,0,15177.3,0.116287,59.97669,0,56.098,2.034555,60.05479,1,45.8651,4.079796,60.06062,1,44.9588,-0.158932,60.67721,1,POW
803,6.700000,15024.4,2.213155,60.08626,0,14900.2,4.306228,59.89509,0,15266.9,0.119277,60.05712,0,54.7766,2.040231,60.10841,1,43.5209,4.086248,60.12323,1,40.6699,-0.185419,59.49414,1,POW
804,6.708333,15096.2,2.210409,59.94754,0,14899.2,4.313430,60.13755,0,15179.2,0.117935,59.97435,0,55.7975,2.043954,60.07111,1,45.5832,4.089361,60.05945,1,44.772,-0.148618,60.70286,1,POW
805,6.716667,15028.7,2.215108,60.08975,0,14903.6,4.308059,59.89742,0,15271.9,0.121108,60.06062,0,54.5997,2.048102,60.07922,1,43.3976,4.094915,60.10608,1,40.5062,-0.175654,59.48365,1,POW
806,6.725000,15098.1,2.212362,59.94755,0,14900.3,4.315322,60.13872,0,15181.2,0.119827,59.97552,0,55.5861,2.051032,60.05595,1,45.3792,4.098089,60.06062,1,44.386,-0.141660,60.64924,1,POW
807,6.733333,15029.7,2.216878,60.08626,0,14903.5,4.309829,59.89509,0,15272.6,0.122817,60.05712,0,54.3582,2.057379,60.12123,1,43.1622,4.103826,60.10957,1,40.2099,-0.166806,59.51974,1,POW
808,6.741667,15098.3,2.213949,59.94405,0,14900.7,4.316970,60.13638,0,15180.7,0.121475,59.97435,0,55.2411,2.059516,60.04080,1,44.9811,4.106572,60.05246,1,43.995,-0.134048,60.62563,1,POW
809,6.750000,15034.2,2.218892,60.09442,0,14908.3,4.311843,59.90209,0,15276,0.124831,60.06411,0,54.0537,2.067389,60.15037,1,42.7362,4.114751,60.15620,1,39.9742,-0.157345,59.55505,1,POW
810,6.758333,15098.1,2.215963,59.94405,0,14900.7,4.318984,60.13638,0,15180.2,0.123489,59.97435,0,54.6859,2.068182,60.01515,1,44.5957,4.117495,60.05241,1,43.6156,-0.125198,60.61398,1,POW
811,6.766667,15033.4,2.220418,60.08509,0,14907.7,4.313369,59.89276,0,15274.8,0.126418,60.05595,0,53.2654,2.077808,60.18385,1,42.3178,4.125186,60.14688,1,39.534,-0.148190,59.56087,1,POW
812,6.775000,15099.8,2.217611,59.94638,0,14901.7,4.320632,60.13871,0,15181.8,0.125014,59.97319,0,54.0659,2.078480,60.01282,1,44.0951,4.127749,60.04896,1,43.1355,-0.115249,60.62913,1,POW
813,6.783333,15034.2,2.222005,60.08393,0,14909,4.315017,59.89276,0,15275.5,0.128066,60.05828,0,52.7964,2.087818,60.17835,1,41.8701,4.136904,60.17485,1,39.045,-0.136550,59.59318,1,POW
814,6.791667,15102.7,2.219381,59.94988,0,14903.8,4.322341,60.13988,0,15185.1,0.126784,59.97552,0,53.6337,2.088673,60.01632,1,43.6354,4.138918,60.03847,1,42.5928,-0.106340,60.57697,1,POW
815,6.800000,15034.2,2.223653,60.08160,0,14908.6,4.316604,59.89043,0,15275.9,0.129592,60.05362,0,52.272,2.097339,60.16552,1,41.3674,4.148983,60.19223,1,38.4819,-0.125137,59.64102,1,POW
816,6.808333,15109,2.221151,59.95221,0,14908.3,4.324172,60.14454,0,15190.6,0.128432,59.97785,0,53.2129,2.098133,60.01515,1,43.1827,4.150448,60.02798,1,42.1303,-0.095964,60.55715,1,POW
817,6.816667,15035.3,2.225606,60.08509,0,14909.1,4.318496,59.89159,0,15277,0.131484,60.05828,0,51.9033,2.106556,60.16086,1,41.049,4.159481,60.17252,1,38.0379,-0.114761,59.64101,1,POW
818,6.825000,15108.3,2.222738,59.94521,0,14908.2,4.325637,60.13638,0,15189.9,0.130019,59.97202,0,52.7512,2.108384,60.03493,1,42.8036,4.161251,60.03380,1,41.7114,-0.084856,60.57114,1,POW
819,6.833333,15037,2.227071,60.08276,0,14911.8,4.320022,59.89276,0,15278.7,0.133010,60.05712,0,51.4471,2.117479,60.17369,1,40.6096,4.170895,60.18418,1,37.5919,-0.102373,59.66545,1,POW
820,6.841667,15111.7,2.224447,59.94988,0,14912.6,4.327468,60.14221,0,15193,0.131850,59.97785,0,52.2093,2.118089,60.01166,1,42.2236,4.172848,60.03730,1,41.0442,-0.074425,60.53377,1,POW
821,6.850000,15041.6,2.229146,60.08976,0,14915.7,4.322036,59.89625,0,15283.4,0.135024,60.06062,0,50.8801,2.127122,60.17252,1,40.0537,4.179987,60.13634,1,37.0223,-0.091326,59.67722,1,POW
822,6.858333,15112.9,2.226400,59.94754,0,14912.6,4.329360,60.13988,0,15194.5,0.133681,59.97435,0,51.6419,2.127549,60.00816,1,41.6198,4.183405,60.06528,1,40.4706,-0.064476,60.51279,1,POW
823,6.866667,15041.5,2.230792,60.08389,0,14915.4,4.323623,59.89043,0,15283.8,0.136611,60.05595,0,50.4648,2.136949,60.17951,1,39.6569,4.192376,60.17135,1,36.5759,-0.080950,59.68538,1,POW
824,6.875000,15117.2,2.228048,59.94759,0,14915.9,4.331008,60.14105,0,15198.8,0.135268,59.97435,0,51.4008,2.136888,59.99883,1,41.351,4.194635,60.04313,1,40.1662,-0.054833,60.49880,1,POW
825,6.883333,15043.3,2.232684,60.08855,0,14917.2,4.325515,59.89509,0,15286.2,0.138503,60.06178,0,50.2876,2.145244,60.15959,1,39.4601,4.201349,60.12822,1,36.3108,-0.070824,59.69460,1,POW
826,6.891667,15116.7,2.229512,59.93943,0,14916.2,4.332412,60.13172,0,15197.8,0.136733,59.96620,0,51.044,2.142985,59.95687,1,41.0211,4.202447,60.02098,1,39.643,-0.046532,60.46394,1,POW
827,6.900000,15053.8,2.234576,60.09671,0,14926.5,4.327529,59.90675,0,15295.2,0.140439,60.07077,0,50.078,2.151469,60.16203,1,39.2373,4.208533,60.11624,1,36.0129,-0.061913,59.70625,1,POW
828,6.908333,15115,2.231830,59.94754,0,14915.8,4.334775,60.13838,0,15197.9,0.139157,59.97552,0,50.7277,2.147441,59.92306,1,40.7604,4.207208,59.97469,1,39.1469,-0.039393,60.43009,1,POW
829,6.916667,15049.6,2.236041,60.08043,0,14923.7,4.328994,59.88959,0,15292.3,0.142026,60.05479,0,49.6315,2.157389,60.19000,1,38.7931,4.215552,60.15937,1,35.2624,-0.057763,59.64917,1,POW
830,6.925000,15120,2.233478,59.95104,0,14919.6,4.336484,60.14305,0,15202.4,0.140805,59.97669,0,50.4523,2.154032,59.93589,1,40.4013,4.213782,59.96620,1,38.5374,-0.032252,60.48721,1,POW
831,6.933333,15054.9,2.238360,60.09325,0,14928.4,4.331252,59.90008,0,15297.8,0.144345,60.06761,0,49.4248,2.165202,60.21332,1,38.5416,4.223426,60.18417,1,34.9638,-0.047387,59.71095,1,POW
832,6.941667,15121.7,2.235675,59.94871,0,14919.7,4.338620,60.14072,0,15204.2,0.142941,59.97319,0,50.0344,2.160441,59.90908,1,39.9701,4.220740,59.94872,1,38.0967,-0.025844,60.41144,1,POW
833,6.950000,15054.7,2.240008,60.08276,0,14927,4.332944,59.89159,0,15296.7,0.145993,60.05828,0,48.8187,2.170876,60.19929,1,37.9513,4.230506,60.18650,1,34.3468,-0.040553,59.71908,1,POW
834,6.958333,15123.9,2.237262,59.94754,0,14920.7,4.340268,60.13988,0,15205.8,0.144528,59.97202,0,49.5723,2.168373,59.95221,1,39.4814,4.229529,59.98135,1,37.5463,-0.017177,60.44645,1,POW
835,6.966667,15054.6,2.241473,60.08043,0,14927.2,4.334470,59.88926,0,15296.2,0.147519,60.05712,0,48.5663,2.181923,60.25878,1,37.7914,4.243016,60.25757,1,33.9928,-0.027736,59.79834,1,POW
836,6.975000,15124.7,2.238788,59.94871,0,14922.2,4.341733,60.13872,0,15206.9,0.146054,59.97202,0,49.4354,2.181008,59.98251,1,39.4664,4.244664,60.03147,1,37.4138,-0.000715,60.51606,1,POW
837,6.983333,15058.7,2.243060,60.08160,0,14931.3,4.336056,59.89159,0,15300.5,0.149045,60.05712,0,48.5533,2.197365,60.31240,1,37.7597,4.261692,60.32522,1,33.9645,-0.005598,59.90675,1,POW
838,6.991667,15128.8,2.240680,59.95454,0,14925.8,4.343564,60.14338,0,15211.6,0.147885,59.97785,0,49.2725,2.197426,60.00117,1,39.19,4.264561,60.05479,1,37.1489,0.019374,60.47693,1,POW
839,7.000000,15060.6,2.244952,60.08160,0,14933,4.337887,59.89159,0,15303.3,0.150937,60.05828,0,48.085,2.214437,60.32489,1,37.2841,4.282183,60.33656,1,33.4022,0.015529,59.92656,1,POW
840,7.008333,15131.4,2.242389,59.95104,0,14926.9,4.345334,60.14221,0,15213.4,0.149594,59.97435,0,48.5953,2.214681,60.00466,1,38.4281,4.284868,60.05129,1,36.298,0.038600,60.44062,1,POW
841,7.016667,15064.1,2.246783,60.08392,0,14936.3,4.339780,59.89392,0,15306,0.152829,60.06178,0,47.3363,2.231647,60.32401,1,36.4941,4.301589,60.31935,1,32.6131,0.035731,59.94521,1,POW
842,7.025000,15137.7,2.244403,59.95454,0,14932.8,4.347470,60.14688,0,15218.7,0.151669,59.97785,0,47.9458,2.230489,59.97789,1,37.6977,4.304153,60.04896,1,35.5431,0.056908,60.40445,1,POW
843,7.033333,15063,2.248919,60.08626,0,14935.9,4.341794,59.89159,0,15306.9,0.154965,60.06294,0,47.3773,2.234088,60.06873,1,36.539,4.319167,60.28675,1,31.845,0.048668,59.84263,1,POW
844,7.041667,15131.7,2.246051,59.94522,0,14926.2,4.348996,60.13755,0,15211.5,0.153256,59.96737,0,48.6179,2.196999,59.29164,1,39.3582,4.250462,58.68782,1,36.8713,0.030848,59.65966,1,POW
845,7.050000,15029.3,2.249896,60.07343,0,14902.1,4.343198,59.88927,0,15269.3,0.155819,60.04895,0,54.6206,2.160136,59.29598,1,40.9913,4.159359,58.26007,1,41.2645,-0.120864,57.10250,1,POW
846,7.058333,15093.3,2.246356,59.93239,0,14891.4,4.348874,60.10840,0,15174.2,0.153439,59.95454,0,57.1392,2.012355,57.17760,1,48.6381,4.064964,58.19719,1,45.2794,-0.173762,58.98974,1,POW
847,7.066667,15014.6,2.250750,60.08393,0,14883.9,4.344052,59.90792,0,15256.7,0.156552,60.05944,0,56.0655,2.029000,60.31790,1,46.166,4.041590,59.55359,1,43.3742,-0.189020,59.70858,1,POW
848,7.075000,15048.8,2.246783,59.92423,0,14845.9,4.349911,60.11190,0,15121.8,0.153989,59.95105,0,68.1778,2.011134,59.65879,1,55.1781,3.954042,58.32796,1,60.297,-0.275408,58.35011,1,POW
849,7.083333,14940.9,2.249285,60.04779,0,14814.4,4.342953,59.86712,0,15180.9,0.155575,60.03030,0,77.0846,1.849439,56.91185,1,65.8482,3.881646,58.61733,1,63.9194,-0.389071,57.82919,1,POW
850,7.091667,15000.8,2.246051,59.93822,0,14802.2,4.348446,60.10491,0,15084.8,0.152951,59.94988,0,78.2585,1.810456,59.25547,1,70.998,3.824720,58.91280,1,69.0603,-0.376088,60.24796,1,POW
851,7.100000,14933.9,2.250018,60.07576,0,14804.6,4.343503,59.90558,0,15175.6,0.156125,60.06061,0,76.9928,1.824310,60.26460,1,66.669,3.855709,60.59184,1,63.8641,-0.404879,59.45014,1,POW
852,7.108333,14996.3,2.247210,59.94638,0,14799,4.349728,60.11889,0,15081.6,0.154172,59.96270,0,79.2211,1.838270,60.26661,1,70.8689,3.848995,59.87177,1,70.081,-0.356802,60.91821,1,POW
853,7.116667,14930,2.251177,60.07577,0,14800.7,4.344723,59.90442,0,15171,0.157345,60.06061,0,78.0785,1.804719,59.35921,1,68.9803,3.837704,59.78435,1,65.6528,-0.409152,59.00019,1,POW
854,7.125000,14999.3,2.249163,59.96153,0,14800.7,4.351803,60.13521,0,15084.6,0.156064,59.97552,0,78.4919,1.829071,60.46510,1,69.7118,3.842220,60.08626,1,68.8308,-0.370046,60.74686,1,POW
855,7.133333,14931.3,2.253192,60.07694,0,14802.9,4.346677,59.90209,0,15172.8,0.159420,60.06411,0,77.2333,1.817658,59.78202,1,67.8991,3.845455,60.06178,1,64.9003,-0.400424,59.41983,1,POW
856,7.141667,15001,2.250628,59.95104,0,14801.8,4.353268,60.12589,0,15087.2,0.157467,59.96270,0,77.6934,1.835585,60.34237,1,68.8094,3.855587,60.19350,1,67.4394,-0.360586,60.76085,1,POW
857,7.150000,14936.4,2.254840,60.08043,0,14807.6,4.348202,59.90325,0,15178.3,0.160946,60.06644,0,76.735,1.836134,60.01049,1,67.3274,3.860469,60.09325,1,64.6264,-0.381930,59.59235,1,POW
858,7.158333,15006.3,2.252398,59.95337,0,14805.8,4.355160,60.13289,0,15092.2,0.159237,59.96736,0,77.3086,1.842909,60.12939,1,68.4428,3.865960,60.10487,1,66.7997,-0.351186,60.58717,1,POW
859,7.166667,14940.7,2.256426,60.07693,0,14812,4.349789,59.89742,0,15181.8,0.162533,60.06295,0,76.1456,1.849500,60.12589,1,66.5168,3.874749,60.16786,1,63.8501,-0.370046,59.63981,1,POW
860,7.175000,15013.3,2.254046,59.95454,0,14811.5,4.356930,60.13638,0,15098.3,0.160946,59.96969,0,76.4678,1.850721,60.02331,1,67.7266,3.873895,59.98368,1,65.9149,-0.341057,60.55365,1,POW
861,7.183333,14944.4,2.258196,60.07927,0,14816.4,4.351559,59.89742,0,15186.3,0.164364,60.06528,0,74.965,1.860303,60.18301,1,65.1215,3.886773,60.24595,1,62.4411,-0.360647,59.62586,1,POW
862,7.191667,15020.5,2.255877,59.95570,0,14817.9,4.358883,60.13988,0,15104.5,0.162838,59.97086,0,75.2233,1.860853,60.01049,1,66.6,3.881890,59.90675,1,64.7487,-0.330803,60.56997,1,POW
863,7.200000,14947.8,2.260272,60.08393,0,14820.8,4.353512,59.89742,0,15191.2,0.166378,60.06761,0,73.7149,1.871471,60.20279,1,63.8715,3.896887,60.28642,1,61.0925,-0.349416,59.64451,1,POW
864,7.208333,15025.4,2.257464,59.94638,0,14822.5,4.360409,60.13172,0,15109.7,0.164364,59.96153,0,74.1527,1.874705,60.06178,1,65.3364,3.895117,59.96620,1,63.5859,-0.317947,60.60102,1,POW
865,7.216667,14955.2,2.262208,60.09060,0,14826.9,4.355404,59.90441,0,15197.1,0.168271,60.07460,0,72.9656,1.885447,60.20516,1,62.9594,3.911658,60.31589,1,60.0911,-0.335625,59.66238,1,POW
866,7.225000,15028.5,2.259417,59.94670,0,14825.4,4.362301,60.13172,0,15112.9,0.166256,59.96153,0,73.7168,1.891673,60.11890,1,64.6107,3.913061,60.02681,1,62.9597,-0.301041,60.66051,1,POW
867,7.233333,14953.8,2.263428,60.07661,0,14825.7,4.356625,59.89159,0,15195.5,0.169430,60.06062,0,72.5508,1.899158,60.14296,1,62.6056,3.926914,60.26457,1,59.5729,-0.318191,59.67245,1,POW
868,7.241667,15031.9,2.260577,59.94554,0,14829.1,4.363461,60.13056,0,15115.8,0.167477,59.96270,0,73.3903,1.907825,60.16552,1,64.2162,3.931032,60.07865,1,62.4377,-0.285357,60.62709,1,POW
869,7.250000,14958.9,2.265015,60.08477,0,14831.2,4.358273,59.90092,0,15201.5,0.171137,60.06990,0,72.6424,1.918689,60.20749,1,62.3933,3.941225,60.19467,1,59.1463,-0.302566,59.67132,1,POW
870,7.258333,15033.2,2.262025,59.94288,0,14830.4,4.364924,60.12702,0,15116.5,0.168881,59.95691,0,72.9482,1.922044,60.06407,1,63.5093,3.946718,60.10491,1,61.6554,-0.271563,60.59212,1,POW
871,7.266667,14967,2.266785,60.09092,0,14839.5,4.359982,59.90562,0,15208.7,0.172846,60.07573,0,71.6963,1.929429,60.14105,1,61.6953,3.958908,60.23280,1,58.4255,-0.285540,59.73306,1,POW
872,7.275000,15033.6,2.263917,59.94521,0,14832.1,4.366755,60.12935,0,15118.6,0.170832,59.96153,0,71.9644,1.937729,60.15853,1,62.5861,3.964767,60.11191,1,60.6674,-0.253087,60.61980,1,POW
873,7.283333,14969.6,2.267945,60.07694,0,14842.1,4.361203,59.89396,0,15211.4,0.174067,60.06178,0,70.6393,1.946824,60.17369,1,60.4646,3.978011,60.25295,1,57.2063,-0.267047,59.73339,1,POW
874,7.291667,15044.1,2.265748,59.95804,0,14840.8,4.368708,60.14334,0,15128.5,0.172663,59.97319,0,70.9179,1.955168,60.15937,1,61.3375,3.984786,60.12939,1,59.3475,-0.234960,60.61281,1,POW
875,7.300000,14977.6,2.269959,60.08043,0,14848.8,4.363156,59.89396,0,15218.8,0.176020,60.06411,0,69.3401,1.964812,60.18418,1,59.1242,3.996747,60.22843,1,55.8537,-0.248509,59.74122,1,POW
876,7.308333,15051.7,2.267457,59.95221,0,14846.5,4.370539,60.14101,0,15134.6,0.174311,59.96736,0,69.3164,1.970243,60.10374,1,59.6916,4.002057,60.10141,1,57.5934,-0.220130,60.54200,1,POW
877,7.316667,14984,2.271851,60.08393,0,14857.1,4.365107,59.89625,0,15226.2,0.178095,60.07227,0,68.0494,1.981779,60.22031,1,57.3556,4.009503,60.14221,1,54.0222,-0.236913,59.67948,1,POW
878,7.325000,15055.5,2.269105,59.94754,0,14851.3,4.372309,60.13755,0,15138.3,0.176142,59.96270,0,67.9809,1.982326,60.01045,1,57.7355,4.011517,60.03847,1,55.5891,-0.211891,60.47788,1,POW
879,7.333333,14988,2.273438,60.08276,0,14861.9,4.366755,59.89392,0,15229.6,0.179743,60.06877,0,66.2848,1.991848,60.18185,1,55.6206,4.020489,60.17136,1,52.2697,-0.227638,59.69926,1,POW
880,7.341667,15066.4,2.271058,59.95454,0,14861.2,4.374140,60.14105,0,15148.3,0.177973,59.96620,0,66.5909,1.995510,60.06994,1,56.4659,4.025660,60.09876,1,54.2605,-0.200739,60.51373,1,POW
881,7.350000,14992.8,2.275513,60.08509,0,14866.2,4.368586,59.89392,0,15234.3,0.181635,60.06994,0,65.3304,2.005824,60.19699,1,54.8063,4.036280,60.20283,1,51.2616,-0.212868,59.76836,1,POW
882,7.358333,15063.4,2.272584,59.94405,0,14861.3,4.375483,60.13172,0,15148.2,0.179621,59.96153,0,67.0385,2.005458,59.99301,1,55.9918,4.040430,60.07926,1,54.0581,-0.202553,60.19700,1,POW
883,7.366667,14990.6,2.276551,60.07577,0,14865.8,4.369684,59.88926,0,15232.1,0.182856,60.06178,0,65.9884,1.990139,59.70742,1,55.609,4.036280,59.92074,1,51.1983,-0.225807,59.55588,1,POW
884,7.375000,15073,2.274232,59.95570,0,14867.6,4.377314,60.14571,0,15154.7,0.181147,59.96736,0,65.4269,2.013986,60.45545,1,55.1782,4.045191,60.17018,1,52.9499,-0.183649,60.80515,1,POW
885,7.383333,14998,2.278687,60.08509,0,14870.8,4.371820,59.89509,0,15239.7,0.184809,60.06994,0,63.8398,2.022409,60.16086,1,53.3385,4.053612,60.16082,1,49.7598,-0.198786,59.71092,1,POW
886,7.391667,15076.9,2.275818,59.94522,0,14870.3,4.379023,60.13755,0,15158,0.182795,59.96153,0,64.1074,2.024667,60.04313,1,53.8542,4.057274,60.06994,1,51.5645,-0.170771,60.53504,1,POW
887,7.400000,15003.7,2.280701,60.09325,0,14875.9,4.373957,59.90325,0,15244.2,0.186945,60.07926,0,62.5619,2.035714,60.21098,1,52.0678,4.063194,60.11307,1,48.6251,-0.186395,59.70159,1,POW
888,7.408333,15076.5,2.277893,59.94638,0,14871,4.380975,60.13405,0,15159.4,0.184992,59.96270,0,62.8248,2.035714,60.00000,1,52.6579,4.064415,60.02331,1,50.4229,-0.162655,60.45340,1,POW
889,7.416667,15003.2,2.282227,60.08276,0,14875.5,4.375483,59.89509,0,15244.1,0.188471,60.06644,0,61.4074,2.044623,60.17015,1,50.8665,4.069786,60.10258,1,47.5558,-0.182123,59.62819,1,POW
890,7.425000,15082,2.279663,59.95104,0,14874.9,4.382745,60.13871,0,15163.9,0.186640,59.96503,0,61.7973,2.041635,59.94292,1,51.529,4.069359,59.99184,1,49.4912,-0.159359,60.43476,1,POW
891,7.433333,15009.7,2.284424,60.09092,0,14879.7,4.377619,59.90209,0,15249.4,0.190546,60.07460,0,60.1493,2.048590,60.13285,1,49.7713,4.071922,60.04896,1,46.598,-0.181696,59.57340,1,POW
892,7.441667,15082.3,2.281556,59.94521,0,14874.3,4.384638,60.13405,0,15162.8,0.188410,59.95920,0,60.2877,2.042733,59.88814,1,50.0974,4.068321,59.93122,1,48.2503,-0.163876,60.34034,1,POW
893,7.450000,15013.4,2.286133,60.08743,0,14883.8,4.379450,59.90092,0,15252.1,0.192316,60.07460,0,58.9137,2.049079,60.12119,1,48.3701,4.069298,60.01865,1,45.489,-0.186945,59.55942,1,POW
894,7.458333,15081.8,2.283448,59.94871,0,14874.1,4.386469,60.13405,0,15162.5,0.190302,59.96153,0,59.2302,2.042306,59.87065,1,49.0455,4.066124,59.93939,1,47.2913,-0.167294,60.37530,1,POW
895,7.466667,15012.9,2.287598,60.07927,0,14883.9,4.380975,59.89509,0,15251.6,0.193842,60.06761,0,58.1237,2.051398,60.17365,1,47.5903,4.070091,60.07576,1,44.7665,-0.188471,59.59555,1,POW
896,7.475000,15086.2,2.285218,59.95454,0,14877.8,4.388300,60.13988,0,15166.2,0.192072,59.96620,0,58.9134,2.046637,59.90908,1,48.6509,4.071739,60.03147,1,46.9319,-0.164181,60.46390,1,POW
897,7.483333,15013.9,2.289429,60.08043,0,14885.6,4.382745,59.89392,0,15253.9,0.195673,60.06877,0,58.0604,2.056342,60.18534,1,47.3972,4.076744,60.09559,1,44.7199,-0.180536,59.68764,1,POW
898,7.491667,15086.4,2.286682,59.94754,0,14879,4.389703,60.13289,0,15168.5,0.193537,59.95920,0,58.9924,2.054022,59.95570,1,48.461,4.080467,60.07111,1,46.9796,-0.155453,60.47905,1,POW
899,7.500000,15016.6,2.290894,60.08043,0,14888.1,4.384271,59.89625,0,15256.3,0.197199,60.06994,0,58.4172,2.065558,60.22031,1,47.6065,4.088079,60.14538,1,44.983,-0.168942,59.74238,1,POW
900,7.508333,15089.2,2.288269,59.94988,0,14880.7,4.391329,60.13480,0,15170.7,0.195123,59.96037,0,59.5095,2.062384,59.93938,1,48.926,4.090520,60.04663,1,47.4302,-0.144162,60.47326,1,POW
901,7.516667,15018.2,2.292176,60.07460,0,14888.4,4.385675,59.89201,0,15256.3,0.198419,60.06295,0,58.8541,2.073431,60.21099,1,48.0026,4.098333,60.14921,1,45.4227,-0.158078,59.73423,1,POW
902,7.525000,15093,2.289856,59.95570,0,14883.6,4.392977,60.13946,0,15172.9,0.196649,59.96620,0,59.8718,2.070135,59.93705,1,49.2895,4.099248,60.01749,1,47.8412,-0.134536,60.44962,1,POW
903,7.533333,15017.4,2.293760,60.07456,0,14888.6,4.387262,59.89085,0,15255.3,0.200006,60.06411,0,59.0911,2.078175,60.15354,1,48.2914,4.103704,60.08509,1,45.6787,-0.150571,59.69376,1,POW
904,7.541667,15093.5,2.291260,59.95225,0,14884.7,4.394442,60.13713,0,15172.8,0.198175,59.96503,0,59.8952,2.073065,59.90242,1,49.2885,4.101567,59.95920,1,47.7905,-0.132278,60.34937,1,POW
905,7.550000,15017.3,2.295408,60.07922,0,14889.2,4.388849,59.89318,0,15256.7,0.201637,60.06612,0,59.1069,2.079945,60.13139,1,48.2024,4.105107,60.06761,1,45.6452,-0.147885,59.70192,1,POW
906,7.558333,15095,2.292847,59.95108,0,14886,4.396029,60.13713,0,15174.8,0.199701,59.96302,0,60.1402,2.078175,59.96620,1,49.3259,4.106267,60.02215,1,47.8485,-0.128371,60.37269,1,POW
907,7.566667,15018.9,2.297300,60.08505,0,14890.6,4.390780,59.89975,0,15258.7,0.203590,60.07428,0,59.5411,2.087635,60.18068,1,48.4328,4.111577,60.10141,1,45.8774,-0.141232,59.75437,1,POW
908,7.575000,15093,2.294554,59.94754,0,14883.9,4.397616,60.13056,0,15172.7,0.201393,59.95804,0,60.3273,2.084156,59.93356,1,49.418,4.112371,60.01515,1,47.9619,-0.121963,60.36802,1,POW
909,7.583333,15017.8,2.298765,60.08043,0,14889.6,4.392245,59.89742,0,15257.7,0.205116,60.07111,0,59.5328,2.091419,60.13871,1,48.3844,4.116336,60.07573,1,45.8766,-0.134963,59.75172,1,POW
910,7.591667,15094.8,2.296080,59.94871,0,14885.4,4.399203,60.13289,0,15174.2,0.202980,59.95920,0,60.1878,2.087208,59.91957,1,49.3218,4.115359,59.98135,1,47.8552,-0.118301,60.31823,1,POW
911,7.600000,15018.5,2.300474,60.08393,0,14888.9,4.393954,59.89975,0,15257.2,0.206825,60.07344,0,59.2399,2.093494,60.12006,1,48.2001,4.118228,60.05479,1,45.647,-0.134109,59.69809,1,POW
912,7.608333,15092.6,2.297545,59.94405,0,14883.6,4.400607,60.12706,0,15171.5,0.204445,59.95454,0,59.8197,2.089527,59.92424,1,48.9909,4.117373,59.98368,1,47.4947,-0.117813,60.31123,1,POW
913,7.616667,15022,2.302061,60.08626,0,14892.9,4.395724,59.90675,0,15260.2,0.208534,60.07810,0,59.2359,2.095630,60.11656,1,48.0096,4.118228,60.01632,1,45.4292,-0.132522,59.71908,1,POW
914,7.625000,15090.9,2.299315,59.94754,0,14882.2,4.402437,60.12822,0,15171.1,0.206337,59.95804,0,59.7406,2.090870,59.90908,1,49.0055,4.116275,59.96270,1,47.2419,-0.116287,60.31007,1,POW
915,7.633333,15021.7,2.303282,60.07577,0,14892.9,4.396944,59.89509,0,15260.5,0.209877,60.06761,0,58.8909,2.097461,60.12589,1,47.8483,4.116702,60.00816,1,45.0479,-0.132461,59.69110,1,POW
916,7.641667,15094.2,2.301146,59.95920,0,14883.9,4.404146,60.13755,0,15174.8,0.208046,59.96503,0,59.3653,2.093006,59.91491,1,48.6318,4.117800,60.02098,1,46.8858,-0.115920,60.31589,1,POW
917,7.650000,15020.8,2.304869,60.07111,0,14890.8,4.398470,59.89160,0,15259.5,0.211281,60.06178,0,58.5118,2.099353,60.12123,1,47.5317,4.119876,60.03963,1,44.7008,-0.130630,59.71908,1,POW
918,7.658333,15096.5,2.302488,59.95454,0,14885.1,4.405672,60.13755,0,15175.7,0.209389,59.96386,0,59.1271,2.095813,59.93239,1,48.3194,4.120547,60.01282,1,46.583,-0.113662,60.32405,1,POW
919,7.666667,15021.9,2.306395,60.07460,0,14892.6,4.399996,59.89160,0,15260.4,0.212868,60.06644,0,58.4132,2.102527,60.12822,1,47.3468,4.122378,60.03497,1,44.503,-0.127944,59.72724,1,POW
920,7.675000,15097.2,2.303892,59.95221,0,14886.4,4.407015,60.13405,0,15176.9,0.210792,59.96037,0,58.9754,2.098865,59.93006,1,48.1429,4.124148,60.03380,1,46.4175,-0.110366,60.33571,1,POW
921,7.683333,15022.7,2.307859,60.07577,0,14893.8,4.401461,59.89393,0,15262.5,0.214393,60.06878,0,58.2372,2.104969,60.11657,1,47.208,4.125125,60.01865,1,44.3097,-0.124831,59.72374,1,POW
922,7.691667,15096.5,2.305418,59.95337,0,14886.4,4.408541,60.13521,0,15177.9,0.212440,59.96270,0,58.8835,2.101490,59.93356,1,47.9181,4.125186,60.00117,1,45.7653,-0.109024,60.30191,1,POW
923,7.700000,15024.3,2.309141,60.07110,0,14895.4,4.402865,59.89159,0,15264.3,0.215797,60.06411,0,58.4126,2.108751,60.13867,1,47.0524,4.128787,60.06878,1,43.7292,-0.121169,59.76803,1,POW
924,7.708333,15099.6,2.307005,59.95921,0,14887.5,4.410128,60.13872,0,15180.2,0.213966,59.96503,0,59.1242,2.108507,59.99534,1,48.0697,4.131838,60.05828,1,45.8047,-0.101030,60.38463,1,POW
925,7.716667,15023.7,2.310484,60.06644,0,14893.8,4.404146,59.88576,0,15263.6,0.217018,60.05828,0,58.5572,2.115770,60.13872,1,47.2829,4.138369,60.12473,1,43.9326,-0.111648,59.79721,1,POW
926,7.725000,15103.7,2.308348,59.95921,0,14890.6,4.411471,60.13988,0,15183.3,0.215248,59.96620,0,59.3405,2.115037,59.98601,1,48.341,4.142641,60.08160,1,46.0375,-0.092546,60.36482,1,POW
927,7.733333,15024.1,2.312254,60.07460,0,14895.6,4.405794,59.89159,0,15265.8,0.218788,60.06760,0,58.7931,2.121019,60.11424,1,47.5469,4.144472,60.03497,1,44.2323,-0.102007,59.81932,1,POW
928,7.741667,15103.5,2.309446,59.94638,0,14890.6,4.412569,60.12939,0,15182.6,0.216347,59.95338,0,59.5316,2.120897,59.99767,1,48.4408,4.150082,60.10713,1,46.1017,-0.086016,60.30540,1,POW
929,7.750000,15028.8,2.313841,60.08393,0,14900.3,4.407442,59.90208,0,15269.4,0.220497,60.07926,0,58.9678,2.127000,60.11656,1,47.7574,4.150936,60.01632,1,44.3529,-0.095171,59.82515,1,POW
930,7.758333,15106,2.311277,59.95104,0,14894,4.414400,60.13289,0,15185.4,0.218238,59.95687,0,59.5205,2.125535,59.97202,1,48.3362,4.153927,60.05712,1,46.058,-0.081011,60.27043,1,POW
931,7.766667,15028,2.315611,60.08276,0,14899.2,4.409212,59.90092,0,15268.3,0.222267,60.07694,0,58.7922,2.130662,60.09792,1,47.5915,4.153317,59.98834,1,44.1315,-0.091631,59.79717,1,POW
932,7.775000,15106.9,2.313169,59.95337,0,14894,4.416170,60.13289,0,15186.9,0.220069,59.95804,0,59.3761,2.130052,59.98834,1,48.3489,4.156369,60.05828,1,45.8289,-0.077410,60.27160,1,POW
933,7.783333,15027.4,2.317442,60.08160,0,14897.7,4.411043,59.90208,0,15268.2,0.224098,60.07694,0,58.782,2.135484,60.10375,1,47.5461,4.156491,60.00233,1,43.8924,-0.087786,59.80183,1,POW
934,7.791667,15104.6,2.314573,59.94521,0,14891,4.417633,60.12585,0,15183.7,0.221595,59.95221,0,59.2449,2.133958,59.97086,1,48.1758,4.159848,60.06411,1,45.4305,-0.074486,60.25401,1,POW
935,7.800000,15032,2.318845,60.08160,0,14901.6,4.412691,59.90562,0,15270.3,0.225624,60.07693,0,58.6386,2.139018,60.09664,1,47.3288,4.160458,60.01166,1,43.5894,-0.085161,59.79612,1,POW
936,7.808333,15102.5,2.316404,59.95337,0,14889.1,4.419525,60.13052,0,15181.6,0.223426,59.95804,0,58.8496,2.136033,59.94299,1,47.8816,4.162594,60.04079,1,45.015,-0.072350,60.24468,1,POW
937,7.816667,15029.8,2.320005,60.06877,0,14899.9,4.413790,59.89047,0,15268.6,0.226844,60.06528,0,58.0664,2.141276,60.10014,1,47.1251,4.159298,59.93706,1,42.9462,-0.085650,59.74599,1,POW
938,7.825000,15106.5,2.317991,59.96153,0,14892.8,4.421112,60.13984,0,15185.7,0.225074,59.96620,0,58.4675,2.139934,59.97435,1,47.6407,4.162411,60.05944,1,44.5534,-0.070275,60.29364,1,POW
939,7.833333,15032.1,2.321836,60.07344,0,14902,4.415621,59.89513,0,15271.2,0.228614,60.06761,0,57.8214,2.146830,60.13172,1,46.8584,4.166073,60.06994,1,42.725,-0.078997,59.83342,1,POW
940,7.841667,15107.3,2.319578,59.95687,0,14892,4.422760,60.13634,0,15185.5,0.226600,59.96153,0,58.5553,2.151225,60.08393,1,47.62,4.170711,60.08859,1,44.4073,-0.062584,60.31346,1,POW
941,7.850000,15032.2,2.323240,60.06994,0,14901,4.416964,59.88930,0,15271,0.229957,60.06411,0,58.1006,2.158488,60.13871,1,46.9172,4.174801,60.07810,1,42.8146,-0.068688,59.88343,1,POW
942,7.858333,15108,2.320860,59.95454,0,14892.4,4.424042,60.13518,0,15186.3,0.227882,59.96037,0,58.527,2.153849,59.91141,1,47.6603,4.179193,60.08389,1,44.5277,-0.053734,60.28559,1,POW
943,7.866667,15032.1,2.324565,60.07077,0,14901.3,4.418304,59.89043,0,15270.9,0.231300,60.06528,0,57.9824,2.159892,60.11540,1,47.0341,4.182489,60.06295,1,42.8532,-0.062096,59.84031,1,POW
944,7.875000,15109.5,2.322080,59.95254,0,14893.2,4.425201,60.13172,0,15186.9,0.229042,59.95687,0,58.5005,2.158976,59.98251,1,47.655,4.185663,60.06061,1,44.4339,-0.048668,60.25644,1,POW
945,7.883333,15033.9,2.325786,60.07077,0,14903.5,4.419586,59.89276,0,15271.6,0.232579,60.06757,0,57.8934,2.164469,60.10491,1,46.8498,4.188409,60.05246,1,42.6784,-0.056359,59.85312,1,POW
946,7.891667,15110.5,2.323423,59.95487,0,14895.4,4.426666,60.13522,0,15188.3,0.230445,59.95924,0,58.352,2.164164,59.99417,1,47.3782,4.190240,60.03497,1,44.2151,-0.042506,60.26457,1,POW
947,7.900000,15034.8,2.327190,60.07194,0,14904.9,4.420990,59.89159,0,15273.6,0.233922,60.06640,0,57.6772,2.169533,60.10254,1,46.4325,4.193902,60.06994,1,42.4472,-0.050438,59.84850,1,POW
948,7.908333,15114.7,2.325054,59.95920,0,14899.2,4.428253,60.13872,0,15193.5,0.232093,59.96507,0,58.1802,2.169289,59.99534,1,47.0944,4.196710,60.05362,1,43.9469,-0.037135,60.25408,1,POW
949,7.916667,15034.7,2.329021,60.07577,0,14905.1,4.422699,59.89392,0,15275.1,0.235753,60.06990,0,57.537,2.175331,60.11540,1,46.2948,4.199518,60.05362,1,42.2338,-0.044215,59.86478,1,POW
950,7.925000,15115.5,2.326396,59.94988,0,14899.1,4.429596,60.13172,0,15192.9,0.233373,59.95454,0,58.1051,2.176064,60.01399,1,46.89,4.206231,60.12822,1,43.7557,-0.029689,60.27743,1,POW
951,7.933333,15040.5,2.330730,60.08276,0,14909.8,4.424530,59.90325,0,15279.1,0.237462,60.07810,0,57.6837,2.182778,60.12823,1,46.3489,4.208716,60.04746,1,42.2847,-0.033473,59.92773,1,POW
952,7.941667,15116.2,2.328166,59.95104,0,14899.7,4.431305,60.12939,0,15193.5,0.235082,59.95454,0,58.2266,2.182472,59.99417,1,46.966,4.214332,60.10724,1,43.9824,-0.020778,60.24246,1,POW
953,7.950000,15037.3,2.331767,60.06878,0,14907.3,4.425567,59.89043,0,15276.1,0.238500,60.06528,0,57.7485,2.189064,60.12589,1,46.2853,4.218116,60.07227,1,42.222,-0.024440,59.93006,1,POW
954,7.958333,15120.3,2.329448,59.95570,0,14904.3,4.432709,60.13639,0,15197.2,0.236364,59.95920,0,58.496,2.190590,60.02914,1,47.0184,4.224890,60.12939,1,44.2348,-0.007856,60.31673,1,POW
955,7.966667,15041.1,2.333598,60.07927,0,14911.6,4.427459,59.89975,0,15279.9,0.240392,60.07693,0,58.0094,2.196999,60.12240,1,46.4494,4.227576,60.05129,1,42.4646,-0.013410,59.89392,1,POW
956,7.975000,15116.8,2.331096,59.95221,0,14901.5,4.434234,60.12939,0,15194.1,0.238073,59.95570,0,58.3215,2.197060,60.00117,1,46.9168,4.232825,60.10025,1,44.0728,-0.000471,60.24712,1,POW
957,7.983333,15041,2.335063,60.07577,0,14910.9,4.428924,59.89859,0,15279.5,0.241796,60.07111,0,57.7393,2.203878,60.13022,1,46.2286,4.237158,60.08276,1,42.3589,-0.004438,59.92423,1,POW
958,7.991667,15116.4,2.332805,59.95687,0,14899.9,4.435821,60.13172,0,15194.4,0.239598,59.95804,0,57.7038,2.201193,59.94871,1,46.7559,4.240208,60.05824,1,43.9195,0.006879,60.21615,1,POW
959,8.000000,15042.4,2.336589,60.07227,0,14912,4.430267,59.89393,0,15281.2,0.243261,60.06994,0,57.0465,2.208883,60.14688,1,46.0964,4.245762,60.10608,1,42.1908,0.001813,59.90325,1,POW
960,8.008333,15117.7,2.334270,59.95570,0,14900.7,4.437225,60.13288,0,15195.5,0.240941,59.95570,0,57.5292,2.210043,60.02215,1,46.7579,4.250462,60.08976,1,43.8542,0.015895,60.26894,1,POW
961,8.016667,15045.8,2.337871,60.06878,0,14915,4.431671,59.89393,0,15282.8,0.244542,60.06878,0,57.0723,2.217794,60.14804,1,46.0855,4.256260,60.11073,1,42.1508,0.012983,59.94438,1,POW
962,8.025000,15122.4,2.335857,59.96153,0,14905.5,4.439056,60.14104,0,15198.9,0.242650,59.96386,0,57.4969,2.218465,60.01282,1,46.6651,4.260593,60.08276,1,43.7581,0.026515,60.25845,1,POW
963,8.033333,15045.3,2.339397,60.06761,0,14915.2,4.433197,59.88810,0,15282.7,0.246129,60.06644,0,56.7899,2.226095,60.14571,1,45.8196,4.264561,60.07577,1,41.8608,0.023097,59.93472,1,POW
964,8.041667,15124.5,2.337200,59.95804,0,14906.7,4.440338,60.13638,0,15201.4,0.243993,59.95920,0,57.089,2.226156,60.00117,1,46.2032,4.268772,60.08043,1,43.1994,0.035670,60.24013,1,POW
965,8.050000,15047.6,2.340983,60.07227,0,14917.1,4.434722,59.89276,0,15285.4,0.247594,60.06878,0,56.2915,2.234393,60.15733,1,45.2751,4.273577,60.09176,1,41.3467,0.032985,59.94871,1,POW
966,8.058333,15128.6,2.338847,59.95921,0,14910.6,4.441925,60.13755,0,15206.1,0.245519,59.96037,0,56.6148,2.235492,60.02098,1,45.6837,4.280596,60.13405,1,42.6595,0.046288,60.25408,1,POW
967,8.066667,15048.4,2.342631,60.07227,0,14918.8,4.436370,59.89392,0,15286.8,0.249303,60.07227,0,55.8889,2.244586,60.17369,1,44.7677,4.284868,60.08160,1,40.8023,0.044947,59.97440,1,POW
968,8.075000,15128.7,2.340190,59.95337,0,14911.1,4.443267,60.13172,0,15205.7,0.246923,59.95454,0,56.1794,2.246417,60.03497,1,45.1503,4.294267,60.17951,1,42.0975,0.058434,60.25757,1,POW
969,8.083333,15052.6,2.343913,60.07111,0,14922.2,4.437713,59.89392,0,15290.1,0.250584,60.06994,0,55.5524,2.255816,60.17951,1,44.4633,4.298357,60.07810,1,40.4077,0.059227,60.01515,1,POW
970,8.091667,15134.1,2.341594,59.95570,0,14916.1,4.444732,60.13405,0,15210.3,0.248387,59.95804,0,55.8742,2.257342,60.02914,1,44.8741,4.308425,60.19230,1,41.6868,0.072289,60.24945,1,POW
971,8.100000,15054.4,2.345439,60.07344,0,14924.7,4.439239,59.89509,0,15292.8,0.252232,60.07344,0,55.2162,2.268250,60.20833,1,44.0768,4.310867,60.04663,1,40.0446,0.074059,60.03380,1,POW
972,8.108333,15135.2,2.342937,59.95221,0,14917.2,4.446014,60.12939,0,15211.6,0.249791,59.95337,0,55.5004,2.271363,60.05945,1,44.387,4.326064,60.29025,1,41.2766,0.089190,60.28898,1,POW
973,8.116667,15055.8,2.346904,60.07577,0,14927.1,4.440643,59.89742,0,15295.1,0.253758,60.07577,0,54.8885,2.283631,60.23430,1,43.7494,4.328322,60.04313,1,39.6382,0.092485,60.06294,1,POW
974,8.125000,15137.5,2.344401,59.95221,0,14920.1,4.447418,60.12939,0,15215,0.251256,59.95221,0,55.1357,2.287293,60.06994,1,43.8975,4.343869,60.29692,1,40.815,0.107012,60.27743,1,POW
975,8.133333,15060.5,2.348247,60.07344,0,14931.2,4.442047,59.89742,0,15299.4,0.255162,60.07460,0,54.4807,2.300596,60.25408,1,43.1833,4.349423,60.10607,1,39.1635,0.113113,60.11653,1,POW
976,8.141667,15145.4,2.346110,59.95920,0,14926.1,4.449109,60.13489,0,15221.7,0.252904,59.95687,0,54.7232,2.305784,60.09908,1,43.5369,4.367609,60.34733,1,40.2616,0.130019,60.32289,1,POW
977,8.150000,15068.7,2.350322,60.08043,0,14938.5,4.444122,59.90475,0,15306,0.257176,60.08160,0,54.0175,2.320188,60.27510,1,42.6656,4.373346,60.10957,1,38.616,0.138381,60.15970,1,POW
978,8.158333,15144.1,2.347697,59.94988,0,14926,4.450818,60.12789,0,15220,0.254613,59.95104,0,53.909,2.325725,60.10574,1,42.6586,4.394137,60.39707,1,39.4452,0.156613,60.34820,1,POW
979,8.166667,15073.6,2.351481,60.07227,0,14943.1,4.445404,59.89659,0,15310.1,0.258458,60.07344,0,53.1625,2.343242,60.33455,1,41.8078,4.401644,60.14338,1,37.582,0.166378,60.18651,1,POW
980,8.175000,15150.8,2.349528,59.96270,0,14932.5,4.452649,60.13838,0,15227.3,0.256444,59.96153,0,53.0937,2.349040,60.11074,1,41.875,4.421661,60.38230,1,38.5222,0.184626,60.34850,1,POW
981,8.183333,15074.7,2.353068,60.06761,0,14945.1,4.446929,59.89076,0,15311.9,0.259984,60.06761,0,52.1858,2.365180,60.30825,1,40.6805,4.428436,60.12939,1,36.4951,0.195123,60.20049,1,POW
982,8.191667,15155.8,2.350993,59.96037,0,14936.8,4.454114,60.13722,0,15232.2,0.257848,59.95920,0,52.1222,2.369697,60.08626,1,40.725,4.448577,60.38467,1,37.3822,0.209572,60.27594,1,POW
983,8.200000,15080.4,2.354655,60.06994,0,14950.9,4.448577,59.89426,0,15317.8,0.261632,60.07227,0,51.2894,2.385199,60.29608,1,39.7559,4.451612,60.05795,1,35.4967,0.218788,60.17601,1,POW
984,8.208333,15160.8,2.352763,59.96386,0,14940.8,4.455884,60.13955,0,15236.8,0.259557,59.96037,0,51.25,2.388111,60.05562,1,39.7545,4.471570,60.38117,1,36.3851,0.231483,60.24246,1,POW
985,8.216667,15082.3,2.356118,60.06407,0,14952,4.450025,59.88809,0,15318.8,0.263036,60.06644,0,50.4246,2.400990,60.24596,1,38.7715,4.471448,59.99767,1,34.507,0.239049,60.14450,1,POW
986,8.225000,15166.4,2.354167,59.96274,0,14945.5,4.457410,60.14105,0,15240.5,0.260960,59.96037,0,50.5426,2.402211,60.02331,1,38.9477,4.490488,60.36365,1,35.518,0.248570,60.18184,1,POW
987,8.233333,15085.1,2.357673,60.06695,0,14955.4,4.451612,59.88926,0,15321,0.264605,60.06961,0,49.8655,2.414051,60.22614,1,38.2218,4.489024,59.97202,1,33.959,0.257848,60.17718,1,POW
988,8.241667,15168.4,2.355691,59.96215,0,14948,4.458875,60.13872,0,15242.3,0.262486,59.95953,0,50.1436,2.415028,60.01865,1,38.6619,4.506785,60.33921,1,35.1095,0.265826,60.15237,1,POW
989,8.250000,15085.8,2.359138,60.06583,0,14956.7,4.453015,59.88809,0,15322.6,0.266009,60.06728,0,49.6031,2.425890,60.20745,1,37.9525,4.501780,59.90441,1,33.6532,0.273028,60.13755,1,POW
990,8.258333,15170.2,2.356879,59.95687,0,14951,4.460096,60.13522,0,15244.8,0.263812,59.95804,0,49.873,2.425340,59.98951,1,38.2696,4.520012,60.34821,1,34.7388,0.278460,60.10375,1,POW
991,8.266667,15090.1,2.360908,60.07694,0,14960.4,4.454724,59.89742,0,15327.5,0.267779,60.07577,0,49.2475,2.434862,60.18185,1,37.5913,4.510996,59.82781,1,33.2866,0.283159,60.08975,1,POW
992,8.275000,15170,2.358405,59.95221,0,14949.7,4.461560,60.13056,0,15243.7,0.265215,59.95104,0,49.2219,2.431932,59.94405,1,37.6656,4.528984,60.34355,1,34.0806,0.287249,60.07810,1,POW
993,8.283333,15093.2,2.362494,60.07810,0,14963.2,4.456433,59.90208,0,15329.5,0.269427,60.08043,0,48.6727,2.440721,60.16785,1,36.9619,4.518059,59.79135,1,32.7341,0.290423,60.06062,1,POW
994,8.291667,15172.4,2.360175,59.95570,0,14951.2,4.463391,60.13289,0,15244.7,0.266985,59.95337,0,48.7041,2.437242,59.93356,1,37.1382,4.536125,60.34504,1,33.5937,0.294998,60.08738,1,POW
995,8.300000,15090.8,2.363898,60.07111,0,14960.2,4.457898,59.89509,0,15326,0.270831,60.07344,0,48.0876,2.446763,60.18185,1,36.3699,4.525200,59.79135,1,32.1891,0.298721,60.07111,1,POW
996,8.308333,15172.3,2.361457,59.95337,0,14951.8,4.464673,60.12939,0,15245,0.268267,59.95104,0,48.2211,2.443589,59.93938,1,36.5838,4.543813,60.35549,1,32.9967,0.300491,60.03380,1,POW
997,8.316667,15093.4,2.365485,60.07693,0,14964,4.459546,59.90209,0,15329,0.272540,60.08160,0,47.9243,2.450652,60.13489,1,36.0874,4.532341,59.78089,1,31.7317,0.304520,60.07693,1,POW
998,8.325000,15171.7,2.363105,59.95454,0,14952.1,4.466321,60.12939,0,15245.4,0.269976,59.95104,0,48.211,2.447252,59.93505,1,36.3732,4.553640,60.40678,1,32.6656,0.309646,60.09792,1,POW
999,8.333333,15096.4,2.367011,60.07460,0,14967.2,4.461133,59.90092,0,15331.6,0.274127,60.07927,0,47.7696,2.456573,60.17802,1,35.7598,4.539970,59.73893,1,31.4988,0.313430,60.07227,1,POW
1000,8.341667,15173,2.365119,59.96386,0,14952.9,4.468274,60.13638,0,15248.2,0.271929,59.95804,0,48.1062,2.453521,59.94172,1,36.1173,4.558950,60.36248,1,32.5542,0.316543,60.05945,1,POW
1001,8.350000,15092.9,2.368171,60.05828,0,14963.3,4.462293,59.88577,0,15328.8,0.275225,60.06295,0,47.8788,2.462493,60.17135,1,35.707,4.549734,59.82399,1,31.398,0.321182,60.08859,1,POW
1002,8.358333,15175.3,2.366401,59.96620,0,14953.8,4.469617,60.13988,0,15248.8,0.273150,59.96037,0,48.4203,2.459503,59.94288,1,36.3786,4.567678,60.34270,1,32.7356,0.324761,60.06835,1,POW
1003,8.366667,15094.7,2.369636,60.06178,0,14964.8,4.463880,59.89043,0,15329.4,0.276629,60.06644,0,48.0945,2.467071,60.14454,1,35.8804,4.555959,59.77619,1,31.6323,0.329644,60.09325,1,POW
1004,8.375000,15174.8,2.367682,59.96270,0,14953.6,4.471021,60.13638,0,15247.5,0.274493,59.95920,0,48.3697,2.463165,59.92540,1,36.3279,4.572622,60.31823,1,32.7036,0.330010,60.00699,1,POW
1005,8.383333,15095,2.370978,60.06295,0,14965.1,4.465161,59.88809,0,15330,0.277972,60.06644,0,47.9749,2.470672,60.14337,1,35.8597,4.560231,59.76337,1,31.5178,0.334099,60.07810,1,POW
1006,8.391667,15172.6,2.368842,59.95920,0,14952.3,4.472180,60.13405,0,15246.1,0.275774,59.95804,0,48.2845,2.466338,59.91724,1,36.2014,4.576205,60.30508,1,32.5833,0.335442,60.02565,1,POW
1007,8.400000,15094.1,2.372321,60.06644,0,14965.2,4.466504,59.89159,0,15330.3,0.279436,60.06994,0,48.0183,2.474212,60.15037,1,35.8423,4.565908,59.80333,1,31.5768,0.338676,60.06178,1,POW
1008,8.408333,15176.3,2.370368,59.96270,0,14955,4.473706,60.13755,0,15249.4,0.277178,59.95687,0,48.4532,2.469756,59.91491,1,36.4192,4.582126,60.30974,1,32.6981,0.338615,59.99883,1,POW
1009,8.416667,15095.1,2.373969,60.06877,0,14966.5,4.468213,59.89509,0,15331,0.281145,60.07576,0,48.112,2.476958,60.13755,1,35.9514,4.565664,59.68560,1,31.6968,0.341911,60.06295,1,POW
1010,8.425000,15174.4,2.371833,59.95921,0,14952.8,4.475110,60.13172,0,15247.5,0.278643,59.95221,0,48.4141,2.472503,59.91491,1,36.248,4.584384,60.35753,1,32.672,0.341545,59.99301,1,POW
1011,8.433333,15093.3,2.375312,60.06644,0,14963.2,4.469556,59.89392,0,15328.6,0.282366,60.07110,0,48.0456,2.479033,60.12473,1,35.8336,4.570180,59.72873,1,31.6221,0.344780,60.06178,1,POW
1012,8.441667,15174.3,2.373053,59.95687,0,14951.5,4.476392,60.13056,0,15246.7,0.279803,59.95104,0,48.3401,2.473662,59.89742,1,36.2406,4.586398,60.30974,1,32.5417,0.342522,59.95687,1,POW
1013,8.450000,15093.1,2.376532,60.06644,0,14963.5,4.470837,59.89392,0,15328.3,0.283587,60.07227,0,47.9325,2.479949,60.12006,1,35.7295,4.570546,59.69726,1,31.4843,0.344292,60.03380,1,POW
1014,8.458333,15174.4,2.374213,59.95570,0,14953,4.477612,60.12939,0,15246.9,0.281023,59.95104,0,48.1699,2.474639,59.89859,1,35.9896,4.587619,60.32606,1,32.3365,0.343681,59.98834,1,POW
1015,8.466667,15094.9,2.377997,60.07227,0,14966.7,4.472302,59.89859,0,15330.5,0.285174,60.07927,0,47.7999,2.481536,60.13172,1,35.4978,4.570485,59.67278,1,31.3569,0.344597,60.01749,1,POW
1016,8.475000,15174.2,2.375739,59.95687,0,14952.7,4.479077,60.12939,0,15247.1,0.282549,59.94988,0,48.1805,2.477569,59.92423,1,35.8051,4.589572,60.36452,1,32.3272,0.342277,59.95570,1,POW
1017,8.483333,15094.2,2.379157,60.06528,0,14964.8,4.473401,59.89159,0,15329.5,0.286272,60.07111,0,47.9457,2.485257,60.14683,1,35.4394,4.574191,59.70625,1,31.4298,0.343620,60.02565,1,POW
1018,8.491667,15178.3,2.376898,59.95687,0,14955.4,4.480357,60.13285,0,15249.1,0.283709,59.95104,0,48.6156,2.483609,59.96853,1,35.9086,4.592196,60.34387,1,32.6676,0.339226,59.91607,1,POW
1019,8.500000,15098.6,2.380622,60.07111,0,14968.1,4.474988,59.89746,0,15331.6,0.287737,60.07693,0,48.1939,2.489957,60.12123,1,35.4913,4.576083,59.69227,1,31.6606,0.342766,60.06761,1,POW
1020,8.508333,15178.8,2.378363,59.95687,0,14956.3,4.481760,60.12935,0,15249.6,0.285113,59.94988,0,48.4416,2.483243,59.87178,1,35.8744,4.594454,60.35087,1,32.5063,0.345085,60.04430,1,POW
1021,8.516667,15098,2.381964,60.06877,0,14967.5,4.476331,59.89630,0,15330.9,0.289080,60.07577,0,48.0844,2.489957,60.12822,1,35.5675,4.579196,59.70858,1,31.5676,0.349844,60.09088,1,POW
1022,8.525000,15174.8,2.379767,59.95804,0,14953.2,4.483042,60.12818,0,15246.8,0.286516,59.95104,0,48.351,2.483853,59.88343,1,36.0345,4.596530,60.33105,1,32.4942,0.350210,60.00699,1,POW
1023,8.533333,15097.6,2.383124,60.06411,0,14967.6,4.477551,59.89513,0,15330.8,0.290301,60.07227,0,48.0964,2.490567,60.12822,1,35.6165,4.580050,59.68527,1,31.602,0.352468,60.04313,1,POW
1024,8.541667,15176.2,2.381232,59.96386,0,14953.4,4.484568,60.13401,0,15248.3,0.287920,59.95454,0,48.4735,2.484830,59.89043,1,36.0785,4.598422,60.35086,1,32.6267,0.351431,59.98018,1,POW
1025,8.550000,15097.4,2.384589,60.06411,0,14967.3,4.478955,59.89280,0,15330.4,0.291704,60.07227,0,48.2666,2.492398,60.14454,1,35.8398,4.582858,59.70276,1,31.8115,0.353933,60.04779,1,POW
1026,8.558333,15173.2,2.382575,59.96153,0,14950.2,4.485911,60.13285,0,15245.7,0.289263,59.95337,0,48.7037,2.486294,59.88343,1,36.28,4.599337,60.31473,1,32.8545,0.352529,59.97319,1,POW
1027,8.566667,15092.3,2.385443,60.05479,0,14961.5,4.479871,59.88464,0,15325.8,0.292559,60.06295,0,48.3896,2.492886,60.12589,1,35.8809,4.585177,59.72957,1,31.8597,0.354299,60.03380,1,POW
1028,8.575000,15174.4,2.383429,59.96153,0,14950.6,4.486765,60.13168,0,15245.5,0.290117,59.95337,0,48.7922,2.487637,59.89975,1,36.3657,4.601473,60.31123,1,32.8675,0.352041,59.95687,1,POW
1029,8.583333,15094.9,2.386847,60.06528,0,14964.6,4.481272,59.89509,0,15327.9,0.293963,60.07344,0,48.3986,2.493436,60.11074,1,35.9252,4.583773,59.66196,1,31.932,0.354665,60.05012,1,POW
1030,8.591667,15174.6,2.384772,59.96037,0,14952.3,4.488230,60.13289,0,15245.8,0.291521,59.95337,0,48.79,2.485562,59.84963,1,36.2339,4.600680,60.32289,1,32.7684,0.348442,59.88114,1,POW
1031,8.600000,15092.1,2.388111,60.06378,0,14963.4,4.482554,59.89159,0,15325.9,0.295303,60.07223,0,48.2451,2.489896,60.08276,1,35.8466,4.578769,59.58153,1,31.7952,0.349172,60.01395,1,POW
1032,8.608333,15175,2.385993,59.95953,0,14952.4,4.489390,60.13056,0,15246.4,0.292742,59.95108,0,48.4791,2.486905,59.94288,1,36.0388,4.599459,60.39516,1,32.5952,0.350942,60.03380,1,POW
1033,8.616667,15090.5,2.389515,60.06728,0,14961.5,4.483958,59.89625,0,15324.4,0.296646,60.07456,0,48.0589,2.495206,60.15853,1,35.606,4.583957,59.70392,1,31.6984,0.353994,60.05828,1,POW
1034,8.625000,15174.3,2.387274,59.95720,0,14951.4,4.490550,60.12589,0,15246,0.293902,59.94759,0,48.2173,2.488492,59.87178,1,35.8311,4.599459,60.29608,1,32.3769,0.350088,59.92540,1,POW
1035,8.633333,15095.4,2.391041,60.07194,0,14966,4.485545,59.90441,0,15328.5,0.298233,60.08272,0,47.7658,2.495938,60.14221,1,35.37,4.583773,59.70042,1,31.3912,0.353994,60.07460,1,POW
1036,8.641667,15175.3,2.389210,59.96503,0,14950.8,4.492625,60.13522,0,15245.6,0.295853,59.95454,0,48.014,2.491299,59.91141,1,35.6531,4.603549,60.37768,1,32.2219,0.353689,59.99417,1,POW
1037,8.650000,15090.8,2.392506,60.06295,0,14960.2,4.486948,59.89159,0,15323.3,0.299576,60.07111,0,47.4979,2.498440,60.13638,1,35.1739,4.586947,59.68294,1,31.1676,0.356741,60.05828,1,POW
1038,8.658333,15173.4,2.390248,59.95687,0,14950,4.493601,60.12706,0,15243.5,0.296890,59.94871,0,47.6638,2.493069,59.89742,1,35.3457,4.606171,60.36714,1,31.8662,0.355642,59.97902,1,POW
1039,8.666667,15094.7,2.394032,60.07227,0,14963.9,4.488474,59.90208,0,15326.8,0.301102,60.08043,0,47.3119,2.500576,60.14337,1,34.9279,4.589327,59.67831,1,30.9839,0.357351,60.03264,1,POW
1040,8.675000,15172,2.391713,59.95570,0,14949.4,4.495066,60.12589,0,15242.4,0.298355,59.94754,0,47.4973,2.495328,59.89976,1,35.2106,4.611359,60.42077,1,31.7633,0.358327,60.01865,1,POW
1041,8.683333,15096.8,2.395436,60.07111,0,14967.2,4.490000,59.90325,0,15328.4,0.302627,60.08160,0,47.2513,2.503079,60.14804,1,34.8539,4.592684,59.64334,1,30.9783,0.360220,60.03614,1,POW
1042,8.691667,15175.8,2.393483,59.96270,0,14952.3,4.496958,60.13288,0,15246.2,0.300125,59.95221,0,47.4894,2.496854,59.88111,1,35.1337,4.611969,60.36831,1,31.7459,0.359121,59.97902,1,POW
1043,8.700000,15095.9,2.397023,60.06761,0,14965.7,4.491587,59.89742,0,15327.1,0.304214,60.07810,0,47.1972,2.504666,60.14920,1,34.7555,4.594943,59.67482,1,30.9291,0.361501,60.04546,1,POW
1044,8.708333,15173.3,2.395008,59.96153,0,14948.5,4.498484,60.13172,0,15243.3,0.301529,59.94871,0,47.4502,2.499356,59.89859,1,35.0645,4.616303,60.40795,1,31.7849,0.362844,60.02565,1,POW
1045,8.716667,15092.6,2.397938,60.05595,0,14961.7,4.492625,59.88810,0,15322.5,0.305069,60.06761,0,47.0577,2.506619,60.13872,1,34.6577,4.600253,59.69347,1,30.7767,0.365346,60.04779,1,POW
1046,8.725000,15175.1,2.396168,59.96620,0,14950.7,4.499705,60.13521,0,15243.9,0.302688,59.95454,0,47.2912,2.501126,59.89509,1,34.9335,4.617279,60.32518,1,31.5844,0.363027,59.95571,1,POW
1047,8.733333,15093.7,2.399464,60.06295,0,14963.8,4.494090,59.89276,0,15324.1,0.306595,60.07460,0,46.9867,2.508267,60.13638,1,34.6161,4.602267,59.71328,1,30.7832,0.367116,60.07810,1,POW
1048,8.741667,15173,2.397450,59.96153,0,14949.1,4.500925,60.13055,0,15242,0.303970,59.94988,0,47.4,2.503445,59.90791,1,35.2111,4.620880,60.35549,1,31.8266,0.368032,60.01749,1,POW
1049,8.750000,15091.7,2.400563,60.05945,0,14962.7,4.495188,59.89043,0,15323.1,0.307632,60.06994,0,47.3638,2.511563,60.15504,1,35.0984,4.605133,59.69926,1,31.2402,0.371877,60.07344,1,POW
1050,8.758333,15173.9,2.398609,59.96270,0,14948.7,4.502146,60.13288,0,15242.7,0.305069,59.95104,0,47.9309,2.507901,59.93006,1,35.7216,4.624481,60.36952,1,32.3796,0.372243,60.00699,1,POW
1051,8.766667,15089.3,2.401783,60.06062,0,14960.1,4.496409,59.89043,0,15320.2,0.308853,60.07227,0,47.7604,2.516001,60.15470,1,35.6412,4.608917,59.70276,1,31.7323,0.377004,60.09092,1,POW
1052,8.775000,15174.8,2.399891,59.96386,0,14949.5,4.503367,60.13289,0,15243.1,0.306290,59.95104,0,48.2199,2.511257,59.90941,1,36.1259,4.625336,60.31356,1,32.7999,0.374807,59.95804,1,POW
1053,8.783333,15089,2.403065,60.06062,0,14959,4.497751,59.89276,0,15319.3,0.310074,60.07227,0,47.8073,2.515879,60.08826,1,35.7497,4.610382,59.71441,1,31.9447,0.376943,60.04080,1,POW
1054,8.791667,15172.5,2.400929,59.95920,0,14947,4.504404,60.12706,0,15239.7,0.307266,59.94638,0,48.048,2.510830,59.90358,1,36.1153,4.627228,60.32172,1,32.7496,0.374746,59.95804,1,POW
1055,8.800000,15089.4,2.404102,60.06061,0,14959.6,4.498789,59.89276,0,15319.4,0.311050,60.07227,0,47.7841,2.516794,60.11390,1,35.8285,4.611359,59.69693,1,32.0155,0.377370,60.05012,1,POW
1056,8.808333,15171.8,2.401844,59.95687,0,14948.3,4.505320,60.12473,0,15240.5,0.308304,59.94755,0,48.0556,2.512905,59.92573,1,36.1625,4.629120,60.33921,1,32.8563,0.377248,59.99767,1,POW
1057,8.816667,15092.8,2.405506,60.06994,0,14964.2,4.500193,59.90208,0,15324.2,0.312637,60.08276,0,47.707,2.519541,60.12673,1,35.7967,4.610932,59.65263,1,31.9867,0.377309,60.00117,1,POW
1058,8.825000,15173.2,2.403431,59.96037,0,14949,4.506907,60.12822,0,15241.9,0.309891,59.94755,0,47.7117,2.514048,59.89509,1,35.8743,4.627899,60.32405,1,32.5208,0.375783,59.97086,1,POW
1059,8.833333,15091.6,2.407093,60.06994,0,14962.8,4.501719,59.90092,0,15323.5,0.314285,60.08392,0,47.3117,2.520701,60.12706,1,35.3441,4.611542,59.68760,1,31.6205,0.378347,60.04896,1,POW
1060,8.841667,15173,2.404896,59.95804,0,14947.6,4.508310,60.12589,0,15241.9,0.311294,59.94288,0,47.3654,2.515757,59.90558,1,35.514,4.630707,60.36602,1,32.1366,0.377309,59.98018,1,POW
1061,8.850000,15092.8,2.408436,60.06761,0,14962.8,4.503061,59.89975,0,15323.1,0.315567,60.08160,0,47.0454,2.522348,60.12589,1,35.1062,4.614716,59.69460,1,31.2905,0.378530,60.02331,1,POW
1062,8.858333,15174.2,2.406422,59.96153,0,14948.1,4.509897,60.13056,0,15241.9,0.312820,59.94754,0,47.3083,2.518015,59.91724,1,35.4527,4.634796,60.38350,1,32.1253,0.380282,60.03347,1,POW
1063,8.866667,15092.8,2.409779,60.06411,0,14963.1,4.504465,59.89625,0,15322.4,0.316970,60.07927,0,47.1458,2.524729,60.12822,1,35.2968,4.618073,59.68061,1,31.4716,0.382358,60.03963,1,POW
1064,8.875000,15173.8,2.407948,59.96503,0,14948.3,4.511345,60.13140,0,15242.5,0.314346,59.94988,0,47.5154,2.520823,59.92540,1,35.6852,4.634796,60.31939,1,32.3591,0.381869,59.99067,1,POW
1065,8.883333,15089.7,2.410816,60.05479,0,14960.4,4.505503,59.88842,0,15319.8,0.318008,60.06994,0,47.2425,2.526194,60.10258,1,35.3625,4.620392,59.72490,1,31.5348,0.385531,60.06994,1,POW
1066,8.891667,15176.1,2.409290,59.97086,0,14950.3,4.512749,60.13839,0,15244.7,0.315750,59.95687,0,47.7825,2.522043,59.92073,1,35.8735,4.634857,60.27626,1,32.5818,0.384006,59.97086,1,POW
1067,8.900000,15090.6,2.412403,60.05945,0,14961.1,4.507029,59.89075,0,15321.2,0.319534,60.07227,0,47.6209,2.527292,60.10025,1,35.6839,4.621063,59.73656,1,31.8979,0.386752,60.05246,1,POW
1068,8.908333,15174.3,2.410633,59.96620,0,14947.8,4.514092,60.13489,0,15243,0.317031,59.95221,0,48.0363,2.523813,59.93356,1,36.2067,4.637110,60.30646,1,32.907,0.385715,59.98018,1,POW
1069,8.916667,15090.7,2.413807,60.06061,0,14960.5,4.508432,59.89192,0,15321.2,0.320816,60.07227,0,47.8167,2.528208,60.08393,1,35.9676,4.622406,59.71918,1,32.137,0.387424,60.03264,1,POW
1070,8.925000,15171.6,2.411854,59.96270,0,14943.7,4.515251,60.13023,0,15239.6,0.318252,59.95104,0,48.077,2.524057,59.92073,1,36.5942,4.634369,60.22847,1,32.8866,0.384555,59.94521,1,POW
1071,8.933333,15087.8,2.414783,60.05595,0,14955.3,4.509287,59.88609,0,15317.9,0.321831,60.06835,0,47.6768,2.528269,60.08043,1,36.8361,4.606537,59.46845,1,32.0099,0.386142,60.03031,1,POW
1072,8.941667,15175.3,2.412952,59.96503,0,14946.6,4.516289,60.13373,0,15242.3,0.319412,59.95380,0,48.0358,2.525034,59.93822,1,37.245,4.622528,60.30540,1,32.8424,0.384250,59.96386,1,POW
1073,8.950000,15089,2.416553,60.06878,0,14958.2,4.511057,59.90008,0,15319.4,0.323662,60.08118,0,47.6502,2.530100,60.09675,1,36.9162,4.604769,59.66083,1,32.0872,0.386447,60.04196,1,POW
1074,8.958333,15173.1,2.414417,59.95920,0,14944.9,4.517693,60.12673,0,15240.2,0.320755,59.94447,0,47.8081,2.526377,59.92890,1,37.0601,4.624908,60.38463,1,32.7629,0.384677,59.96620,1,POW
1075,8.966667,15089.4,2.417896,60.06644,0,14958.3,4.512322,59.89742,0,15320.1,0.325005,60.08118,0,47.4469,2.532297,60.11307,1,36.7438,4.610077,59.71674,1,31.9708,0.385592,60.01749,1,POW
1076,8.975000,15175.6,2.415943,59.96270,0,14944.6,4.519036,60.12822,0,15241.3,0.322136,59.94521,0,46.9534,2.537058,60.09092,1,36.7507,4.624664,60.27859,1,32.6222,0.382907,59.94871,1,POW
1077,8.983333,15092,2.419481,60.06757,0,14956.8,4.513725,59.89859,0,15319.5,0.326226,60.07810,0,46.2355,2.552497,60.29488,1,36.1485,4.616059,59.83564,1,31.821,0.385898,60.05712,1,POW
1078,8.991667,15175.3,2.417225,59.95691,0,14944.5,4.520317,60.12589,0,15239.4,0.323296,59.94405,0,46.3255,2.548408,59.92190,1,36.2053,4.635406,60.36952,1,32.3318,0.385348,59.98951,1,POW
1079,9.000000,15094.1,2.420885,60.06990,0,14961.1,4.515312,59.90441,0,15321.5,0.327873,60.08743,0,46.5048,2.554267,60.11191,1,35.7866,4.622650,59.75637,1,31.6242,0.386203,60.01632,1,POW
1080,9.008333,15176.1,2.418507,59.95458,0,14945.5,4.521782,60.12356,0,15239.7,0.324700,59.93939,0,46.8796,2.549751,59.91374,1,36.0032,4.641321,60.35659,1,32.2851,0.386752,60.01049,1,POW
1081,9.016667,15093.1,2.422044,60.06757,0,14959.5,4.516594,59.90092,0,15318.8,0.329033,60.08276,0,46.5537,2.554817,60.09675,1,35.5472,4.622284,59.63642,1,31.63,0.388400,60.03147,1,POW
1082,9.025000,15177.1,2.419908,59.95920,0,14946.2,4.523308,60.12822,0,15239.9,0.326165,59.94521,0,46.7779,2.550971,59.92656,1,35.6634,4.636255,60.26683,1,32.3399,0.387240,59.97785,1,POW
1083,9.033333,15072.1,2.423082,60.06062,0,14942.8,4.517876,59.89625,0,15298.8,0.330315,60.07927,0,52.4057,2.491543,58.86501,1,38.4109,4.578280,58.89276,1,35.3182,0.259190,57.55443,1,POW
1084,9.041667,15141.4,2.420213,59.94521,0,14913.2,4.523125,60.10025,0,15206.7,0.326287,59.92306,0,53.9918,2.377021,57.81277,1,44.3897,4.434906,57.26174,1,40.6458,0.191889,58.71463,1,POW
1085,9.050000,15056.7,2.423265,60.05828,0,14921.1,4.517998,59.90208,0,15283.2,0.330193,60.07460,0,53.3537,2.371406,59.89276,1,43.1877,4.390841,59.15843,1,39.8356,0.163754,59.46267,1,POW
1086,9.058333,15138.3,2.421556,59.96736,0,14906.7,4.524529,60.12473,0,15201.6,0.327446,59.94754,0,53.3603,2.374030,60.05012,1,42.9227,4.415621,60.47326,1,40.2111,0.158200,59.89392,1,POW
1087,9.066667,15057.1,2.424669,60.05945,0,14919.3,4.519524,59.90441,0,15280.3,0.331475,60.07694,0,53.1407,2.366279,59.85196,1,43.0626,4.386041,59.43507,1,39.8274,0.156735,59.97202,1,POW
1088,9.075000,15114.9,2.422594,59.96037,0,14884.2,4.525994,60.12356,0,15174.2,0.328728,59.94754,0,59.8171,2.336528,59.43181,1,46.5941,4.336667,59.05701,1,47.5111,0.055871,58.07363,1,POW
1089,9.083333,15022,2.424547,60.03730,0,14888.3,4.519402,59.87411,0,15245.9,0.331658,60.05595,0,60.6619,2.237689,58.11231,1,51.0366,4.272905,58.78225,1,47.1119,0.012495,59.17158,1,POW
1090,9.091667,15102.9,2.423082,59.97202,0,14873.8,4.526116,60.12823,0,15168.3,0.329033,59.94988,0,59.5127,2.236468,59.97669,1,50.3023,4.255222,59.66228,1,47.8054,0.015712,60.06145,1,POW
1091,9.100000,15022.6,2.426134,60.05828,0,14887.2,4.520867,59.89975,0,15246.8,0.333061,60.07694,0,59.3198,2.243487,60.13405,1,49.6156,4.260410,60.09908,1,46.3417,0.004682,59.78934,1,POW
1092,9.108333,15104.5,2.424852,59.97552,0,14874,4.527885,60.13405,0,15169.4,0.330681,59.95454,0,59.4037,2.233722,59.81349,1,49.9259,4.250584,59.81233,1,47.6788,0.007368,60.05129,1,POW
1093,9.116667,15017.5,2.427782,60.05595,0,14882.7,4.522453,59.89626,0,15242.6,0.334709,60.07693,0,58.8763,2.234027,60.00583,1,49.3996,4.252354,60.03380,1,45.9647,-0.002058,59.81999,1,POW
1094,9.125000,15104.9,2.426195,59.96969,0,14874.3,4.529167,60.12822,0,15170,0.331963,59.94755,0,59.5605,2.236957,60.05595,1,49.9143,4.252781,60.00816,1,47.6538,0.006879,60.17068,1,POW
1095,9.133333,15016.4,2.429186,60.05712,0,14881.5,4.523735,59.89626,0,15241.7,0.335991,60.07693,0,59.0988,2.235370,59.96969,1,49.6117,4.253330,60.01049,1,46.1389,0.000471,59.87760,1,POW
1096,9.141667,15105.2,2.427232,59.96270,0,14874.2,4.530266,60.12472,0,15169.4,0.333000,59.94289,0,59.6357,2.238482,60.05945,1,49.991,4.257481,60.07926,1,47.7083,0.011518,60.21099,1,POW
1097,9.150000,15018.2,2.430528,60.06295,0,14882.7,4.525078,59.90092,0,15243,0.337334,60.08276,0,59.0473,2.235492,59.94288,1,49.8335,4.251438,59.88460,1,46.3693,0.002058,59.81932,1,POW
1098,9.158333,15102.2,2.428270,59.95687,0,14872.6,4.531364,60.12006,0,15167.3,0.334099,59.93822,0,59.598,2.238849,60.06411,1,50.1023,4.259922,60.16202,1,47.7179,0.013410,60.21682,1,POW
1099,9.166667,15021.1,2.431688,60.06528,0,14885.9,4.526360,59.90442,0,15245.5,0.338615,60.08626,0,59.1811,2.237445,59.97319,1,50.0218,4.249974,59.81000,1,46.6723,0.003461,59.80999,1,POW
1100,9.175000,15101.7,2.429735,59.96270,0,14872.1,4.532890,60.12472,0,15166.5,0.335625,59.94288,0,59.5852,2.240497,60.05828,1,49.938,4.261631,60.22264,1,47.6062,0.014448,60.20982,1,POW
1101,9.183333,15020.7,2.433092,60.06411,0,14885,4.527702,59.90092,0,15245.4,0.340019,60.08393,0,59.1141,2.241107,60.01166,1,49.7239,4.251805,59.81233,1,46.5796,0.002851,59.77852,1,POW
1102,9.191667,15101.5,2.431078,59.96153,0,14870.2,4.534233,60.12473,0,15166.2,0.336967,59.94172,0,59.3206,2.239520,59.96969,1,49.645,4.262363,60.20166,1,47.1875,0.012006,60.17485,1,POW
1103,9.200000,15020.8,2.434373,60.06295,0,14884.5,4.529045,59.90092,0,15244.6,0.341362,60.08393,0,58.9174,2.243121,60.06878,1,49.4941,4.255405,59.86711,1,46.2944,0.003156,59.83098,1,POW
1104,9.208333,15103.6,2.432420,59.96270,0,14872.3,4.535698,60.12706,0,15167.7,0.338310,59.94172,0,59.2354,2.240741,59.95454,1,49.6799,4.265781,60.19817,1,47.0262,0.015468,60.23513,1,POW
1105,9.216667,15022.7,2.435777,60.06411,0,14888,4.530571,59.90208,0,15245.6,0.342888,60.08743,0,58.9476,2.246600,60.11190,1,49.611,4.260410,59.89742,1,46.3192,0.010480,59.90475,1,POW
1106,9.225000,15101.5,2.433763,59.96154,0,14870.4,4.537041,60.12356,0,15164.9,0.339714,59.93939,0,59.0389,2.245257,59.97436,1,49.6575,4.267673,60.13872,1,47.0175,0.021083,60.20250,1,POW
1107,9.233333,15024.8,2.436998,60.06178,0,14889.2,4.531731,59.89859,0,15246.9,0.343986,60.08160,0,58.7032,2.253375,60.15503,1,49.2972,4.265293,59.95454,1,46.1597,0.015590,59.89509,1,POW
1108,9.241667,15107.8,2.435777,59.97669,0,14874.9,4.538994,60.13872,0,15171.3,0.341484,59.95221,0,58.9963,2.251055,59.95570,1,49.4412,4.272234,60.13256,1,47.0305,0.023647,60.15387,1,POW
1109,9.250000,15020.9,2.438585,60.05362,0,14886.3,4.533195,59.88926,0,15244,0.345512,60.07694,0,58.315,2.254168,60.05945,1,49.0564,4.268955,59.93738,1,45.6992,0.015407,59.84263,1,POW
1110,9.258333,15109.5,2.437181,59.97319,0,14877.1,4.540397,60.13755,0,15173.7,0.342888,59.94988,0,58.7131,2.253619,59.98951,1,49.2073,4.277117,60.15588,1,46.6889,0.026698,60.21565,1,POW
1111,9.266667,15022.7,2.440294,60.05945,0,14886.8,4.534904,59.89509,0,15245.3,0.347038,60.07927,0,58.167,2.257342,60.07111,1,48.9365,4.271563,59.89392,1,45.6936,0.021877,59.90791,1,POW
1112,9.275000,15107.6,2.438402,59.96386,0,14873.7,4.541557,60.12706,0,15170.3,0.344047,59.94288,0,58.5019,2.259417,60.03963,1,49.0219,4.282854,60.21565,1,46.5418,0.032679,60.20632,1,POW
1113,9.283333,15026,2.441514,60.05945,0,14889.8,4.536125,59.89625,0,15247.5,0.348259,60.08043,0,58.1249,2.263795,60.08360,1,48.9048,4.277239,59.89276,1,45.7491,0.025966,59.87178,1,POW
1114,9.291667,15110.2,2.439744,59.96620,0,14875.9,4.542959,60.13052,0,15172,0.345390,59.94521,0,58.3564,2.262269,59.97086,1,48.9534,4.289079,60.22614,1,46.3132,0.036219,60.19583,1,POW
1115,9.300000,15027.3,2.442796,60.05828,0,14892.1,4.537407,59.89396,0,15249.7,0.349661,60.08156,0,58.1063,2.268433,60.11773,1,48.8554,4.284624,59.91491,1,45.6402,0.033839,59.95454,1,POW
1116,9.308333,15112.5,2.441331,59.97202,0,14879,4.544485,60.13518,0,15176,0.347038,59.94992,0,58.3833,2.267579,59.98368,1,49.0611,4.291765,60.13638,1,46.5045,0.044093,60.19583,1,POW
1117,9.316667,15021.6,2.444200,60.05479,0,14870.3,4.538139,59.87881,0,15239.8,0.351125,60.07806,0,58.1002,2.276673,60.17369,1,48.6386,4.288957,59.94638,1,45.6133,0.040370,59.92889,1,POW
1118,9.325000,15101.9,2.441942,59.95687,0,14840.5,4.542290,60.07927,0,15118.5,0.347893,59.93826,0,58.2182,2.276795,60.00233,1,48.6566,4.305557,60.31702,1,45.8939,0.055077,60.28089,1,POW
1119,9.333333,15017.7,2.445237,60.06295,0,14853.2,4.537041,59.89975,0,15194,0.352285,60.08389,0,58.2541,2.286438,60.18417,1,48.8184,4.305496,59.99883,1,45.6053,0.058129,60.05828,1,POW
1120,9.341667,15100.1,2.443040,59.95804,0,14834.3,4.543386,60.12119,0,15115.8,0.348564,59.92893,0,58.6857,2.284363,59.96037,1,49.1549,4.314651,60.17485,1,46.5552,0.065941,60.14920,1,POW
1121,9.350000,15019,2.446519,60.06644,0,14853.3,4.538627,59.90912,0,15193,0.353689,60.09788,0,58.5657,2.289124,60.09092,1,49.2007,4.309219,59.89625,1,45.8658,0.062401,59.93239,1,POW
1122,9.358333,15101.8,2.444566,59.96270,0,14838.9,4.544912,60.12002,0,15117.6,0.350210,59.93356,0,58.9708,2.287964,59.97785,1,49.3925,4.319533,60.19700,1,46.8202,0.070519,60.15504,1,POW
1123,9.366667,15015.1,2.447679,60.05945,0,14848.3,4.539909,59.90446,0,15188.7,0.354665,60.08509,0,58.5732,2.290345,60.04546,1,49.3396,4.313308,59.88111,1,45.8737,0.067467,59.94172,1,POW
1124,9.375000,15103.3,2.445665,59.96153,0,14842.1,4.546133,60.11886,0,15118.9,0.351431,59.93822,0,58.8758,2.291504,60.02215,1,49.4537,4.322280,60.17135,1,46.8102,0.074303,60.13056,1,POW
1125,9.383333,15019.6,2.449449,60.07227,0,14853.1,4.541618,59.91378,0,15193.8,0.356496,60.09675,0,58.6272,2.295897,60.08389,1,49.4022,4.318679,59.93122,1,45.9163,0.070397,59.92540,1,POW
1126,9.391667,15100.4,2.447374,59.96037,0,14839.1,4.547903,60.12002,0,15117.1,0.353140,59.93589,0,58.6176,2.293882,59.96153,1,49.321,4.326186,60.14338,1,46.4888,0.078631,60.15726,1,POW
1127,9.400000,15020.1,2.450714,60.06379,0,14853.7,4.542898,59.90441,0,15195.3,0.357778,60.08859,0,58.2572,2.300230,60.12123,1,49.0627,4.321914,59.91840,1,45.6129,0.074730,59.92551,1,POW
1128,9.408333,15103.4,2.448961,59.96652,0,14840.8,4.549490,60.12589,0,15120.5,0.354604,59.93939,0,58.4416,2.300169,59.99883,1,48.9663,4.331374,60.18068,1,46.2392,0.082842,60.15493,1,POW
1129,9.416667,15019.6,2.451751,60.05330,0,14854,4.544057,59.89625,0,15193.8,0.358755,60.07927,0,58.1889,2.305052,60.09325,1,48.6708,4.331801,60.00816,1,45.1774,0.082415,59.99184,1,POW
1130,9.425000,15103,2.450364,59.97352,0,14839.2,4.550893,60.13056,0,15121.7,0.355947,59.94638,0,59.3666,2.294310,59.79484,1,49.8936,4.341427,60.18384,1,46.3923,0.089251,60.13056,1,POW
1131,9.433333,15009.4,2.452850,60.04747,0,14844,4.545034,59.88809,0,15185,0.359670,60.07111,0,60.4851,2.268128,59.49997,1,52.1605,4.279924,58.82538,1,48.9601,0.056115,59.36715,1,POW
1132,9.441667,15096.5,2.451202,59.96853,0,14833.1,4.551870,60.13056,0,15113.8,0.356863,59.94638,0,61.1092,2.272950,60.09209,1,51.4499,4.303970,60.45923,1,48.5915,0.053551,59.95104,1,POW
1133,9.450000,15007.5,2.453887,60.05129,0,14844.2,4.546133,59.89043,0,15183.9,0.360769,60.07460,0,61.1857,2.275818,60.05479,1,51.8347,4.300737,59.93826,1,48.6465,0.053978,60.00816,1,POW
1134,9.458333,15094.4,2.452300,59.96969,0,14831.6,4.553030,60.13172,0,15111.6,0.357961,59.94638,0,61.046,2.267762,59.84613,1,51.6517,4.291033,59.81466,1,49.028,0.050011,59.92423,1,POW
1135,9.466667,15010.9,2.455352,60.05828,0,14847.3,4.547658,59.89742,0,15187.2,0.362234,60.08160,0,60.0205,2.277039,60.17718,1,50.5239,4.305251,60.27156,1,47.1471,0.054589,60.08743,1,POW
1136,9.475000,15099.4,2.453826,59.97086,0,14837.1,4.554555,60.13172,0,15116.4,0.359487,59.94754,0,60.1897,2.286988,60.19000,1,50.5659,4.313674,60.16086,1,47.8833,0.068627,60.26810,1,POW
1137,9.483333,15014.7,2.457000,60.06062,0,14851.4,4.549245,59.89859,0,15191,0.363760,60.08160,0,59.8016,2.294676,60.14683,1,50.2612,4.323928,60.19583,1,46.9305,0.074547,60.11307,1,POW
1138,9.491667,15100.2,2.455108,59.96386,0,14837.2,4.555837,60.12589,0,15116.9,0.360708,59.94172,0,59.7809,2.297056,60.04546,1,50.2551,4.327590,60.06994,1,47.4053,0.081621,60.13511,1,POW
1139,9.500000,15018.1,2.458099,60.05712,0,14855.7,4.550466,59.89742,0,15194.4,0.365041,60.08276,0,59.0747,2.304075,60.13405,1,49.5564,4.332700,60.09758,1,46.1682,0.084307,60.05129,1,POW
1140,9.508333,15107.7,2.456695,59.97319,0,14845.5,4.557546,60.13522,0,15124.5,0.362295,59.94755,0,58.9217,2.308714,60.08859,1,49.2415,4.340695,60.15270,1,46.4255,0.093523,60.17601,1,POW
1141,9.516667,15021.3,2.459991,60.06295,0,14859.6,4.552297,59.89975,0,15198.7,0.366872,60.08742,0,58.092,2.319029,60.19700,1,48.5239,4.347775,60.13522,1,45.1786,0.100786,60.13872,1,POW
1142,9.525000,15107.4,2.457855,59.95920,0,14846.2,4.558706,60.12239,0,15125,0.363515,59.93589,0,57.8417,2.325908,60.13139,1,48.041,4.359738,60.22847,1,45.2002,0.111282,60.20046,1,POW
1143,9.533333,15028.5,2.461517,60.06994,0,14866.6,4.553701,59.90442,0,15206.6,0.368337,60.09208,0,57.0439,2.338115,60.23314,1,47.3489,4.367243,60.14334,1,43.9853,0.119522,60.15737,1,POW
1144,9.541667,15111.9,2.459442,59.96037,0,14849.5,4.560231,60.12472,0,15129.4,0.364919,59.93472,0,56.5114,2.343120,60.09558,1,46.6435,4.378046,60.20633,1,43.7559,0.128188,60.16552,1,POW
1145,9.550000,15032.9,2.462737,60.06295,0,14870.8,4.555105,59.90209,0,15209.4,0.369619,60.08976,0,55.5222,2.352580,60.18068,1,45.7618,4.382745,60.08975,1,42.2941,0.132400,60.08043,1,POW
1146,9.558333,15118.5,2.460906,59.96503,0,14856.4,4.561879,60.12939,0,15135.3,0.366506,59.94055,0,55.1278,2.355630,60.05824,1,45.178,4.390658,60.15112,1,42.2375,0.139035,60.12673,1,POW
1147,9.566667,15040,2.464385,60.06644,0,14878.5,4.556875,59.90442,0,15216.1,0.371328,60.09209,0,54.3426,2.363593,60.15209,1,44.4824,4.393221,60.04896,1,41.0052,0.141415,60.04546,1,POW
1148,9.575000,15121.4,2.462798,59.96969,0,14859.8,4.563832,60.13288,0,15139.8,0.368398,59.94405,0,54.228,2.367377,60.07227,1,44.1999,4.402620,60.17951,1,41.2771,0.149533,60.15504,1,POW
1149,9.583333,15038,2.465484,60.05129,0,14877.9,4.557973,59.88810,0,15215.5,0.372426,60.07693,0,53.722,2.376776,60.17951,1,43.8168,4.408419,60.11074,1,40.2903,0.156796,60.13871,1,POW
1150,9.591667,15125.7,2.464141,59.97435,0,14864.3,4.565114,60.13638,0,15144.8,0.369680,59.94754,0,54.1302,2.383124,60.12123,1,43.9655,4.421722,60.25408,1,40.993,0.168148,60.21682,1,POW
1151,9.600000,15038.2,2.466888,60.05245,0,14878.7,4.559377,59.89043,0,15216.4,0.373769,60.07810,0,53.7198,2.391651,60.16286,1,43.7399,4.424896,60.06062,1,40.1799,0.174555,60.12236,1,POW
1152,9.608333,15128.4,2.465484,59.97319,0,14866.8,4.566396,60.13405,0,15147.5,0.370900,59.94521,0,53.9379,2.394215,60.04896,1,43.6917,4.434295,60.17951,1,40.775,0.181818,60.13872,1,POW
1153,9.616667,15044.6,2.468597,60.05944,0,14884.6,4.561025,59.89742,0,15223,0.375356,60.08509,0,53.4705,2.399525,60.10141,1,43.4295,4.433502,59.98485,1,39.9536,0.183405,60.03031,1,POW
1154,9.625000,15130.9,2.467010,59.96969,0,14868.5,4.568044,60.13405,0,15149.2,0.372365,59.94288,0,53.58,2.399891,60.00699,1,43.3834,4.441192,60.14688,1,40.373,0.187067,60.06994,1,POW
1155,9.633333,15044.4,2.469878,60.05479,0,14884.7,4.562429,59.89276,0,15222.4,0.376638,60.08160,0,53.1357,2.405262,60.10258,1,43.0355,4.439666,59.97086,1,39.5646,0.189813,60.05246,1,POW
1156,9.641667,15131.1,2.468169,59.96736,0,14869.9,4.569387,60.13289,0,15149.4,0.373647,59.94288,0,53.9729,2.408009,60.05246,1,43.0223,4.447662,60.15270,1,40.0193,0.194452,60.08859,1,POW
1157,9.650000,15042.7,2.470977,60.05362,0,14883.9,4.563588,59.88926,0,15221.8,0.377736,60.07810,0,52.9935,2.408680,60.01282,1,42.7818,4.443817,59.92656,1,39.2543,0.195551,60.02098,1,POW
1158,9.658333,15132.4,2.469329,59.96853,0,14872.8,4.570363,60.12939,0,15152.6,0.374746,59.94288,0,53.0362,2.409718,60.01982,1,42.8376,4.453626,60.18734,1,39.7557,0.199030,60.06644,1,POW
1159,9.666667,15045.2,2.472442,60.05945,0,14887.5,4.564992,59.89742,0,15225.6,0.379201,60.08509,0,52.7351,2.415394,60.10841,1,42.6976,4.448516,59.90242,1,39.1957,0.200739,60.03264,1,POW
1160,9.675000,15131,2.470489,59.96270,0,14871.4,4.571523,60.12473,0,15152.2,0.375905,59.93705,0,53.4065,2.415943,60.01049,1,42.6986,4.459119,60.20250,1,39.6534,0.203590,60.05446,1,POW
1161,9.683333,15047.8,2.473601,60.05945,0,14888.8,4.566152,59.89742,0,15228.2,0.380282,60.08360,0,52.9205,2.419969,60.07689,1,42.6405,4.455091,59.92307,1,39.1314,0.206093,60.04779,1,POW
1162,9.691667,15129.8,2.471648,59.96270,0,14870.4,4.572683,60.12473,0,15150.6,0.376943,59.93622,0,52.8514,2.418629,59.97440,1,42.6653,4.465222,60.19350,1,39.5577,0.208961,60.05479,1,POW
1163,9.700000,15050,2.474700,60.05828,0,14892.3,4.567372,59.89859,0,15230.6,0.381442,60.08593,0,53.0426,2.426439,60.14917,1,42.5225,4.459302,59.88693,1,38.9683,0.210731,60.03380,1,POW
1164,9.708333,15132.1,2.472930,59.96620,0,14873.1,4.574069,60.12789,0,15153.2,0.378225,59.93855,0,52.9025,2.421739,59.91024,1,42.5446,4.471204,60.22730,1,39.5018,0.214760,60.07694,1,POW
1165,9.716667,15049.9,2.475921,60.05712,0,14892.6,4.568593,59.89542,0,15230.8,0.382602,60.08360,0,52.4222,2.428331,60.12589,1,42.3571,4.462415,59.83215,1,38.7767,0.214210,59.98951,1,POW
1166,9.725000,15132.3,2.474029,59.96386,0,14874.5,4.575229,60.12673,0,15153.8,0.379323,59.93739,0,52.7528,2.428148,59.99650,1,42.1705,4.476270,60.26460,1,39.0386,0.217933,60.07110,1,POW
1167,9.733333,15051.3,2.477202,60.06062,0,14895.9,4.569997,59.90008,0,15233.1,0.384006,60.08942,0,52.1699,2.430772,60.05012,1,41.9682,4.464429,59.77386,1,38.4945,0.216835,59.97902,1,POW
1168,9.741667,15133.2,2.475493,59.96736,0,14876.4,4.576693,60.12789,0,15156.6,0.380771,59.93822,0,52.36,2.430284,59.99067,1,41.8088,4.477246,60.24479,1,38.7189,0.220008,60.06062,1,POW
1169,9.750000,15052.1,2.478423,60.05595,0,14898.2,4.571279,59.89659,0,15235.7,0.385226,60.08509,0,52.2899,2.436998,60.12822,1,41.778,4.470654,59.87411,1,38.2549,0.221290,60.02448,1,POW
1170,9.758333,15138.5,2.477141,59.97552,0,14880.5,4.578341,60.13489,0,15162.5,0.382297,59.94405,0,52.2452,2.433885,59.94056,1,41.918,4.482493,60.22610,1,38.8272,0.224098,60.05362,1,POW
1171,9.766667,15050.5,2.479644,60.04779,0,14896.5,4.572622,59.89076,0,15233.4,0.386325,60.07694,0,52.0971,2.441636,60.14804,1,41.7824,4.477246,59.89979,1,38.1051,0.228004,60.07460,1,POW
1172,9.775000,15141,2.478423,59.97669,0,14883.3,4.579745,60.13605,0,15164.8,0.383456,59.94521,0,52.4803,2.440477,59.97785,1,41.8208,4.488657,60.21794,1,38.7695,0.230384,60.04546,1,POW
1173,9.783333,15053.9,2.481292,60.05479,0,14900.7,4.574252,59.89509,0,15237.8,0.387851,60.08393,0,51.9571,2.442674,60.04196,1,41.6334,4.478406,59.80421,1,38.0887,0.230262,59.99767,1,POW
1174,9.791667,15141.9,2.480071,59.97669,0,14885.9,4.581454,60.13755,0,15167.4,0.385104,59.94754,0,51.9396,2.442979,60.00583,1,41.5853,4.493052,60.27972,1,38.5246,0.234410,60.07922,1,POW
1175,9.800000,15050.3,2.482510,60.04659,0,14899.4,4.575534,59.88693,0,15236.7,0.389010,60.07460,0,51.6763,2.447679,60.08976,1,41.4704,4.483653,59.82049,1,37.9735,0.235021,60.01166,1,POW
1176,9.808333,15140.2,2.481170,59.97440,0,14886,4.582492,60.13289,0,15167.7,0.386081,59.94405,0,51.9503,2.446519,59.97785,1,41.529,4.495676,60.22964,1,38.4284,0.237035,60.03847,1,POW
1177,9.816667,15053.2,2.483914,60.05241,0,14903.6,4.576999,59.89509,0,15241.1,0.390414,60.08276,0,51.8312,2.453338,60.13023,1,41.5024,4.490672,59.90441,1,37.9953,0.242467,60.10375,1,POW
1178,9.825000,15140.8,2.482388,59.97086,0,14887.6,4.583835,60.13056,0,15169.1,0.387301,59.94055,0,52.3194,2.454498,60.02215,1,41.7659,4.506357,60.29958,1,38.6772,0.246373,60.07460,1,POW
1179,9.833333,15054.3,2.485257,60.05479,0,14906,4.578341,59.89509,0,15244,0.391696,60.08393,0,52.1155,2.458282,60.07227,1,41.7697,4.494456,59.77270,1,38.2751,0.248143,60.03380,1,POW
1180,9.841667,15143.7,2.483487,59.96620,0,14891.3,4.585055,60.12822,0,15172.6,0.388400,59.93705,0,52.3222,2.459258,60.01865,1,41.7562,4.513115,60.35637,1,38.573,0.252904,60.09092,1,POW
1181,9.850000,15057.1,2.486600,60.05945,0,14909.7,4.579806,59.89975,0,15247.4,0.393039,60.08859,0,52.3081,2.466643,60.14104,1,41.8771,4.504770,59.84063,1,38.2926,0.257481,60.08743,1,POW
1182,9.858333,15141.7,2.484524,59.96037,0,14891.9,4.586154,60.12123,0,15172.7,0.389438,59.93122,0,52.5156,2.464385,59.95687,1,41.905,4.518547,60.26312,1,38.802,0.261082,60.06878,1,POW
1183,9.866667,15059.3,2.487515,60.05712,0,14914.3,4.580966,59.90092,0,15251,0.394076,60.08859,0,52.3731,2.469634,60.10024,1,41.9408,4.509531,59.82780,1,38.3832,0.263341,60.04313,1,POW
1184,9.875000,15144.1,2.485867,59.96853,0,14895.5,4.587680,60.12822,0,15177.4,0.390841,59.93822,0,52.6288,2.471770,60.04080,1,41.9914,4.527214,60.33772,1,38.7979,0.269549,60.11857,1,POW
1185,9.883333,15060.6,2.488736,60.05479,0,14916.1,4.582248,59.89625,0,15254.9,0.395236,60.08393,0,52.4884,2.478728,60.13289,1,42.0349,4.519646,59.85546,1,38.4221,0.273638,60.07810,1,POW
1186,9.891667,15148.4,2.487271,59.97202,0,14900.3,4.589084,60.13056,0,15183.9,0.392123,59.94055,0,52.5534,2.477630,59.97902,1,42.0302,4.533562,60.26577,1,38.8368,0.275530,60.03614,1,POW
1187,9.900000,15062.9,2.490201,60.05595,0,14919.5,4.583835,59.89975,0,15258.5,0.396701,60.08742,0,51.9888,2.481475,60.07344,1,41.601,4.520928,59.75871,1,38.0195,0.276324,60.01515,1,POW
1188,9.908333,15149.9,2.488675,59.97086,0,14902.6,4.590670,60.13055,0,15185.6,0.393527,59.93939,0,51.8885,2.482388,60.01744,1,41.3709,4.540947,60.38234,1,38.1971,0.280657,60.08276,1,POW
1189,9.916667,15067.5,2.491971,60.06295,0,14924.7,4.585788,59.90675,0,15263.7,0.398471,60.09442,0,51.6607,2.490079,60.14688,1,41.317,4.532036,59.82981,1,37.6526,0.285967,60.10141,1,POW
1190,9.925000,15148.7,2.490262,59.96736,0,14902.9,4.592440,60.12705,0,15187.1,0.395175,59.93706,0,51.6314,2.489285,59.98485,1,41.1534,4.547781,60.30070,1,37.9428,0.288897,60.05595,1,POW
1191,9.933333,15066.9,2.493191,60.05595,0,14926,4.587252,59.90092,0,15265.3,0.399874,60.08975,0,51.2649,2.494229,60.09442,1,40.8106,4.534477,59.74592,1,37.2315,0.289751,60.01632,1,POW
1192,9.941667,15152.6,2.491971,59.97669,0,14906,4.594271,60.13405,0,15192.7,0.396884,59.94288,0,51.2038,2.493436,59.98485,1,40.6296,4.551198,60.31935,1,37.5481,0.290911,60.02215,1,POW
1193,9.950000,15064.1,2.494534,60.04896,0,14924.5,4.588717,59.89393,0,15264.7,0.401217,60.08276,0,50.8101,2.499417,60.11423,1,40.4569,4.540397,59.79372,1,36.779,0.295853,60.09438,1,POW
1194,9.958333,15154.9,2.493375,59.97785,0,14908.8,4.595797,60.13521,0,15197.3,0.398287,59.94405,0,51.1122,2.502163,60.05246,1,40.5444,4.561208,60.39745,1,37.4466,0.301651,60.11074,1,POW
1195,9.966667,15067.3,2.495999,60.05012,0,14927.8,4.590243,59.89392,0,15270.2,0.402621,60.08276,0,50.8337,2.507351,60.09908,1,40.4622,4.549856,59.78319,1,36.8065,0.305130,60.06644,1,POW
1196,9.975000,15159.8,2.495145,59.98368,0,14913.3,4.597628,60.14105,0,15203.3,0.399996,59.94988,0,51.0604,2.508023,60.01282,1,40.4683,4.567922,60.34504,1,37.377,0.306473,60.02565,1,POW
1197,9.983333,15068.4,2.497769,60.05012,0,14928.5,4.592135,59.89509,0,15272.1,0.404391,60.08393,0,50.5674,2.511196,60.06062,1,40.2007,4.553457,59.72374,1,36.5997,0.308975,60.04779,1,POW
1198,9.991667,15159.1,2.496548,59.97669,0,14912.6,4.599093,60.13289,0,15203.1,0.401339,59.94172,0,50.023,2.509610,59.96969,1,39.9614,4.571218,60.33921,1,36.8678,0.309830,60.01632,1,POW
1199,10.000000,15070.7,2.499417,60.05478,0,14932.1,4.593783,59.89859,0,15276.6,0.406039,60.08976,0,49.4856,2.515635,60.11507,1,39.7121,4.557485,59.73773,1,36.1273,0.312576,60.05245,1,POW
1200,10.008333,15160.3,2.497952,59.97202,0,14915.8,4.600680,60.13172,0,15206.9,0.402926,59.94055,0,49.5465,2.517588,60.03730,1,39.6599,4.578524,60.40182,1,36.5153,0.316848,60.08160,1,POW
1201,10.016667,15072.5,2.500821,60.05479,0,14934.5,4.595309,59.89742,0,15281.1,0.407504,60.08743,0,49.2502,2.523630,60.11540,1,39.5289,4.565480,59.75088,1,36.007,0.321670,60.09209,1,POW
1202,10.025000,15164.1,2.499356,59.97202,0,14918.8,4.602145,60.13056,0,15212,0.404330,59.93938,0,49.3321,2.525156,60.02914,1,39.4069,4.587680,60.42398,1,36.2853,0.324944,60.06252,1,POW
1203,10.033333,15076.2,2.502346,60.05712,0,14937.2,4.596957,59.90092,0,15285,0.409091,60.09092,0,48.9395,2.530710,60.10607,1,39.1928,4.573703,59.73306,1,35.6572,0.327935,60.05712,1,POW
1204,10.041667,15166.5,2.500882,59.97202,0,14920.3,4.603671,60.12822,0,15214.7,0.405856,59.93822,0,48.8533,2.530893,60.00350,1,39.0096,4.593905,60.38584,1,35.8347,0.330742,60.05362,1,POW
1205,10.050000,15080.6,2.503994,60.05945,0,14940.8,4.598605,59.90325,0,15289.1,0.410739,60.09325,0,48.4897,2.536569,60.10841,1,38.7978,4.580050,59.73540,1,35.2192,0.333305,60.04895,1,POW
1206,10.058333,15165.7,2.502346,59.96853,0,14920.4,4.605194,60.12585,0,15214.5,0.407321,59.93472,0,48.2387,2.537119,60.01049,1,38.5013,4.601351,60.40682,1,35.2772,0.338310,60.09559,1,POW
1207,10.066667,15083.6,2.505581,60.06178,0,14943.8,4.600253,59.90562,0,15292.5,0.412323,60.09554,0,47.8488,2.543894,60.12939,1,38.1964,4.587802,59.74122,1,34.5996,0.339897,60.03031,1,POW
1208,10.075000,15166.3,2.503933,59.96853,0,14920.6,4.606842,60.12585,0,15215.7,0.408969,59.93593,0,47.559,2.543466,59.99184,1,37.8245,4.608246,60.39046,1,34.4759,0.343864,60.07577,1,POW
1209,10.083333,15081.4,2.506802,60.05479,0,14942.5,4.601595,59.89979,0,15291,0.413727,60.09088,0,46.9299,2.549934,60.12352,1,37.2933,4.592501,59.69930,1,33.6441,0.344719,60.01632,1,POW
1210,10.091667,15169.4,2.505337,59.97202,0,14923.7,4.608307,60.12818,0,15218.9,0.410494,59.93826,0,46.661,2.549812,59.99767,1,36.859,4.613922,60.40911,1,33.5386,0.347221,60.04779,1,POW
1211,10.100000,15087.4,2.508694,60.06411,0,14947.9,4.603549,59.90912,0,15296.7,0.415680,60.09904,0,46.2016,2.555610,60.11074,1,36.4836,4.597201,59.68064,1,32.846,0.347282,60.00117,1,POW
1212,10.108333,15171.8,2.507412,59.97552,0,14924.5,4.610443,60.13168,0,15221.9,0.412506,59.93938,0,45.9973,2.555549,59.99883,1,36.1456,4.618683,60.41028,1,32.9356,0.351186,60.07456,1,POW
1213,10.116667,15084.9,2.510159,60.05246,0,14944.6,4.605011,59.89625,0,15294.4,0.417145,60.08859,0,45.5259,2.561286,60.10957,1,35.8651,4.604098,59.72144,1,32.26,0.353506,60.04430,1,POW
1214,10.125000,15173.2,2.508999,59.97785,0,14924.8,4.612091,60.13522,0,15222.6,0.414093,59.94172,0,45.7684,2.562324,60.01982,1,35.9255,4.627533,60.44758,1,32.607,0.357778,60.08160,1,POW
1215,10.133333,15081.8,2.511441,60.04663,0,14941.5,4.606476,59.89276,0,15290.5,0.418488,60.08393,0,45.5292,2.568122,60.11074,1,35.8669,4.612885,59.72024,1,32.172,0.363515,60.10957,1,POW
1216,10.141667,15172,2.510037,59.97319,0,14923.9,4.613190,60.12822,0,15222.1,0.415192,59.93705,0,46.0245,2.569282,60.02215,1,36.1589,4.635406,60.43013,1,32.8404,0.369314,60.11073,1,POW
1217,10.150000,15084.7,2.512661,60.05012,0,14944.5,4.607697,59.89509,0,15295.2,0.419709,60.08626,0,46.1938,2.574225,60.09442,1,36.4333,4.620148,59.70858,1,32.7777,0.373708,60.08393,1,POW
1218,10.158333,15172.9,2.511196,59.97202,0,14924.8,4.614350,60.12706,0,15223.7,0.416413,59.93705,0,46.6729,2.574042,59.99650,1,36.8807,4.643152,60.43935,1,33.5073,0.378164,60.08509,1,POW
1219,10.166667,15086,2.513926,60.05212,0,14945.1,4.608917,59.89625,0,15296.4,0.420929,60.08626,0,46.7856,2.578614,60.08732,1,37.1472,4.627350,59.69820,1,33.4501,0.381137,60.05679,1,POW
1220,10.175000,15174.9,2.512539,59.97352,0,14926.1,4.615692,60.12939,0,15225.8,0.417694,59.93822,0,47.3031,2.576844,59.96620,1,37.4421,4.647913,60.39272,1,34.1147,0.382541,60.02681,1,POW
1221,10.183333,15085,2.515146,60.04979,0,14947.2,4.610199,59.89509,0,15295.8,0.422211,60.08626,0,47.1273,2.579408,60.04896,1,36.953,4.634369,59.74133,1,33.7558,0.383212,60.01282,1,POW
1222,10.191667,15179.5,2.514109,59.98018,0,14935.7,4.617523,60.13988,0,15229.3,0.419220,59.94288,0,47.2868,2.576051,59.93589,1,35.8342,4.692099,61.10257,1,34.1017,0.382541,59.98718,1,POW
1223,10.200000,15087,2.516916,60.05362,0,14952.2,4.612274,59.89975,0,15296.9,0.424042,60.09209,0,46.7736,2.577638,60.03031,1,35.4203,4.674583,59.66545,1,33.4577,0.382113,59.99184,1,POW
1224,10.208333,15176.7,2.515268,59.96853,0,14933.3,4.618866,60.12589,0,15226,0.420563,59.93356,0,46.6171,2.576478,59.97785,1,35.1159,4.693015,60.35203,1,33.436,0.382541,60.00816,1,POW
1225,10.216667,15090,2.518076,60.05362,0,14955.1,4.613617,59.89975,0,15299.4,0.425324,60.09092,0,46.125,2.579469,60.05712,1,34.7581,4.677573,59.70509,1,32.8433,0.382663,60.00233,1,POW
1226,10.225000,15177,2.516672,59.97319,0,14934.5,4.620270,60.12706,0,15226.6,0.422028,59.93705,0,46.0673,2.578187,59.97552,1,34.6326,4.698796,60.40532,1,32.9386,0.383639,60.01865,1,POW
1227,10.233333,15093.4,2.519663,60.05712,0,14958,4.615143,59.90208,0,15304,0.426910,60.09325,0,45.8117,2.582887,60.08976,1,34.3292,4.680625,59.65296,1,32.5133,0.384067,60.00816,1,POW
1228,10.241667,15178.3,2.518198,59.97202,0,14934.4,4.621796,60.12705,0,15228.5,0.423493,59.93473,0,45.6819,2.581422,59.97202,1,34.2925,4.702824,60.42397,1,32.575,0.385348,60.02448,1,POW
1229,10.250000,15090.6,2.520884,60.05129,0,14954.8,4.616364,59.89626,0,15300.6,0.428070,60.08742,0,45.3072,2.586976,60.10608,1,33.9538,4.683921,59.63897,1,31.9529,0.386142,60.01515,1,POW
1230,10.258333,15176.7,2.519297,59.96969,0,14933.3,4.622894,60.12472,0,15226.5,0.424530,59.93240,0,45.1413,2.585389,59.96969,1,33.6445,4.706608,60.43330,1,31.9704,0.388644,60.04779,1,POW
1231,10.266667,15094.1,2.522165,60.05479,0,14957.9,4.617829,59.90325,0,15302.1,0.429413,60.09325,0,44.7221,2.589539,60.07927,1,33.3025,4.688193,59.64830,1,31.3826,0.387729,59.98252,1,POW
1232,10.275000,15175.9,2.520823,59.97435,0,14932.9,4.624481,60.12705,0,15225.6,0.426117,59.93706,0,44.4737,2.586976,59.95104,1,33.0653,4.707951,60.37735,1,31.3391,0.388156,60.00816,1,POW
1233,10.283333,15093.9,2.523325,60.04779,0,14958.8,4.618988,59.89509,0,15302.5,0.430634,60.08626,0,44.0906,2.591859,60.09325,1,32.7215,4.690696,59.67044,1,30.736,0.387607,59.98951,1,POW
1234,10.291667,15182.6,2.522471,59.98368,0,14937.9,4.626129,60.13638,0,15232.1,0.427643,59.94288,0,44.1779,2.590394,59.97202,1,32.758,4.710942,60.38667,1,31.0038,0.388034,60.00816,1,POW
1235,10.300000,15087.4,2.524546,60.03963,0,14953.1,4.620148,59.88577,0,15296.7,0.431793,60.07927,0,43.6905,2.594361,60.07577,1,32.3535,4.692710,59.65179,1,30.3715,0.391208,60.06062,1,POW
1236,10.308333,15180.2,2.523264,59.97552,0,14936.8,4.626861,60.12822,0,15230.9,0.428497,59.93705,0,44.0113,2.594300,59.99883,1,32.484,-1.565199,60.48275,1,30.7919,0.392611,60.02681,1,POW
1237,10.316667,15093.6,2.525949,60.05129,0,14958.2,4.621612,59.89975,0,15302.7,0.433197,60.08976,0,43.9711,2.598755,60.08509,1,32.5509,4.698246,59.62299,1,30.5382,0.395297,60.05129,1,POW
1238,10.325000,15181.4,2.524912,59.98018,0,14936.6,4.628509,60.13172,0,15230.9,0.430084,59.94055,0,44.1912,2.596924,59.96503,1,32.7388,-1.561842,60.44112,1,30.9589,0.396517,60.02331,1,POW
1239,10.333333,15092.9,2.527231,60.04430,0,14957.2,4.622955,59.89392,0,15301.5,0.434418,60.08276,0,44.0183,2.601075,60.07927,1,32.61,4.701786,59.62649,1,30.6417,0.399691,60.06062,1,POW
1240,10.341667,15184.2,2.526194,59.98018,0,14939.1,4.629913,60.13289,0,15232.6,0.431366,59.94172,0,44.2422,2.599244,59.96503,1,32.8027,-1.558424,60.43879,1,31.0176,0.399874,60.00350,1,POW
1241,10.350000,15093.7,2.528757,60.04895,0,14958.3,4.624542,59.89742,0,15301.5,0.436005,60.08859,0,44.0346,2.602234,60.05712,1,32.6654,4.703007,59.58452,1,30.6631,0.401827,60.03730,1,POW
1242,10.358333,15183.1,2.527475,59.97553,0,14938.5,4.631134,60.12589,0,15232.1,0.432709,59.93705,0,44.1521,2.599976,59.95687,1,32.8311,-1.556959,60.44345,1,31.0421,0.401583,59.99534,1,POW
1243,10.366667,15093.5,2.529855,60.04546,0,14959.3,4.625519,59.89276,0,15303,0.437103,60.08393,0,44.0687,2.603333,60.06411,1,32.8318,4.703679,59.56937,1,30.8263,0.403781,60.04196,1,POW
1244,10.375000,15186.4,2.528940,59.98251,0,14941.4,4.632538,60.13405,0,15236.1,0.434051,59.94172,0,44.489,2.601746,59.96969,1,33.1973,-1.555023,60.46760,1,31.4337,0.403414,59.99301,1,POW
1245,10.383333,15090.5,2.531259,60.04430,0,14955.6,4.626861,59.89159,0,15300.9,0.438446,60.08393,0,44.297,2.605408,60.06994,1,33.1721,4.705754,59.57203,1,31.1957,0.406771,60.06411,1,POW
1246,10.391667,15182.8,2.529794,59.97202,0,14938.2,4.633331,60.12356,0,15232.3,0.434906,59.93239,0,44.3469,2.602906,59.95221,1,33.2272,-1.552155,60.48275,1,31.4828,0.406222,59.98951,1,POW
1247,10.400000,15096.7,2.532663,60.05479,0,14960.7,4.628387,59.90558,0,15305.1,0.439789,60.09325,0,44.1825,2.605225,60.04430,1,33.1077,4.706913,59.53939,1,31.1761,0.406344,60.00233,1,POW
1248,10.408333,15179.4,2.531137,59.97086,0,14935.1,4.634735,60.12123,0,15228.2,0.436310,59.93356,0,43.984,2.602662,59.95104,1,33.0644,-1.551422,60.47459,1,31.3052,0.407199,60.01632,1,POW
1249,10.416667,15098.3,2.533823,60.05129,0,14962.3,4.629547,59.90092,0,15306.5,0.441009,60.08976,0,43.9839,2.607054,60.08389,1,32.9716,4.709538,59.57553,1,31.1197,0.407931,60.01399,1,POW
1250,10.425000,15181.7,2.532541,59.97552,0,14936.9,4.636194,60.12695,0,15230.5,0.437653,59.93589,0,44.0264,2.603943,59.94059,1,33.0403,-1.550079,60.45011,1,31.3664,0.408297,60.00699,1,POW
1251,10.433333,15094.4,2.534860,60.04430,0,14959.4,4.630646,59.89403,0,15303.1,0.442108,60.08509,0,43.8662,2.608580,60.08855,1,32.8387,4.710514,59.56854,1,30.9902,0.409213,60.01749,1,POW
1252,10.441667,15180.9,2.533457,59.97319,0,14936.6,4.637110,60.12345,0,15230,0.438629,59.93356,0,43.9381,2.606444,59.95920,1,32.9498,-1.547699,60.47692,1,31.17,0.410311,60.02098,1,POW
1253,10.450000,15095.9,2.536203,60.05246,0,14961.4,4.631988,59.90219,0,15304.6,0.443495,60.09293,0,43.9264,2.611510,60.09675,1,32.8036,4.711003,59.53240,1,30.9348,0.410739,60.00816,1,POW
1254,10.458333,15182,2.534860,59.97435,0,14936.9,4.638513,60.12462,0,15230.9,0.439972,59.93272,0,43.9153,2.608702,59.94638,1,32.7438,-1.546784,60.48508,1,31.0739,0.411166,60.00816,1,POW
1255,10.466667,15099,2.537607,60.05246,0,14963.3,4.633453,59.90336,0,15305.9,0.444899,60.09409,0,43.8277,2.612852,60.07927,1,32.564,-1.570387,59.54921,1,30.6893,0.410739,59.99184,1,POW
1256,10.475000,15181.4,2.536325,59.97552,0,14935.4,4.640039,60.12578,0,15229.1,0.441437,59.93388,0,43.8044,2.610289,59.95104,1,32.4683,-1.545380,60.47760,1,30.7954,0.411652,60.01744,1,POW
1257,10.483333,15096.2,2.538522,60.04196,0,14960.8,4.634491,59.89403,0,15302.3,0.445875,60.08477,0,43.6313,2.614867,60.08743,1,32.3462,-1.565687,59.61216,1,30.428,0.414154,60.04779,1,POW
1258,10.491667,15187.1,2.537668,59.98368,0,14940.9,4.641443,60.13278,0,15235.1,0.442823,59.94172,0,43.8593,2.613585,59.97552,1,32.4965,-1.543610,60.42164,1,30.7571,0.413910,59.99534,1,POW
1259,10.500000,15094.2,2.539865,60.04196,0,14960.6,4.635767,59.89159,0,15301.5,0.447279,60.08509,0,43.5385,2.616759,60.06062,1,32.2673,-1.566236,59.56787,1,30.3222,0.415802,60.03614,1,POW
1260,10.508333,15188.7,2.538889,59.98135,0,14942.5,4.642603,60.13056,0,15236.6,0.443983,59.93705,0,43.8819,2.616026,59.98601,1,32.4308,-1.540985,60.48226,1,30.7413,0.415436,59.99301,1,POW
1261,10.516667,15096.2,2.541330,60.04663,0,14961.2,4.637110,59.89509,0,15304,0.448561,60.08743,0,43.7042,2.618956,60.05595,1,32.3551,-1.563917,59.56204,1,30.47,0.418488,60.05828,1,POW
1262,10.525000,15187.2,2.540109,59.97669,0,14940.5,4.643762,60.12706,0,15234.7,0.445204,59.93589,0,43.9305,2.618101,59.98368,1,32.565,-1.536469,60.52422,1,30.8006,0.419037,60.01049,1,POW
1263,10.533333,15096.3,2.542612,60.04779,0,14961,4.638452,59.89859,0,15303.4,0.449842,60.08859,0,43.8622,2.621031,60.05595,1,32.5438,-1.560987,59.53173,1,30.627,0.421295,60.04313,1,POW
1264,10.541667,15189.1,2.541635,59.98135,0,14941.9,4.645288,60.13056,0,15236.3,0.446669,59.93938,0,44.1166,2.618223,59.94638,1,32.691,-1.535859,60.47992,1,31.0244,0.420563,59.98601,1,POW
1265,10.550000,15098.3,2.544380,60.05241,0,14962.1,4.640161,59.90208,0,15305.1,0.451551,60.09325,0,43.944,2.619932,60.03264,1,32.6163,-1.562086,59.49909,1,30.7699,0.419220,59.97435,1,POW
1266,10.558333,15186.1,2.542917,59.97207,0,14938.5,4.646570,60.12240,0,15232.6,0.447950,59.93123,0,43.9145,2.616942,59.94288,1,32.6699,-1.536957,60.47992,1,30.8975,0.418305,59.98252,1,POW
1267,10.566667,15097.5,2.545478,60.04892,0,14962,4.641260,59.89859,0,15304.1,0.452711,60.09092,0,43.7305,2.619932,60.05712,1,32.5055,-1.563124,59.50026,1,30.5948,0.418122,59.99650,1,POW
1268,10.575000,15186.7,2.544138,59.97440,0,14940,4.647791,60.12473,0,15233.6,0.449171,59.93239,0,43.7906,2.617796,59.95920,1,32.509,-1.536652,60.50557,1,30.8024,0.418488,60.00699,1,POW
1269,10.583333,15099.6,2.546882,60.05241,0,14963.8,4.642664,59.90208,0,15306.2,0.454115,60.09442,0,43.6293,2.621946,60.07926,1,32.3735,-1.562757,59.50143,1,30.5197,0.418183,59.99417,1,POW
1270,10.591667,15185.5,2.545539,59.97435,0,14938.7,4.649133,60.12356,0,15233,0.450514,59.93122,0,43.4922,2.619810,59.95921,1,32.2289,-1.536835,60.49508,1,30.5588,0.419342,60.02215,1,POW
1271,10.600000,15100.3,2.548225,60.05129,0,14963.6,4.644007,59.90208,0,15306.3,0.455397,60.09325,0,43.2246,2.623472,60.06994,1,31.9532,-1.561048,59.53756,1,30.133,0.416962,59.95454,1,POW
1272,10.608333,15186.5,2.546760,59.97202,0,14938.2,4.650354,60.12123,0,15232.4,0.451674,59.92889,0,43.0432,2.620787,59.94872,1,31.7981,-1.534821,60.50091,1,30.1022,0.418732,60.03380,1,POW
1273,10.616667,15101.1,2.549384,60.05012,0,14964.2,4.645349,59.90441,0,15305.6,0.456678,60.09559,0,42.7357,2.625242,60.08509,1,31.4662,-1.559767,59.52357,1,29.634,0.417755,59.98135,1,POW
1274,10.625000,15186.6,2.548164,59.97669,0,14938.6,4.651880,60.12472,0,15232.7,0.453077,59.93122,0,42.6169,2.622435,59.94638,1,31.2813,-1.533112,60.50907,1,29.5908,0.417450,59.99417,1,POW
1275,10.633333,15100.5,2.550605,60.04663,0,14964.8,4.646570,59.89859,0,15305.1,0.457960,60.09325,0,42.4142,2.626829,60.08393,1,31.0949,-1.559034,59.50492,1,29.1907,0.417755,60.00583,1,POW
1276,10.641667,15187.6,2.549507,59.97902,0,14938.9,4.653223,60.12705,0,15234.5,0.454420,59.93240,0,42.5622,2.625853,59.98135,1,31.1018,-1.531525,60.52538,1,29.4724,0.420014,60.04313,1,POW
1277,10.650000,15098.5,2.551643,60.04080,0,14962.8,4.647547,59.89160,0,15303.9,0.458936,60.08626,0,42.3935,2.630247,60.08393,1,31.0497,-1.553436,59.58153,1,29.116,0.422699,60.05129,1,POW
1278,10.658333,15190,2.550849,59.98485,0,14941.2,4.654504,60.13288,0,15236.4,0.455702,59.93822,0,42.7192,2.629881,59.99301,1,31.3006,-1.526520,60.51406,1,29.5717,0.424835,60.04080,1,POW
1279,10.666667,15097.3,2.553047,60.04196,0,14961.6,4.648889,59.89276,0,15303.5,0.460218,60.08626,0,42.5319,2.633238,60.06411,1,31.207,-1.550324,59.54539,1,29.3057,0.428375,60.06760,1,POW
1280,10.675000,15190.8,2.552009,59.98018,0,14942,4.655603,60.12822,0,15237.9,0.456861,59.93589,0,42.9084,2.632383,59.98368,1,31.4333,-1.521701,60.54666,1,29.7562,0.429169,60.01515,1,POW
1281,10.683333,15099.6,2.554511,60.04779,0,14963.7,4.650354,59.89976,0,15305.9,0.461683,60.09208,0,42.7576,2.635740,60.06411,1,31.4649,-1.547760,59.50230,1,29.5245,0.431061,60.03614,1,POW
1282,10.691667,15191.8,2.553596,59.98251,0,14943,4.657251,60.13172,0,15238,0.458448,59.93822,0,42.9185,2.633726,59.96153,1,31.5863,-1.520236,60.52568,1,29.8452,0.431244,60.00350,1,POW
1283,10.700000,15100.1,2.556159,60.04896,0,14963.8,4.652002,59.89975,0,15305.3,0.463270,60.09209,0,42.664,2.635618,60.03614,1,31.4452,-1.547333,59.48248,1,29.5426,0.431488,60.00466,1,POW
1284,10.708333,15192.2,2.555061,59.97902,0,14943.5,4.658716,60.12822,0,15238.3,0.459913,59.93589,0,42.776,2.633116,59.95221,1,31.4722,-1.520968,60.50353,1,29.8239,0.430878,59.98834,1,POW
1285,10.716667,15100.2,2.557746,60.05129,0,14964.3,4.653589,59.90208,0,15305.9,0.464918,60.09559,0,42.541,2.636290,60.06062,1,31.3509,-1.547577,59.49181,1,29.4763,0.431610,60.01399,1,POW
1286,10.725000,15193.5,2.556770,59.98135,0,14943.3,4.660303,60.12822,0,15239.7,0.461500,59.93472,0,42.671,2.633787,59.95221,1,31.3778,-1.520053,60.52568,1,29.7107,0.430084,59.97086,1,POW
1287,10.733333,15102,2.559455,60.05129,0,14964.3,4.655237,59.90325,0,15307.6,0.466505,60.09559,0,42.4542,2.636717,60.05595,1,31.2494,-1.547577,59.47432,1,29.4079,0.430023,59.99883,1,POW
1288,10.741667,15193.2,2.558235,59.97669,0,14942.6,4.661767,60.12473,0,15239.1,0.462965,59.93239,0,42.4789,2.633970,59.94754,1,31.1927,-1.519870,60.52917,1,29.5059,0.429901,59.99767,1,POW
1289,10.750000,15103.5,2.560859,60.05012,0,14965.5,4.656763,59.90441,0,15307.5,0.468031,60.09675,0,42.2345,2.636882,60.05562,1,30.9946,-1.546967,59.48248,1,29.1008,0.428436,59.97202,1,POW
1290,10.758333,15191.8,2.559638,59.97669,0,14941.2,4.663232,60.12356,0,15236.6,0.464369,59.93006,0,42.1243,2.633970,59.94438,1,30.8899,-1.519748,60.51985,1,29.188,0.429352,60.01749,1,POW
1291,10.766667,15106.4,2.562202,60.04895,0,14968.2,4.658166,59.90325,0,15309.3,0.469373,60.09559,0,42.0096,2.637554,60.06844,1,30.8063,-1.545807,59.50230,1,28.8939,0.429352,60.00000,1,POW
1292,10.775000,15193.6,2.561225,59.98135,0,14943.2,4.664880,60.12822,0,15238.3,0.465955,59.93472,0,42.1179,2.635496,59.96070,1,30.7926,-1.518222,60.52684,1,29.1165,0.430756,60.02681,1,POW
1293,10.783333,15103.7,2.563605,60.04546,0,14966.2,4.659570,59.89859,0,15307.1,0.470838,60.09325,0,41.9601,2.640239,60.09059,1,30.6427,-1.544159,59.50463,1,28.789,0.430450,59.99417,1,POW
1294,10.791667,15188.9,2.562263,59.97435,0,14939.2,4.665918,60.12123,0,15234.7,0.467054,59.92773,0,42.1237,2.638591,59.96853,1,30.5832,-1.515841,60.54083,1,28.9228,0.433746,60.06295,1,POW
1295,10.800000,15104.7,2.564704,60.04663,0,14966.8,4.660730,59.90092,0,15307.7,0.471937,60.09325,0,41.8859,2.643291,60.08976,1,30.4026,-1.540375,59.53144,1,28.5472,0.433319,59.99184,1,POW
1296,10.808333,15190.3,2.563727,59.98135,0,14939.9,4.667442,60.12818,0,15236.3,0.468519,59.93472,0,41.7976,2.639629,59.93006,1,30.2232,-1.513888,60.50586,1,28.6284,0.433502,60.00350,1,POW
1297,10.816667,15106.1,2.566108,60.04546,0,14967,4.662195,59.89979,0,15308.6,0.473402,60.09325,0,41.5002,2.642070,60.04663,1,30.0223,-1.536591,59.56641,1,28.1664,0.432831,59.98718,1,POW
1298,10.825000,15196.2,2.565497,59.98834,0,14942.7,4.669273,60.13518,0,15240.4,0.470228,59.93938,0,41.6028,2.639019,59.94172,1,30.0403,-1.511081,60.48721,1,28.4221,0.432831,60.00000,1,POW
1299,10.833333,15100.6,2.567390,60.03614,0,14962.4,4.663598,59.89163,0,15303.7,0.474742,60.08622,0,41.2764,2.642742,60.07111,1,29.8501,-1.534882,59.54543,1,28.0086,0.436432,60.06877,1,POW
1300,10.841667,15194.9,2.566413,59.98135,0,14942.8,4.670310,60.12818,0,15239.6,0.471388,59.93593,0,41.603,2.642070,59.98718,1,30.0449,-1.506625,60.53966,1,28.4416,0.438263,60.03497,1,POW
1301,10.850000,15104.1,2.568793,60.04546,0,14965.8,4.665002,59.89863,0,15307.5,0.476268,60.09321,0,41.5352,2.646038,60.07577,1,30.1384,-1.532135,59.51279,1,28.2601,0.441132,60.05479,1,POW
1302,10.858333,15196.8,2.567939,59.98368,0,14944,4.671775,60.12935,0,15241.6,0.472852,59.93476,0,41.6574,2.643596,59.95337,1,30.2429,-1.505160,60.51519,1,28.5798,0.441193,60.00117,1,POW
1303,10.866667,15102.8,2.570197,60.04313,0,14964.4,4.666343,59.89625,0,15306.8,0.477611,60.09088,0,41.3858,2.647075,60.06644,1,30.0616,-1.530915,59.50813,1,28.1935,0.442640,60.02765,1,POW
1304,10.875000,15197,2.569282,59.98251,0,14944,4.673057,60.12823,0,15242.3,0.474132,59.93356,0,41.5819,2.645366,59.96736,1,30.1603,-1.502048,60.55132,1,28.3008,0.444838,60.04196,1,POW
1305,10.883333,15103.1,2.571662,60.04546,0,14964.5,4.667808,59.89975,0,15307.6,0.479137,60.09559,0,41.4614,2.650310,60.09442,1,30.0982,-1.529328,59.47899,1,27.8479,0.451429,60.12589,1,POW
1306,10.891667,15196.6,2.570563,59.97902,0,14944.3,4.674277,60.12356,0,15242.5,0.475414,59.92889,0,41.4533,2.647930,59.95454,1,30.0928,-1.500278,60.55482,1,28.0069,0.452833,60.02681,1,POW
1307,10.900000,15108.9,2.573310,60.05246,0,14970.9,4.669517,59.90908,0,15312.4,0.480785,60.10258,0,41.3417,2.651714,60.07227,1,29.9779,-1.527680,59.47666,1,27.7135,0.453138,60.00583,1,POW
1308,10.908333,15198.5,2.572516,59.98485,0,14946.6,4.676231,60.12822,0,15243.9,0.477367,59.93472,0,41.3399,2.648601,59.94055,1,29.9773,-1.500217,60.52451,1,27.8888,0.452101,59.98018,1,POW
1309,10.916667,15105.3,2.574836,60.04430,0,14968.3,4.670920,59.89859,0,15309.6,0.482311,60.09442,0,41.1179,2.652385,60.07227,1,29.7649,-1.529572,59.43935,1,27.539,0.453321,60.02331,1,POW
1310,10.925000,15195.7,2.573615,59.97669,0,14944.5,4.677329,60.12240,0,15241.7,0.478526,59.92773,0,41.195,2.649944,59.95337,1,29.7397,-1.500217,60.56065,1,27.6964,0.453199,59.99767,1,POW
1311,10.933333,15107.9,2.576173,60.04885,0,14969.8,4.672385,59.90558,0,15311.2,0.483714,60.09908,0,41.2797,2.654765,60.09208,1,29.7655,-1.526581,59.49647,1,27.4857,0.453871,60.01282,1,POW
1312,10.941667,15193,2.575074,59.97902,0,14941.2,4.678855,60.12356,0,15239,0.480052,59.93006,0,41.3035,2.652385,59.95454,1,29.8182,-1.498569,60.53500,1,27.718,0.455519,60.03147,1,POW
1313,10.950000,15109.4,2.577455,60.04546,0,14969.9,4.673667,59.90092,0,15312,0.484935,60.09325,0,41.2873,2.655803,60.06527,1,29.7335,-1.525849,59.47899,1,27.4768,0.454115,59.97319,1,POW
1314,10.958333,15197.3,2.576783,59.98718,0,14943.6,4.680503,60.13056,0,15242.1,0.481578,59.93589,0,41.1617,2.650982,59.90792,1,29.6677,-1.499789,60.49770,1,27.748,0.453505,59.98834,1,POW
1315,10.966667,15107,2.579102,60.04430,0,14968.1,4.675376,59.90208,0,15309.3,0.486583,60.09559,0,40.8026,2.653850,60.05478,1,29.3731,-1.526886,59.48248,1,27.3953,0.453444,59.99883,1,POW
1316,10.975000,15193.7,2.578065,59.98018,0,14940.9,4.681846,60.12356,0,15238.6,0.482860,59.92889,0,40.6393,2.650127,59.92890,1,29.1854,-1.498996,60.53267,1,27.5049,0.452284,59.97785,1,POW
1317,10.983333,15108.1,2.580506,60.04663,0,14969.8,4.676719,59.90208,0,15311.4,0.487987,60.09792,0,40.4712,2.654521,60.08392,1,29.0211,-1.525483,59.49414,1,27.2249,0.452772,60.00933,1,POW
1318,10.991667,15194.5,2.579713,59.98485,0,14941.7,4.683432,60.12822,0,15240.4,0.484508,59.93356,0,40.309,2.651653,59.94522,1,28.8757,-1.499362,60.49886,1,27.292,0.452040,59.98601,1,POW
1319,11.000000,15107.5,2.581910,60.04196,0,14969.6,4.678123,59.89859,0,15310.8,0.489329,60.09208,0,40.0345,2.655010,60.06411,1,28.6235,-1.525238,59.50580,1,26.7635,0.450026,59.96153,1,POW
1320,11.008333,15194.4,2.581056,59.98368,0,14941.5,4.684775,60.12705,0,15240.6,0.485790,59.93240,0,39.923,2.651897,59.94056,1,28.514,-1.499057,60.50003,1,26.8565,0.448866,59.97785,1,POW
1321,11.016667,15108.9,2.583253,60.04196,0,14970.5,4.679465,59.89859,0,15312.2,0.490611,60.09208,0,39.6778,2.655742,60.07343,1,28.2354,-1.524872,59.50696,1,26.4209,0.449842,60.01865,1,POW
1322,11.025000,15200.1,2.582765,59.99067,0,14944.9,4.686545,60.13521,0,15244.4,0.487438,59.93939,0,39.6998,2.652507,59.93822,1,28.2389,-1.496493,60.54200,1,26.5228,0.447035,59.94638,1,POW
1323,11.033333,15106.3,2.584901,60.04080,0,14968,4.681113,59.89626,0,15308.7,0.492259,60.09208,0,39.4136,2.656596,60.07810,1,28.0401,-1.524508,59.46496,1,26.1273,0.449720,60.05129,1,POW
1324,11.041667,15203.6,2.584290,59.98834,0,14947.3,4.688071,60.13288,0,15246.8,0.488902,59.93589,0,39.7116,2.655376,59.97669,1,28.1683,-1.493020,60.60138,1,26.4764,0.449965,60.00466,1,POW
1325,11.050000,15105.9,2.586549,60.04313,0,14968.2,4.682761,59.89859,0,15308.4,0.493907,60.09558,0,39.4992,2.659221,60.07344,1,28.1049,-1.521395,59.45807,1,26.1819,0.454359,60.08393,1,POW
1326,11.058333,15198.2,2.585511,59.98018,0,14944,4.689231,60.12356,0,15242.2,0.490184,59.92889,0,39.6451,2.658733,59.99067,1,28.1369,-1.490030,60.59905,1,26.4532,0.454481,60.00233,1,POW
1327,11.066667,15105.7,2.587647,60.04080,0,14968.7,4.683921,59.89859,0,15308.5,0.495128,60.09442,0,39.6589,2.663127,60.08393,1,28.2121,-1.516269,59.49887,1,26.3733,0.459913,60.10374,1,POW
1328,11.075000,15197.9,2.586732,59.98251,0,14944.6,4.690451,60.12473,0,15242.8,0.491405,59.92889,0,40.0502,2.663127,60.00000,1,28.495,-1.485086,60.59555,1,26.9166,0.462782,60.05479,1,POW
1329,11.083333,15106.3,2.589051,60.04430,0,14969,4.685202,59.89975,0,15309.4,0.496409,60.09559,0,40.2078,2.668557,60.10370,1,28.6799,-1.509982,59.52452,1,26.9566,0.468275,60.10491,1,POW
1330,11.091667,15199.9,2.588075,59.98135,0,14945.4,4.691733,60.12473,0,15243.3,0.492686,59.92889,0,40.4494,2.666911,59.96857,1,28.9648,-1.480020,60.57223,1,27.2936,0.469984,60.03264,1,POW
1331,11.100000,15112.9,2.590760,60.05128,0,14973.6,4.687033,59.91024,0,15313.1,0.498057,60.10258,0,40.5426,2.669656,60.05241,1,29.0156,-1.508456,59.45690,1,27.2217,0.470777,60.01515,1,POW
1332,11.108333,15197,2.589601,59.97786,0,14942.5,4.693320,60.12006,0,15239.6,0.494212,59.92656,0,40.4734,2.667461,59.95808,1,28.9966,-1.479409,60.55475,1,27.3185,0.472791,60.03847,1,POW
1333,11.116667,15110.7,2.591859,60.04313,0,14972.3,4.688193,59.90208,0,15310.6,0.499278,60.09675,0,40.4782,2.672280,60.09205,1,29.0276,-1.504428,59.52218,1,27.0852,0.474925,60.04076,1,POW
1334,11.125000,15198.8,2.591065,59.98485,0,14944.5,4.694846,60.12706,0,15241.6,0.495677,59.93123,0,40.5895,2.671182,59.97902,1,29.1182,-1.477640,60.51162,1,27.3213,0.475109,60.00350,1,POW
1335,11.133333,15109.9,2.593262,60.04196,0,14971.6,4.689597,59.89975,0,15309.8,0.500621,60.09442,0,40.1781,2.677041,60.11191,1,28.7825,-1.506198,59.45458,1,27.0481,0.480480,60.10258,1,POW
1336,11.141667,15200.1,2.592347,59.98251,0,14944.6,4.696067,60.12356,0,15243.4,0.496837,59.92773,0,39.9673,2.676614,59.99184,1,28.6133,-1.478677,60.52561,1,27.1751,0.483592,60.05945,1,POW
1337,11.150000,15112,2.594666,60.04430,0,14972.5,4.690940,59.90208,0,15312.1,0.501964,60.09792,0,39.7462,2.680642,60.07694,1,28.4109,-1.504306,59.51053,1,26.7669,0.482921,59.98718,1,POW
1338,11.158333,15199.3,2.593629,59.98018,0,14943,4.697348,60.12240,0,15241.9,0.498179,59.92773,0,39.5495,2.677712,59.94405,1,28.2837,-1.477640,60.50929,1,26.7004,0.481456,59.97202,1,POW
1339,11.166667,15112.5,2.595948,60.04430,0,14973.1,4.692160,59.90092,0,15313.1,0.503245,60.09675,0,39.2783,2.681191,60.06644,1,27.9364,-1.505344,59.47090,1,26.2465,0.480419,59.98018,1,POW
1340,11.175000,15202.1,2.595093,59.98368,0,14945.3,4.698796,60.12673,0,15244.7,0.499583,59.93006,0,39.0572,2.678018,59.93938,1,27.6711,-1.478311,60.51628,1,26.106,0.477794,59.94988,1,POW
1341,11.183333,15116,2.597657,60.04896,0,14976.1,4.693930,59.90708,0,15314.9,0.504937,60.10225,0,38.6502,2.681497,60.06644,1,27.2955,-1.505221,59.48605,1,25.5552,0.475719,59.96037,1,POW
1342,11.191667,15202.3,2.596924,59.98601,0,14945.2,4.700749,60.13022,0,15243.9,0.501414,59.93272,0,38.348,2.679299,59.95804,1,26.9421,-1.477335,60.53260,1,25.4149,0.475658,59.99883,1,POW
1343,11.200000,15109.3,2.598816,60.03614,0,14971.7,4.695151,59.89309,0,15308.4,0.506158,60.09059,0,37.7704,2.683572,60.08160,1,26.5705,-1.501620,59.53617,1,24.8226,0.477306,60.03147,1,POW
1344,11.208333,15205.4,2.598145,59.98718,0,14948.8,4.701909,60.12906,0,15246.8,0.502635,59.93272,0,37.9099,2.683389,59.99650,1,26.5538,-1.472696,60.55242,1,24.9926,0.477062,59.99534,1,POW
1345,11.216667,15109.5,2.600342,60.04196,0,14971.6,4.696616,59.89892,0,15308.9,0.507622,60.09525,0,37.6362,2.687844,60.08509,1,26.3479,-1.497409,59.52801,1,24.6724,0.481883,60.09209,1,POW
1346,11.225000,15205.8,2.599549,59.98485,0,14948.2,4.703190,60.12556,0,15247.5,0.503917,59.92923,0,37.8944,2.687844,60.00000,1,26.4596,-1.464456,60.62935,1,24.9145,0.481578,59.99417,1,POW
1347,11.233333,15112.6,2.601868,60.04430,0,14973.6,4.698124,59.90325,0,15311.2,0.509026,60.09758,0,37.7026,2.691445,60.06878,1,26.3887,-1.493081,59.45330,1,24.6524,0.484630,60.05828,1,POW
1348,11.241667,15205.6,2.601136,59.98601,0,14948.1,4.704777,60.12706,0,15246.4,0.505486,59.93239,0,37.7336,2.690529,59.98251,1,26.3678,-1.461101,60.61077,1,24.7419,0.485668,60.01982,1,POW
1349,11.250000,15112,2.603394,60.04313,0,14973.2,4.699711,59.90325,0,15309.9,0.510674,60.09908,0,37.4215,2.694497,60.07577,1,26.1679,-1.489236,59.46267,1,24.3138,0.486827,60.02215,1,POW
1350,11.258333,15205.2,2.602662,59.98601,0,14948.1,4.706364,60.12706,0,15245.6,0.507073,59.93122,0,37.4217,2.692666,59.96503,1,26.0599,-1.459453,60.56881,1,24.4211,0.486949,60.00233,1,POW
1351,11.266667,15114.9,2.605286,60.05012,0,14975.4,4.701542,59.90791,0,15312,0.512444,60.10258,0,37.2785,2.697121,60.08509,1,25.9345,-1.485330,59.50580,1,24.2137,0.489757,60.05362,1,POW
1352,11.275000,15203.1,2.604249,59.98018,0,14945.9,4.707951,60.12240,0,15242.9,0.508660,59.92773,0,37.3274,2.696999,59.99767,1,25.9547,-1.452312,60.63059,1,24.2842,0.492808,60.05828,1,POW
1353,11.283333,15112.8,2.606444,60.04192,0,14973.6,4.702763,59.90092,0,15310,0.513726,60.09675,0,37.1431,2.702780,60.11041,1,25.8442,-1.478677,59.49647,1,24.0464,0.494823,60.03847,1,POW
1354,11.291667,15204.8,2.605530,59.98256,0,14947.6,4.709172,60.12240,0,15244.9,0.509881,59.92656,0,37.2444,2.701743,59.98018,1,25.8919,-1.446758,60.60961,1,24.268,0.499034,60.08043,1,POW
1355,11.300000,15116.5,2.607848,60.04425,0,14976.7,4.704045,59.90208,0,15313.3,0.515069,60.09908,0,37.2223,2.706382,60.08859,1,25.8958,-1.473978,59.48015,1,24.1427,0.500743,60.03264,1,POW
1356,11.308333,15204.5,2.606871,59.98135,0,14947.3,4.710453,60.12240,0,15244.7,0.511101,59.92423,0,37.4133,2.705710,59.98718,1,26.002,-1.439617,60.65623,1,24.4151,0.504466,60.07111,1,POW
1357,11.316667,15116.3,2.608885,60.03847,0,14976.2,4.705266,59.90092,0,15311.5,0.516106,60.09559,0,37.4593,2.710166,60.08509,1,26.0315,-1.465921,59.49764,1,24.2548,0.507012,60.04863,1,POW
1358,11.325000,15204.3,2.607909,59.98135,0,14947.1,4.711613,60.12123,0,15243.7,0.512200,59.92540,0,37.6058,2.708457,59.96736,1,26.1696,-1.435833,60.57463,1,24.5099,0.510125,60.05945,1,POW
1359,11.333333,15117.8,2.610167,60.04313,0,14979.8,4.706486,59.90208,0,15313,0.517449,60.10025,0,37.6112,2.713523,60.09675,1,26.2226,-1.462871,59.48361,1,24.4048,0.511956,60.03497,1,POW
1360,11.341667,15204.5,2.609434,59.98601,0,14948.2,-1.570081,60.12639,0,15244.8,0.513726,59.92889,0,37.7052,2.711264,59.95687,1,26.2631,-1.434857,60.53504,1,24.7108,0.513543,60.03031,1,POW
1361,11.350000,15113.2,2.611204,60.03380,0,14976,4.707463,59.89226,0,15309.8,0.518487,60.09092,0,37.534,2.714499,60.06178,1,26.1342,-1.462810,59.46612,1,24.3899,0.513421,59.99767,1,POW
1362,11.358333,15208.9,2.610655,59.98951,0,14950.9,-1.568861,60.13105,0,15248.2,0.514825,59.93006,0,37.7468,2.711081,59.93472,1,26.2279,-1.435101,60.52921,1,24.6736,0.510247,59.93939,1,POW
1363,11.366667,15111,2.612608,60.03730,0,14973.2,4.708867,59.89576,0,15307.7,0.519768,60.09442,0,37.4129,2.714255,60.06062,1,26.0102,-1.465311,59.42303,1,24.2881,0.512017,60.03380,1,POW
1364,11.375000,15206.4,2.611754,59.98368,0,14948.8,-1.567823,60.12406,0,15246.3,0.515923,59.92656,0,37.5039,2.711997,59.95687,1,25.906,-1.435040,60.57813,1,24.4037,0.508416,59.93122,1,POW
1365,11.383333,15116.2,2.613951,60.04196,0,14977.2,4.710392,59.90509,0,15311.4,0.521172,60.10024,0,37.2198,2.713950,60.03730,1,25.7509,-1.465494,59.41837,1,24.0404,0.508538,60.00233,1,POW
1366,11.391667,15209.3,2.613646,59.99417,0,14951,-1.565809,60.13338,0,15248.3,0.517876,59.93706,0,37.2126,2.711325,59.94988,1,25.7044,-1.436016,60.56298,1,24.2117,0.507683,59.98368,1,POW
1367,11.400000,15113,2.615721,60.03963,0,14974.4,4.712101,59.89926,0,15308.2,0.522942,60.09675,0,36.7722,2.714743,60.06528,1,25.4095,-1.464822,59.44984,1,23.6656,0.508721,60.01982,1,POW
1368,11.408333,15208.6,2.615111,59.98834,0,14950.2,-1.564405,60.12755,0,15246.7,0.519341,59.93123,0,36.6556,2.712302,59.95337,1,25.1905,-1.434674,60.57580,1,23.6498,0.505242,59.93356,1,POW
1369,11.416667,15112.7,2.617247,60.04080,0,14974.3,-1.569532,59.90208,0,15308.8,0.524529,60.09908,0,36.1374,2.715414,60.05944,1,24.9097,-1.465799,59.40555,1,23.1369,0.506524,60.02448,1,POW
1370,11.425000,15206.9,2.616453,59.98485,0,14950.1,-1.563062,60.12356,0,15246.7,0.520806,59.92889,0,36.0349,2.713767,59.96853,1,24.8054,-1.435406,60.58046,1,23.1001,0.503856,59.94904,1,POW
1371,11.433333,15117,2.619017,60.04896,0,14977.9,-1.567762,59.91024,0,15312.7,0.526360,60.10608,0,35.8886,2.718710,60.09442,1,24.6259,-1.466714,59.40205,1,22.7642,0.504405,60.01049,1,POW
1372,11.441667,15209.1,2.618468,59.98951,0,14950.1,-1.561109,60.12706,0,15247.8,0.522698,59.93006,0,35.8262,2.716452,59.95687,1,24.5217,-1.431334,60.67572,1,22.8643,0.505425,60.01948,1,POW
1373,11.450000,15117.1,2.620787,60.04430,0,14976.7,-1.565931,59.90791,0,15311.3,0.528130,60.10375,0,35.6884,2.720969,60.08626,1,24.3742,-1.462383,59.40701,1,22.5667,0.507134,60.03264,1,POW
1374,11.458333,15210.3,2.620177,59.98834,0,14950,-1.559339,60.12589,0,15247.3,0.524346,59.92773,0,35.6819,2.718588,59.95454,1,24.3621,-1.427794,60.66060,1,22.6974,0.507195,60.00117,1,POW
1375,11.466667,15119.7,2.622557,60.04546,0,14979.1,-1.564161,59.90791,0,15312.5,0.529839,60.10491,0,35.5481,2.722861,60.08160,1,24.2831,-1.459026,59.40351,1,22.4247,0.508416,60.02331,1,POW
1376,11.475000,15204.6,2.621641,59.98251,0,14946,-1.557997,60.11773,0,15243.4,0.525872,59.92423,0,35.3724,2.721579,59.97552,1,24.1047,-1.426451,60.62214,1,22.4418,0.508843,60.00816,1,POW
1377,11.483333,15117.3,2.623411,60.03380,0,14978,-1.563307,59.89859,0,15311.7,0.530815,60.09442,0,35.2273,2.726767,60.09908,1,23.9337,-1.453716,59.47928,1,22.1071,0.510979,60.04080,1,POW
1378,11.491667,15208.7,2.622923,59.99067,0,14949.7,-1.556654,60.12706,0,15247.6,0.527153,59.93006,0,35.3557,2.724936,59.96503,1,24.0167,-1.421874,60.60815,1,22.4012,0.512322,60.02565,1,POW
1379,11.500000,15120.1,2.624876,60.03730,0,14980.1,-1.561842,59.90092,0,15313.9,0.532280,60.09792,0,35.3184,2.729330,60.08393,1,24.03,-1.450603,59.45130,1,22.1524,0.513787,60.02798,1,POW
1380,11.508333,15206.2,2.624083,59.98485,0,14947.2,-1.555512,60.12090,0,15245.3,0.528313,59.92423,0,35.2009,2.726950,59.95454,1,23.9664,-1.419920,60.58600,1,22.2902,0.514947,60.02215,1,POW
1381,11.516667,15121.6,2.626036,60.03730,0,14981.7,-1.560682,59.90125,0,15315.6,0.533440,60.09792,0,35.1585,2.731220,60.08156,1,23.8415,-1.447979,59.46412,1,22.0193,0.516839,60.03614,1,POW
1382,11.525000,15208.2,2.625547,59.99067,0,14947.9,-1.553925,60.12906,0,15246.4,0.529778,59.93006,0,35.1182,2.728964,59.95691,1,23.7927,-1.416930,60.59299,1,22.1186,0.515557,59.97552,1,POW
1383,11.533333,15117.2,2.627256,60.03264,0,14977.4,-1.559400,59.89542,0,15310.2,0.534661,60.09325,0,34.9286,2.733784,60.09205,1,23.6053,-1.444683,59.46995,1,21.6949,0.518059,60.04779,1,POW
1384,11.541667,15212.4,2.626768,59.99067,0,14951.4,-1.552582,60.13022,0,15247.9,0.530999,59.93006,0,35.0486,2.730915,59.94521,1,23.6505,-1.413085,60.60349,1,21.9304,0.518304,60.00466,1,POW
1385,11.550000,15112.8,2.628599,60.03497,0,14974.6,-1.557997,59.89659,0,15306.2,0.536062,60.09671,0,34.7357,2.735127,60.08043,1,23.4433,-1.445782,59.37553,1,21.5846,0.522637,60.08276,1,POW
1386,11.558333,15210.4,2.627745,59.98368,0,14951,-1.551727,60.11973,0,15247.4,0.531975,59.92194,0,34.9135,2.733967,59.97785,1,23.4872,-1.409972,60.68392,1,21.7924,0.519829,59.94638,1,POW
1387,11.566667,15115.3,2.629881,60.04080,0,14977,-1.556837,59.90242,0,15309.4,0.537283,60.10137,0,34.8421,2.738056,60.07810,1,23.4828,-1.442974,59.36970,1,21.6274,0.524468,60.08859,1,POW
1388,11.575000,15213,2.629148,59.98601,0,14952.6,-1.550446,60.12206,0,15249.8,0.533318,59.92427,0,34.9906,2.735920,59.95920,1,23.5203,-1.408141,60.66527,1,21.8337,0.521599,59.94521,1,POW
1389,11.583333,15118.4,2.631407,60.04313,0,14978.8,-1.555267,59.90791,0,15310.8,0.538809,60.10487,0,34.8187,2.739704,60.07227,1,23.3871,-1.440472,59.38253,1,21.5706,0.525383,60.07227,1,POW
1390,11.591667,15212.4,2.630735,59.98718,0,14951.3,-1.548859,60.12240,0,15248.3,0.534844,59.92427,0,34.8193,2.737934,59.96620,1,23.3583,-1.405028,60.67692,1,21.7241,0.523552,59.96503,1,POW
1391,11.600000,15117.7,2.632688,60.03730,0,14977.8,-1.553986,59.90208,0,15309.4,0.540091,60.10021,0,34.5758,2.740437,60.04779,1,23.2495,-1.438458,59.36154,1,21.422,0.525383,60.03497,1,POW
1392,11.608333,15212,2.632017,59.98718,0,14951.2,-1.547577,60.12240,0,15247.2,0.536184,59.92540,0,34.5694,2.738972,59.97202,1,23.2027,-1.403685,60.66410,1,21.5483,0.524346,59.98018,1,POW
1393,11.616667,15118.4,2.634092,60.03963,0,14978.7,-1.552521,59.90558,0,15309.6,0.541494,60.10141,0,34.4983,2.743061,60.07810,1,23.1039,-1.435772,59.38719,1,21.3096,0.528313,60.07577,1,POW
1394,11.625000,15211.6,2.633421,59.98718,0,14951.1,-1.546051,60.12356,0,15247,0.537649,59.92656,0,34.6222,2.741901,59.97785,1,23.1803,-1.400819,60.66756,1,21.5424,0.526482,59.96503,1,POW
1395,11.633333,15116,2.635374,60.03730,0,14976.6,-1.551300,59.89975,0,15307.7,0.542776,60.09792,0,34.489,2.745258,60.06411,1,23.1275,-1.433575,59.37441,1,21.2817,0.530083,60.06877,1,POW
1396,11.641667,15209.2,2.634581,59.98485,0,14949,-1.545014,60.12006,0,15245,0.538748,59.92306,0,34.4689,2.743671,59.96969,1,23.0754,-1.398927,60.66173,1,21.4038,0.529717,59.99301,1,POW
1397,11.650000,15120.1,2.636821,60.04280,0,14980.2,-1.549713,59.91024,0,15310.9,0.544363,60.10724,0,34.3821,2.746052,60.04546,1,22.9468,-1.433941,59.33128,1,21.1025,0.528252,59.97202,1,POW
1398,11.658333,15207.1,2.636290,59.98984,0,14945.8,-1.543305,60.12240,0,15243,0.540457,59.92540,0,34.2166,2.743916,59.95921,1,22.835,-1.399781,60.65240,1,21.1482,0.524834,59.93472,1,POW
1399,11.666667,15119.9,2.638164,60.03580,0,14979.4,-1.548370,59.90325,0,15310.2,0.545645,60.09908,0,34.0788,2.746662,60.05245,1,22.6705,-1.432232,59.38024,1,20.819,0.526421,60.03031,1,POW
1400,11.675000,15210.9,2.637920,59.99534,0,14949.1,-1.541535,60.13056,0,15245.1,0.542105,59.93239,0,33.9392,2.744038,59.94988,1,22.535,-1.399171,60.63142,1,20.8705,0.522515,59.92540,1,POW
1401,11.683333,15118.8,2.639873,60.03730,0,14979,-1.546662,59.90208,0,15308.5,0.547354,60.10025,0,33.574,2.745747,60.03264,1,22.2635,-1.433575,59.34293,1,20.3877,0.521111,59.97319,1,POW
1402,11.691667,15208.9,2.639202,59.98718,0,14948.2,-1.540375,60.12007,0,15244.1,0.543387,59.92423,0,33.4542,2.744404,59.97435,1,22.1358,-1.399903,60.64308,1,20.4313,0.519768,59.97436,1,POW
1403,11.700000,15122.5,2.641277,60.03963,0,14982.8,-1.545319,59.90558,0,15312.4,0.548758,60.10258,0,33.434,2.748066,60.06994,1,22.0503,-1.432781,59.37208,1,20.2648,0.521904,60.04079,1,POW
1404,11.708333,15213.3,2.640972,59.99417,0,14951,-1.538544,60.12939,0,15247.8,0.545095,59.93006,0,33.5084,2.746967,59.97902,1,22.0128,-1.397889,60.66639,1,20.4248,0.520928,59.98135,1,POW
1405,11.716667,15120,2.642803,60.03497,0,14980.1,-1.543793,59.89976,0,15309.7,0.550222,60.09792,0,33.3257,2.750202,60.06178,1,21.9175,-1.430296,59.38107,1,20.1185,0.523919,60.05712,1,POW
1406,11.725000,15212.6,2.642254,59.98951,0,14949.8,-1.537262,60.12472,0,15246.2,0.546316,59.92540,0,33.5202,2.749592,59.98834,1,21.9807,-1.393617,60.70053,1,20.3246,0.523064,59.98368,1,POW
1407,11.733333,15116.8,2.644024,60.03380,0,14977.1,-1.542572,59.89859,0,15306.6,0.551443,60.09792,0,33.3494,2.754230,60.08859,1,21.8834,-1.425719,59.38690,1,20.083,0.529351,60.12006,1,POW
1408,11.741667,15213.8,2.643596,59.99184,0,14946.6,-1.535798,60.12939,0,15243.3,0.547476,59.92423,0,33.5158,2.754474,60.00466,1,21.898,-1.385255,60.77280,1,20.2309,0.526909,59.95337,1,POW
1409,11.750000,15090.9,2.644878,60.02448,0,14949.5,-1.541657,59.88810,0,15279.7,0.551931,60.08509,0,32.8545,2.763368,60.16986,1,21.5465,-1.406371,59.59672,1,19.5558,0.547598,60.39512,1,POW
1410,11.758333,15179.4,2.643413,59.97202,0,14918.8,-1.536164,60.10491,0,15212.1,0.547537,59.91608,0,32.8352,2.769716,60.12123,1,21.5514,-1.364032,60.80861,1,19.6873,0.552297,60.08975,1,POW
1411,11.766667,15082.6,2.645061,60.03147,0,14943.5,-1.541290,59.90209,0,15271.7,0.552419,60.09325,0,32.862,2.772828,60.05945,1,21.5051,-1.396424,59.38135,1,19.6032,0.559072,60.12939,1,POW
1412,11.775000,15177,2.644573,59.99068,0,14916.7,-1.534943,60.12123,0,15210.6,0.548697,59.92890,0,33.0038,2.770265,59.95104,1,21.5987,-1.365619,60.58834,1,19.8356,0.552358,59.87177,1,POW
1413,11.783333,15083.2,2.646526,60.03730,0,14943.9,-1.539887,59.90558,0,15272.5,0.553823,60.09791,0,32.8944,2.771730,60.02798,1,21.495,-1.401122,59.32195,1,19.6399,0.553152,60.01515,1,POW
1414,11.791667,15176.1,2.645855,59.98718,0,14915.7,-1.533661,60.11890,0,15209.7,0.549978,59.92657,0,32.8271,2.769044,59.94871,1,21.4195,-1.367938,60.63376,1,19.7285,0.550589,59.95105,1,POW
1415,11.800000,15088.7,2.647991,60.04080,0,14947.6,-1.538300,59.91141,0,15275.4,0.555288,60.10141,0,32.7698,2.770448,60.02681,1,21.3472,-1.400514,59.37786,1,19.4647,0.548880,59.96736,1,POW
1416,11.808333,15174.9,2.647380,59.98834,0,14912.6,-1.532013,60.12006,0,15206.8,0.551382,59.92540,0,32.6286,2.768373,59.96037,1,21.2541,-1.368183,60.61748,1,19.4701,0.546133,59.94754,1,POW
1417,11.816667,15086.6,2.649150,60.03380,0,14945.6,-1.537140,59.90208,0,15272.5,0.556448,60.09675,0,32.5957,2.771974,60.06877,1,21.1525,-1.397523,59.43964,1,19.2776,0.551748,60.10724,1,POW
1418,11.825000,15175.1,2.648662,59.99067,0,14913.3,-1.530732,60.12240,0,15206.5,0.552725,59.92889,0,32.6274,2.771242,59.98601,1,21.2633,-1.363239,60.65478,1,19.4682,0.551321,59.99185,1,POW
1419,11.833333,15087.8,2.650676,60.03847,0,14948.2,-1.535614,59.90675,0,15273.6,0.558096,60.10258,0,32.5221,2.774232,60.05712,1,21.1613,-1.399476,59.30792,1,19.2741,0.551077,59.99534,1,POW
1420,11.841667,15177.6,2.650310,59.99301,0,14915.6,-1.529084,60.12473,0,15208.2,0.554250,59.92656,0,32.446,2.770143,59.92190,1,21.0297,-1.367816,60.60466,1,19.3048,0.545584,59.89509,1,POW
1421,11.850000,15086,2.652080,60.03380,0,14945.8,-1.534333,59.89975,0,15271.6,0.559377,60.09792,0,32.2207,2.772035,60.03614,1,20.852,-1.403075,59.32661,1,18.9944,0.544912,59.98718,1,POW
1422,11.858333,15176,2.651470,59.98834,0,14914,-1.527985,60.12123,0,15206.6,0.555410,59.92423,0,32.1483,2.770326,59.96736,1,20.768,-1.367511,60.67922,1,19.0156,0.542776,59.95920,1,POW
1423,11.866667,15088.3,2.653484,60.03846,0,14947.8,-1.532807,59.90791,0,15272,0.560781,60.10258,0,31.9883,2.771303,60.01865,1,20.4582,-1.400819,59.36387,1,18.7488,0.538565,59.91957,1,POW
1424,11.875000,15173.8,2.653240,59.99534,0,14911.1,-1.526154,60.12706,0,15204,0.557058,59.92889,0,31.7602,2.766908,59.91607,1,20.0883,-1.364887,60.68626,1,18.6722,0.530388,59.84384,1,POW
1425,11.883333,15084.1,2.654643,60.02681,0,14944.2,-1.531647,59.89509,0,15267.5,0.561880,60.09209,0,31.4184,2.767518,60.01166,1,19.7604,-1.401122,59.30796,1,18.1667,0.525689,59.91024,1,POW
1426,11.891667,15182.6,2.654826,60.00350,0,14919.5,-1.524386,60.13867,0,15210.1,0.558706,59.93939,0,31.5044,2.762147,59.89742,1,19.7618,-1.369281,60.60811,1,18.3171,0.520745,59.90558,1,POW
1427,11.900000,15080.1,2.656658,60.03497,0,14941,-1.529694,59.89863,0,15264,0.563894,60.09908,0,31.0839,2.764284,60.04080,1,19.432,-1.409911,59.22403,1,17.8843,0.518181,59.95105,1,POW
1428,11.908333,15175.6,2.655742,59.98251,0,14914.1,-1.523654,60.11536,0,15204.7,0.559560,59.91724,0,31.063,2.761432,59.94555,1,19.3091,-1.371889,60.72617,1,17.9104,0.513055,59.90208,1,POW
1429,11.916667,15085.4,2.657756,60.03847,0,14945.8,-1.528534,59.90679,0,15268.3,0.564993,60.10375,0,31.0512,2.764772,60.06378,1,19.3467,-1.407409,59.32162,1,17.8319,0.517327,60.08160,1,POW
1430,11.925000,15179.7,2.657512,59.99534,0,14917.1,-1.521823,60.12818,0,15208.4,0.561330,59.93006,0,31.277,2.763246,59.97086,1,19.5209,-1.370485,60.70519,1,18.1278,0.516534,59.98485,1,POW
1431,11.933333,15085.2,2.659221,60.03264,0,14944.5,-1.527009,59.90096,0,15267.6,0.566457,60.09792,0,31.2599,2.767824,60.08743,1,19.5528,-1.404601,59.34843,1,17.9747,0.521721,60.09908,1,POW
1432,11.941667,15181.3,2.658794,59.99184,0,14917.5,-1.520541,60.12352,0,15209,0.562551,59.92540,0,31.5007,2.767640,59.99650,1,19.75,-1.362445,60.80511,1,18.333,0.525933,60.08043,1,POW
1433,11.950000,15088,2.660747,60.03730,0,14946.6,-1.525483,59.90562,0,15269.5,0.567978,60.10364,0,31.5492,2.773134,60.10491,1,19.8354,-1.397096,59.33822,1,18.2945,0.532036,60.11657,1,POW
1434,11.958333,15181.3,2.660075,59.98718,0,14917.2,-1.519198,60.12002,0,15208.1,0.563833,59.92084,0,31.5745,2.772584,59.98951,1,19.9892,-1.356342,60.77834,1,18.4699,0.533989,60.03730,1,POW
1435,11.966667,15090.4,2.662090,60.03847,0,14948.8,-1.524142,59.90558,0,15270.9,0.569320,60.10480,0,31.6995,2.778138,60.10607,1,20.104,-1.392152,59.31608,1,18.4685,0.538260,60.08156,1,POW
1436,11.975000,15182.4,2.661540,59.98951,0,14918.7,-1.517794,60.12123,0,15209.8,0.565237,59.92201,0,31.9257,2.777589,59.98951,1,20.2846,-1.352253,60.76202,1,18.8163,0.542166,60.07460,1,POW
1437,11.983333,15091.1,2.663432,60.03614,0,14949.7,-1.522860,59.90325,0,15272.1,0.570663,60.10364,0,31.9831,2.784730,60.13639,1,20.3733,-1.384401,59.38602,1,18.7811,0.547598,60.10375,1,POW
1438,11.991667,15182.4,2.662883,59.98951,0,14918.5,-1.516574,60.12006,0,15210.5,0.566518,59.92084,0,32.047,2.785646,60.01748,1,20.5031,-1.347126,60.71190,1,19,0.550589,60.05712,1,POW
1439,12.000000,15093.5,2.664714,60.03497,0,14951.4,-1.521518,59.90558,0,15273.1,0.571945,60.10364,0,32.1474,2.790528,60.09325,1,20.5889,-1.379762,59.37669,1,18.8968,0.553823,60.06178,1,POW
1440,12.008333,15181.8,2.664348,59.99301,0,14917.3,-1.515170,60.12123,0,15209.8,0.567917,59.92306,0,32.1293,2.789613,59.98251,1,20.6714,-1.343708,60.68859,1,19.2088,0.556448,60.05012,1,POW
1441,12.016667,15095.3,2.665935,60.03031,0,14952.9,-1.520236,59.90325,0,15273.9,0.573105,60.09908,0,32.296,2.792726,60.05945,1,20.7764,-1.373781,59.42565,1,19.0875,0.559194,60.05246,1,POW
1442,12.025000,15186.1,2.665691,59.99534,0,14921.2,-1.513522,60.12822,0,15211.5,0.569381,59.92889,0,32.4113,2.788392,59.91724,1,20.8958,-1.345966,60.53122,1,19.3541,0.556997,59.95804,1,POW
1443,12.033333,15095.7,2.667522,60.03497,0,14953.8,-1.518588,59.90325,0,15273.4,0.574752,60.10258,0,32.2467,2.790895,60.04779,1,20.7652,-1.380189,59.34638,1,19.122,0.553945,59.94172,1,POW
1444,12.041667,15182.5,2.666911,59.98834,0,14917.7,-1.512423,60.11773,0,15208.8,0.570602,59.92073,0,32.1427,2.787049,59.92656,1,20.6856,-1.349384,60.58834,1,19.2078,0.552786,59.97785,1,POW
1445,12.050000,15097.5,2.668801,60.03609,0,14956.3,-1.517367,59.90558,0,15276.2,0.576095,60.10491,0,32.0399,2.789552,60.04779,1,20.6458,-1.383241,59.35338,1,18.948,0.548269,59.91374,1,POW
1446,12.058333,15186.1,2.668801,60.00000,0,14920.4,-1.510531,60.13056,0,15212.6,0.572372,59.92889,0,31.9613,2.785707,59.92656,1,20.4735,-1.356647,60.50791,1,19.0377,0.541250,59.86595,1,POW
1447,12.066667,15094,2.670205,60.02681,0,14951.8,-1.516024,59.89509,0,15272.7,0.577377,60.09559,0,31.5346,2.786622,60.01749,1,20.1162,-1.389772,59.36737,1,18.5244,0.536734,59.91374,1,POW
1448,12.075000,15189.9,2.670083,59.99767,0,14923.3,-1.509250,60.12939,0,15214.8,0.573593,59.92773,0,31.5054,2.781312,59.89859,1,19.9787,-1.360431,60.56036,1,18.5833,0.528374,59.84034,1,POW
1449,12.083333,15091.7,2.671731,60.03147,0,14949.9,-1.514499,59.89975,0,15270,0.578903,60.10141,0,31.0634,2.783204,60.03614,1,19.7129,-1.398378,59.27528,1,18.1016,0.524590,59.92773,1,POW
1450,12.091667,15189.7,2.671121,59.98834,0,14923.2,-1.508273,60.11889,0,15213.3,0.574630,59.91840,0,30.8499,2.778688,59.91374,1,19.5342,-1.365131,60.63497,1,18.1001,0.517815,59.87061,1,POW
1451,12.100000,15097.7,2.673196,60.03963,0,14956.2,-1.513034,59.90908,0,15275.2,0.580368,60.10957,0,30.7329,2.780702,60.03847,1,19.3169,-1.405028,59.23802,1,17.8192,0.516289,59.97086,1,POW
1452,12.108333,15194.4,2.673013,59.99650,0,14927.9,-1.506381,60.12705,0,15218.2,0.576522,59.92656,0,30.6586,2.777528,59.93938,1,19.2764,-1.366840,60.72934,1,17.9174,0.511224,59.90325,1,POW
1453,12.116667,15097.4,2.674966,60.03730,0,14956,-1.511325,59.90558,0,15275.3,0.582137,60.10724,0,30.5564,2.780885,60.06411,1,19.1502,-1.407836,59.21703,1,17.6313,0.514153,60.05595,1,POW
1454,12.125000,15193.2,2.674539,59.99184,0,14927.3,-1.504977,60.12123,0,15218.2,0.577987,59.92074,0,30.5253,2.778321,59.95104,1,19.0837,-1.368427,60.75266,1,17.7986,0.509881,59.91840,1,POW
1455,12.133333,15099.7,2.676431,60.03614,0,14958.2,-1.509799,59.90792,0,15277.4,0.583663,60.10840,0,30.5138,2.782044,60.07111,1,19.0599,-1.406005,59.28231,1,17.6317,0.512627,60.05246,1,POW
1456,12.141667,15194.3,2.676125,59.99417,0,14927.9,-1.503390,60.12239,0,15219.4,0.579574,59.92190,0,30.3641,2.779725,59.95570,1,18.9895,-1.366413,60.75616,1,17.7285,0.512200,59.99184,1,POW
1457,12.150000,15104.5,2.678140,60.03847,0,14962.3,-1.508029,59.91141,0,15281.6,0.585372,60.11073,0,30.3412,2.782533,60.05362,1,18.8976,-1.405822,59.24734,1,17.3733,0.509698,59.95221,1,POW
1458,12.158333,15197,2.677896,59.99534,0,14929.8,-1.501498,60.12473,0,15220.4,0.581405,59.92424,0,30.2233,2.779969,59.95104,1,18.8713,-1.366046,60.75965,1,17.4734,0.507683,59.96153,1,POW
1459,12.166667,15104.8,2.679666,60.03380,0,14962.8,-1.506503,59.90441,0,15280.1,0.586959,60.10607,0,30.1917,2.784730,60.09092,1,18.9031,-1.400878,59.33477,1,17.3257,0.515618,60.15154,1,POW
1460,12.175000,15200.8,2.679360,59.99417,0,14934.1,-1.500034,60.12356,0,15223.1,0.582931,59.92306,0,30.466,2.785096,60.00699,1,19.0022,-1.359027,60.79928,1,17.6304,0.519280,60.06994,1,POW
1461,12.183333,15111.9,2.681558,60.04196,0,14970,-1.504611,59.91257,0,15286.4,0.588912,60.11424,0,30.4611,2.789979,60.09325,1,19.1347,-1.393556,59.34056,1,17.5473,0.521965,60.05128,1,POW
1462,12.191667,15200.7,2.681252,59.99417,0,14933.1,-1.498202,60.12240,0,15223.5,0.584762,59.92073,0,30.3084,2.791871,60.03614,1,18.9373,-1.357990,60.67926,1,17.6083,0.522759,60.01515,1,POW
1463,12.200000,15114.7,2.682900,60.03147,0,14972.2,-1.503207,59.90441,0,15289.2,0.590194,60.10375,0,30.1108,2.795165,60.06291,1,18.8459,-1.389894,59.39068,1,17.2577,0.523247,60.00933,1,POW
1464,12.208333,15206.6,2.683145,60.00466,0,14938.2,-1.496249,60.13289,0,15229.1,0.586654,59.93239,0,30.1343,2.796141,60.01865,1,18.8067,-1.354328,60.67926,1,17.4321,0.522332,59.98251,1,POW
1465,12.216667,15112.9,2.684548,60.02681,0,14970.6,-1.501559,59.89859,0,15288,0.591842,60.09908,0,30.0715,2.799376,60.06178,1,18.5886,-1.388124,59.35454,1,17.0379,0.525505,60.06062,1,POW
1466,12.225000,15205.1,2.684121,59.99184,0,14936.6,-1.495151,60.12240,0,15227.7,0.587753,59.92190,0,30.2481,2.800048,60.01282,1,18.5009,-1.349445,60.73871,1,17.0976,0.524834,59.98718,1,POW
1467,12.233333,15119.7,2.685952,60.03497,0,14976.3,-1.499972,59.90791,0,15293,0.593368,60.10724,0,30.0811,2.801390,60.02564,1,18.4818,-1.386720,59.28810,1,16.8828,0.524468,59.99301,1,POW
1468,12.241667,15209.4,2.685891,59.99883,0,14939.6,-1.493264,60.12812,0,15230.5,0.589523,59.92656,0,30.0973,2.799315,59.96037,1,18.3861,-1.349628,60.70840,1,16.9897,0.522698,59.96620,1,POW
1469,12.250000,15117.9,2.687478,60.03031,0,14975.4,-1.498447,59.90103,0,15291.5,0.594894,60.10258,0,29.802,2.801818,60.04779,1,18.1967,-1.385621,59.31258,1,16.6182,0.523857,60.02215,1,POW
1470,12.258333,15210,2.687356,59.99767,0,14941.8,-1.491800,60.12695,0,15231.5,0.591048,59.92656,0,29.8571,2.799559,59.95687,1,18.0704,-1.349445,60.69091,1,16.7628,0.520745,59.94055,1,POW
1471,12.266667,15113.4,2.689004,60.03147,0,14972.1,-1.497043,59.89986,0,15289.3,0.596420,60.10258,0,29.5352,2.803466,60.07460,1,17.9436,-1.385011,59.32074,1,16.4849,0.525200,60.08509,1,POW
1472,12.275000,15209.2,2.688576,59.99184,0,14940.5,-1.490701,60.12112,0,15231.2,0.592208,59.91957,0,29.6814,2.801696,59.96620,1,17.9296,-1.345722,60.75037,1,16.5622,0.517998,59.86245,1,POW
1473,12.283333,15112.9,2.690346,60.03380,0,14971.6,-1.495700,59.90452,0,15288,0.597760,60.10604,0,29.4135,2.803466,60.03380,1,17.8041,-1.387086,59.21000,1,16.3379,0.517876,59.99767,1,POW
1474,12.291667,15214.1,2.690102,59.99534,0,14945.3,-1.489175,60.12462,0,15234.3,0.593734,59.92311,0,29.2323,2.797728,59.89043,1,17.694,-1.349811,60.71190,1,16.4525,0.511040,59.86944,1,POW
1475,12.300000,15116.6,2.692299,60.04196,0,14974.5,-1.493753,59.91257,0,15289.7,0.599652,60.11303,0,28.9417,2.799193,60.02798,1,17.478,-1.393739,59.16105,1,16.0893,0.508111,59.94405,1,POW
1476,12.308333,15211,2.691811,59.99067,0,14941.7,-1.487588,60.11773,0,15231,0.595321,59.91728,0,28.6698,2.796569,59.94988,1,17.2624,-1.350483,60.82613,1,16.0262,0.501170,59.86744,1,POW
1477,12.316667,15117.4,2.693642,60.03497,0,14975.6,-1.492349,59.90908,0,15290.8,0.601056,60.10953,0,28.6284,2.800170,60.06878,1,17.2061,-1.391969,59.20767,1,15.8733,0.505852,60.08942,1,POW
1478,12.325000,15212.6,2.693398,59.99534,0,14943.7,-1.485940,60.12240,0,15233.5,0.596969,59.92194,0,28.7132,2.799254,59.98251,1,17.3862,-1.344929,60.89840,1,16.1278,0.509576,60.07111,1,POW
1479,12.333333,15120.5,2.695351,60.03730,0,14978.2,-1.490579,59.91141,0,15293,0.602826,60.11186,0,28.753,2.804808,60.10608,1,17.5321,-1.384889,59.23681,1,16.0898,0.512627,60.05828,1,POW
1480,12.341667,15211.9,2.694924,59.99184,0,14942.8,-1.484414,60.11773,0,15232.9,0.598493,59.91724,0,28.7584,2.802550,59.95687,1,17.5222,-1.342060,60.81798,1,16.2662,0.516778,60.07927,1,POW
1481,12.350000,15120.5,2.696694,60.03380,0,14977.6,-1.489358,59.90558,0,15293.6,0.604108,60.10724,0,28.7576,2.807311,60.09092,1,17.5629,-1.382082,59.23564,1,16.1381,0.517571,60.01515,1,POW
1482,12.358333,15213.3,2.696328,59.99301,0,14943.9,-1.483072,60.12006,0,15234.8,0.599835,59.91840,0,28.8749,2.806761,59.98951,1,17.6208,-1.336874,60.86340,1,16.3201,0.521782,60.08043,1,POW
1483,12.366667,15123.7,2.698220,60.03614,0,14980.5,-1.487771,59.91024,0,15295.5,0.605695,60.11191,0,28.9353,2.811583,60.09208,1,17.727,-1.373720,59.29630,1,16.2117,0.524529,60.05246,1,POW
1484,12.375000,15211.6,2.697915,59.99417,0,14941.7,-1.481363,60.12240,0,15232.6,0.601483,59.91957,0,28.8778,2.809935,59.96853,1,17.5717,-1.334616,60.74683,1,16.2614,0.525628,60.02098,1,POW
1485,12.383333,15124.4,2.699485,60.02998,0,14981.5,-1.486306,59.90558,0,15294.7,0.606976,60.10491,0,28.7456,2.812682,60.05246,1,17.4968,-1.372682,59.27299,1,15.9404,0.524163,59.97202,1,POW
1486,12.391667,15210.8,2.699485,60.00000,0,14941.7,-1.479715,60.12589,0,15231.5,0.603070,59.92540,0,28.6782,2.811034,59.96853,1,17.338,-1.336935,60.68272,1,16.0958,0.527092,60.05595,1,POW
1487,12.400000,15121,2.700888,60.02681,0,14979.3,-1.484964,59.89975,0,15293.4,0.608380,60.10141,0,28.6673,2.816283,60.10025,1,17.3354,-1.369936,59.36974,1,15.8366,0.528435,60.02564,1,POW
1488,12.408333,15211.5,2.700827,59.99883,0,14941.5,-1.478433,60.12472,0,15232.3,0.604413,59.92423,0,28.8997,2.816100,59.99650,1,17.4492,-1.329916,60.76431,1,16.1543,0.529839,60.02681,1,POW
1489,12.416667,15118.4,2.702170,60.02565,0,14976.2,-1.483804,59.89742,0,15291.2,0.609540,60.09792,0,28.8519,2.821143,60.09633,1,17.4443,-1.364521,59.33911,1,15.9499,0.538382,60.16315,1,POW
1490,12.425000,15217,2.702170,60.00000,0,14947.2,-1.477029,60.12939,0,15236,0.605695,59.92656,0,29.127,2.817503,59.93048,1,17.4629,-1.326559,60.72501,1,16.1656,0.534661,59.92893,1,POW
1491,12.433333,15116.2,2.703940,60.03380,0,14974.5,-1.482034,59.90442,0,15288.1,0.611310,60.10724,0,28.7975,2.820716,60.06136,1,17.203,-1.370546,59.15992,1,15.8383,0.531914,59.94754,1,POW
1492,12.441667,15212.2,2.703147,59.98485,0,14942.2,-1.476297,60.10957,0,15231.1,0.606549,59.90908,0,28.7013,2.816283,59.91533,1,16.9753,-1.326803,60.83542,1,15.7428,0.526726,59.90092,1,POW
1493,12.450000,15120.6,2.705039,60.03614,0,14978.9,-1.480935,59.91141,0,15290.4,0.612409,60.11191,0,28.5111,2.818541,60.04313,1,16.9313,-1.370119,59.17274,1,15.5085,0.527642,60.01749,1,POW
1494,12.458333,15215.2,2.705039,60.00000,0,14946.4,-1.474405,60.12472,0,15233.8,0.608441,59.92423,0,28.6266,2.816710,59.96503,1,16.9091,-1.326559,60.83192,1,15.7083,0.526360,59.97552,1,POW
1495,12.466667,15118.2,2.706565,60.02914,0,14977.8,-1.479470,59.90325,0,15288.6,0.613934,60.10491,0,28.4996,2.821021,60.08234,1,16.9312,-1.365619,59.25401,1,15.5269,0.534111,60.14804,1,POW
1496,12.475000,15213.8,2.706259,59.99417,0,14945.8,-1.473184,60.12006,0,15232.8,0.609723,59.91957,0,28.6767,2.820716,59.99417,1,17.0398,-1.319724,60.87654,1,15.8008,0.536673,60.04892,1,POW
1497,12.483333,15118.6,2.707968,60.03264,0,14977.7,-1.478067,59.90675,0,15288.9,0.615338,60.10724,0,28.5518,2.824927,60.08043,1,17.0233,-1.363483,59.16426,1,15.6308,0.536856,60.00350,1,POW
1498,12.491667,15213.3,2.707602,59.99301,0,14944.7,-1.471963,60.11657,0,15232.9,0.610944,59.91608,0,28.5887,2.821937,59.94288,1,16.9392,-1.319479,60.84040,1,15.7176,0.536490,59.99301,1,POW
1499,12.500000,15121.1,2.709311,60.03264,0,14979.3,-1.476724,59.90908,0,15290.8,0.616681,60.10957,0,28.5405,2.826026,60.07810,1,17.0126,-1.360797,59.21088,1,15.5446,0.533806,59.94875,1,POW
1500,12.508333,15215.9,2.709006,59.99417,0,14946.8,-1.470560,60.11773,0,15234.5,0.612348,59.91724,0,28.6144,2.822791,59.93822,1,17.0587,-1.316977,60.83691,1,15.7373,0.537466,60.06990,1,POW
1501,12.516667,15124.2,2.711081,60.03963,0,14982.3,-1.474954,59.91607,0,15292.5,0.618512,60.11773,0,28.716,2.828223,60.10375,1,17.1513,-1.357135,59.23303,1,15.7417,0.540457,60.05712,1,POW
1502,12.525000,15212.2,2.710532,59.98951,0,14943.5,-1.468973,60.11424,0,15230.4,0.613934,59.91257,0,28.7674,2.826209,59.96153,1,17.1507,-1.311850,60.86488,1,15.8465,0.545828,60.10258,1,POW
1503,12.533333,15123.2,2.712180,60.03147,0,14981.9,-1.473733,59.90908,0,15290.9,0.619671,60.10957,0,28.8792,2.832740,60.12472,1,17.2706,-1.350544,59.26100,1,15.7541,0.547964,60.04080,1,POW
1504,12.541667,15215.4,2.712180,60.00000,0,14946.4,-1.467264,60.12356,0,15234,0.615582,59.92190,0,29.0275,2.831031,59.96737,1,17.3242,-1.308066,60.81127,1,16.0853,0.556570,60.16436,1,POW
1505,12.550000,15123.1,2.713950,60.03380,0,14981.4,-1.472024,59.90908,0,15291.4,0.621441,60.11191,0,29.0242,2.836280,60.10024,1,17.4154,-1.345051,59.29364,1,15.9153,0.556265,59.99417,1,POW
1506,12.558333,15215.3,2.713828,59.99767,0,14944.9,-1.465677,60.12123,0,15233.5,0.617169,59.91840,0,29.1209,2.833594,59.94871,1,17.4912,-1.304177,60.78063,1,16.171,0.556814,60.01049,1,POW
1507,12.566667,15122.9,2.715414,60.03030,0,14981.2,-1.470560,59.90675,0,15291.2,0.622906,60.10957,0,29.156,2.837745,60.07927,1,17.5533,-1.343281,59.25318,1,16.0611,0.559866,60.05828,1,POW
1508,12.575000,15213,2.715170,59.99534,0,14943.1,-1.464334,60.11890,0,15231,0.618512,59.91607,0,29.2367,2.834815,59.94405,1,17.5502,-1.304116,60.74799,1,16.3299,0.560659,60.01515,1,POW
1509,12.583333,15122.4,2.716635,60.02798,0,14980.4,-1.469278,59.90558,0,15289.5,0.624066,60.10608,0,29.2891,2.837806,60.05712,1,17.6901,-1.339802,59.31846,1,16.1728,0.559805,59.98368,1,POW
1510,12.591667,15215.7,2.716635,60.00000,0,14945,-1.462810,60.12352,0,15231.8,0.619977,59.92190,0,29.5993,2.836768,59.98018,1,17.8788,-1.299905,60.76198,1,16.6287,0.562002,60.04196,1,POW
1511,12.600000,15122.6,2.717978,60.02565,0,14981.3,-1.467935,59.90212,0,15289.1,0.625470,60.10491,0,29.6051,2.842627,60.11191,1,17.9275,-1.338034,59.27179,1,16.5063,0.567062,60.09664,1,POW
1512,12.608333,15217.7,2.718161,60.00350,0,14947.8,-1.461284,60.12702,0,15234.3,0.621564,59.92540,0,29.6496,2.840064,59.95104,1,17.9362,-1.299050,60.74453,1,16.6846,0.567733,60.01282,1,POW
1513,12.616667,15118.9,2.719443,60.02448,0,14979,-1.466531,59.89979,0,15287.1,0.626996,60.10375,0,29.3493,2.842017,60.03730,1,17.8464,-1.336691,59.28111,1,16.272,0.574142,60.12240,1,POW
1514,12.625000,15217.3,2.719382,59.99883,0,14948.1,-1.460125,60.12236,0,15234.7,0.622784,59.91957,0,29.5291,2.840186,59.96503,1,17.8342,-1.296670,60.76435,1,16.498,0.567794,59.87877,1,POW
1515,12.633333,15118.3,2.720969,60.03031,0,14977.5,-1.465005,59.90679,0,15286.1,0.628460,60.10841,0,29.5418,2.846717,60.12473,1,17.7953,-1.335470,59.25896,1,16.4279,0.569687,60.03614,1,POW
1516,12.641667,15214.1,2.720297,59.98718,0,14943.7,-1.459270,60.10953,0,15229.7,0.623639,59.90791,0,29.6782,2.846228,59.99067,1,17.8932,-1.288735,60.89257,1,16.6465,0.577011,60.13988,1,POW
1517,12.650000,15120.9,2.722067,60.03380,0,14979,-1.463907,59.91145,0,15287.2,0.629542,60.11274,0,29.8023,2.849949,60.07107,1,18.0965,-1.325827,59.29161,1,16.5859,0.584029,60.13405,1,POW
1518,12.658333,15213.6,2.721762,59.99417,0,14943.6,-1.457928,60.11420,0,15229.8,0.625043,59.91407,0,29.9481,2.848240,59.96736,1,18.1573,-1.278909,60.89607,1,16.845,0.587875,60.07344,1,POW
1519,12.666667,15120.4,2.723349,60.03031,0,14979.9,-1.462566,59.91141,0,15285.9,0.630884,60.11157,0,30.0398,2.854039,60.11074,1,18.1845,-1.315512,59.30093,1,16.8356,0.591476,60.06877,1,POW
1520,12.675000,15213.7,2.723288,59.99883,0,14944.6,-1.456280,60.12007,0,15230.3,0.626690,59.91990,0,30.0669,2.851536,59.95221,1,18.1232,-1.278054,60.71539,1,16.978,0.587997,59.93356,1,POW
1521,12.683333,15120.2,2.724936,60.03147,0,14979.6,-1.460918,59.91141,0,15286,0.632593,60.11274,0,29.8748,2.853306,60.03380,1,18.0237,-1.318259,59.23215,1,16.5951,0.587386,59.98834,1,POW
1522,12.691667,15212.7,2.724753,59.99650,0,14943.5,-1.454815,60.11657,0,15229.5,0.628155,59.91524,0,29.7239,2.848729,59.91257,1,17.8788,-1.281900,60.69441,1,16.6388,0.587447,60.00117,1,POW
1523,12.700000,15123.7,2.726523,60.03380,0,14983.1,-1.459270,59.91491,0,15288.9,0.634241,60.11624,0,29.8096,2.852269,60.06761,1,17.8764,-1.320212,59.26829,1,16.5334,0.584518,59.94405,1,POW
1524,12.708333,15211.6,2.726340,59.99650,0,14941.1,-1.453167,60.11657,0,15228,0.629786,59.91491,0,29.8477,2.852025,59.99534,1,17.9001,-1.280862,60.75153,1,16.7792,0.584884,60.00699,1,POW
1525,12.716667,15121.5,2.727682,60.02565,0,14979.8,-1.458172,59.90441,0,15286.5,0.635340,60.10608,0,29.9392,2.856358,60.08276,1,18.0524,-1.312949,59.38719,1,16.6538,0.592330,60.14221,1,POW
1526,12.725000,15215,2.727743,60.00117,0,14943.8,-1.451702,60.12356,0,15229.9,0.631129,59.91957,0,30.1724,2.853856,59.95221,1,18.2436,-1.273967,60.74449,1,17.038,0.596420,60.07810,1,POW
1527,12.733333,15123.2,2.729391,60.03147,0,14982.2,-1.456402,59.91024,0,15287.2,0.637110,60.11424,0,30.2734,2.856602,60.05246,1,18.4117,-1.310019,59.31146,1,16.9631,0.598432,60.03843,1,POW
1528,12.741667,15212.7,2.729391,60.00000,0,14942.4,-1.449993,60.12240,0,15228.2,0.632838,59.91840,0,30.4591,2.854100,59.95221,1,18.4976,-1.276223,60.64545,1,17.2812,0.596603,59.96507,1,POW
1529,12.750000,15120.7,2.730671,60.02444,0,14980.1,-1.455059,59.90325,0,15285,0.638392,60.10608,0,30.3415,2.858921,60.09209,1,18.4412,-1.309103,59.37204,1,17.0473,0.599469,60.05475,1,POW
1530,12.758333,15213.9,2.730915,60.00466,0,14943.1,-1.448528,60.12473,0,15230.5,0.634302,59.92190,0,30.2651,2.857151,59.96620,1,18.3979,-1.276284,60.62680,1,17.2028,0.597335,59.95924,1,POW
1531,12.766667,15121.4,2.732380,60.02798,0,14980.9,-1.453350,59.90791,0,15287.1,0.640101,60.11074,0,30.0848,2.858738,60.03031,1,18.2823,-1.311301,59.33124,1,16.8362,0.598065,60.01395,1,POW
1532,12.775000,15214.4,2.732441,60.00117,0,14942.6,-1.446942,60.12239,0,15230.4,0.635828,59.91840,0,30.1012,2.857029,59.96736,1,18.103,-1.277627,60.64312,1,16.9179,0.590865,59.86249,1,POW
1533,12.783333,15123.5,2.733906,60.02798,0,14982.2,-1.451763,59.90792,0,15287.8,0.641566,60.10957,0,29.9847,2.861058,60.07694,1,18.0218,-1.308188,59.41633,1,16.6683,0.593795,60.05595,1,POW
1534,12.791667,15216.6,2.734150,60.00466,0,14944.1,-1.445172,60.12589,0,15232,0.637537,59.92306,0,30.0316,2.860142,59.98251,1,17.9982,-1.271343,60.70369,1,16.8548,0.596603,60.05362,1,POW
1535,12.800000,15122.4,2.735493,60.02565,0,14981.2,-1.450176,59.90442,0,15287,0.643214,60.10841,0,29.8723,2.863133,60.05711,1,18.0902,-1.302773,59.39972,1,16.5858,0.601422,60.09205,1,POW
1536,12.808333,15218.6,2.735737,60.00466,0,14946.4,-1.443646,60.12472,0,15233.8,0.639185,59.92306,0,30.1254,2.863499,60.00699,1,18.2478,-1.266826,60.68654,1,16.9027,0.601178,59.99534,1,POW
1537,12.816667,15120.6,2.737263,60.02914,0,14980.1,-1.448406,59.90908,0,15285.6,0.644983,60.11073,0,30.0545,2.868748,60.10025,1,18.1763,-1.300393,59.35892,1,16.8483,0.609845,60.16553,1,POW
1538,12.825000,15216.6,2.737019,59.99534,0,14946.3,-1.442303,60.11656,0,15232.2,0.640528,59.91491,0,30.233,2.865086,59.93006,1,18.2522,-1.260357,60.76464,1,16.9823,0.610455,60.01166,1,POW
1539,12.833333,15123.2,2.739033,60.03847,0,14982.5,-1.446636,59.91724,0,15288,0.646814,60.12006,0,30.0543,2.869358,60.08160,1,18.1891,-1.300759,59.22837,1,16.8223,0.607831,59.94988,1,POW
1540,12.841667,15213.8,2.738483,59.98951,0,14942.4,-1.440899,60.10957,0,15230.1,0.641932,59.90675,0,29.7439,2.865391,59.92423,1,17.9417,-1.265850,60.66672,1,16.6909,0.604291,59.93239,1,POW
1541,12.850000,15123.8,2.740070,60.03031,0,14983.2,-1.445538,59.91141,0,15288.4,0.647913,60.11423,0,29.5977,2.868565,60.06062,1,17.8295,-1.302590,59.29831,1,16.4593,0.603314,59.98135,1,POW
1542,12.858333,15219,2.740192,60.00233,0,14947,-1.439190,60.12123,0,15234.7,0.643641,59.91841,0,29.654,2.866978,59.96969,1,17.7469,-1.263835,60.74016,1,16.5819,0.600141,59.93938,1,POW
1543,12.866667,15126,2.741901,60.03264,0,14984.2,-1.443646,59.91491,0,15288.9,0.649744,60.11656,0,29.5523,2.869236,60.04313,1,17.7286,-1.299416,59.32045,1,16.3435,0.602826,60.05129,1,POW
1544,12.875000,15214.7,2.741657,59.99534,0,14942.8,-1.437664,60.11424,0,15230.4,0.645166,59.91257,0,29.543,2.868504,59.98601,1,17.609,-1.261455,60.72501,1,16.4168,0.603070,60.00466,1,POW
1545,12.883333,15124.6,2.743183,60.02914,0,14984.2,-1.442364,59.91024,0,15288.2,0.651087,60.11307,0,29.5345,2.872715,60.08043,1,17.6988,-1.293130,59.39506,1,16.3047,0.609113,60.11540,1,POW
1546,12.891667,15215,2.743305,60.00233,0,14944.6,-1.435955,60.12240,0,15231.6,0.646936,59.92073,0,29.7026,2.873386,60.01282,1,17.7979,-1.256878,60.69236,1,16.6373,0.613934,60.09208,1,POW
1547,12.900000,15125.6,2.744953,60.03147,0,14985.5,-1.440655,59.91024,0,15290,0.652857,60.11307,0,29.794,2.877781,60.08393,1,17.9047,-1.290078,59.36592,1,16.5235,0.616070,60.04080,1,POW
1548,12.908333,15214.2,2.744953,60.00000,0,14941.7,-1.434368,60.12006,0,15230.9,0.648401,59.91491,0,29.7946,2.877354,59.99184,1,17.7654,-1.253704,60.69470,1,16.6658,0.615765,59.99417,1,POW
1549,12.916667,15126.4,2.746235,60.02447,0,14986.1,-1.439251,59.90675,0,15289.9,0.654139,60.10957,0,29.5755,2.879106,60.03347,1,17.7345,-1.284158,59.41837,1,16.3595,0.619183,60.06528,1,POW
1550,12.925000,15217.2,2.746845,60.01166,0,14945.1,-1.432415,60.13056,0,15233.5,0.650354,59.92773,0,29.5786,2.876621,59.95254,1,17.5716,-1.255779,60.54200,1,16.4556,0.610455,59.83331,1,POW
1551,12.933333,15125,2.748066,60.02331,0,14983.2,-1.437420,59.90441,0,15288.1,0.655909,60.10608,0,29.3668,2.879351,60.05212,1,17.4177,-1.286294,59.41721,1,16.0697,0.611371,60.01749,1,POW
1552,12.941667,15214.5,2.748066,60.00000,0,14941.8,-1.431212,60.11857,0,15230.5,0.651575,59.91724,0,29.4302,2.879656,60.00583,1,17.4199,-1.248111,60.72925,1,16.2439,0.616009,60.08859,1,POW
1553,12.950000,15126.3,2.749531,60.02798,0,14985.9,-1.435894,59.91058,0,15289.4,0.657434,60.11191,0,29.4591,2.883257,60.06878,1,17.6118,-1.278360,59.42229,1,16.2095,0.622235,60.11890,1,POW
1554,12.958333,15216.5,2.749836,60.00583,0,14943.6,-1.429381,60.12440,0,15232.6,0.653345,59.92190,0,29.7064,2.881914,59.97435,1,17.7173,-1.245791,60.62200,1,16.5099,0.621869,59.99301,1,POW
1555,12.966667,15122.6,2.750873,60.01982,0,14982.8,-1.434612,59.90008,0,15286.9,0.658777,60.10375,0,29.6742,2.885759,60.07344,1,17.7667,-1.276406,59.41530,1,16.4264,0.628155,60.12007,1,POW
1556,12.975000,15217.4,2.751056,60.00350,0,14945.4,-1.428160,60.12323,0,15234.4,0.654627,59.92073,0,30.0117,2.884905,59.98368,1,17.9505,-1.242251,60.65231,1,16.7767,0.627179,59.98135,1,POW
1557,12.983333,15122.4,2.752460,60.02681,0,14982.2,-1.433148,59.90475,0,15287.6,0.660301,60.10837,0,29.9015,2.888506,60.06877,1,17.955,-1.277932,59.31855,1,16.6277,0.628522,60.02565,1,POW
1558,12.991667,15217.8,2.752277,59.99650,0,14944.5,-1.427001,60.11740,0,15233.8,0.655786,59.91378,0,30.086,2.885637,59.94521,1,17.9664,-1.239871,60.72692,1,16.7578,0.627972,59.98951,1,POW
1559,13.000000,15124.2,2.753681,60.02681,0,14983.9,-1.431761,59.90908,0,15287.8,0.661644,60.11186,0,30.0105,2.889116,60.06644,1,18.0466,-1.275859,59.31268,1,16.6973,0.630762,60.05329,1,POW
1560,13.008333,15219,2.753620,59.99883,0,14946.3,-1.425597,60.11773,0,15234.3,0.657190,59.91495,0,30.1662,2.886125,59.94288,1,18.161,-1.238711,60.70947,1,16.9058,0.632716,60.03730,1,POW
1561,13.016667,15122.9,2.754963,60.02564,0,14982.9,-1.430480,59.90675,0,15286.6,0.662986,60.11070,0,30.1093,2.890215,60.07810,1,18.2114,-1.275249,59.30218,1,16.8546,0.637354,60.08859,1,POW
1562,13.025000,15217.7,2.754718,59.99534,0,14945.3,-1.424559,60.11307,0,15233.2,0.658289,59.91028,0,30.1581,2.887773,59.95337,1,18.1885,-1.237491,60.72112,1,16.972,0.634913,59.95337,1,POW
1563,13.033333,15125.9,2.756244,60.02914,0,14986.3,-1.429137,59.91257,0,15288.8,0.664268,60.11420,0,30.1077,2.891985,60.08043,1,18.1904,-1.273113,59.31968,1,16.8549,0.636256,60.02565,1,POW
1564,13.041667,15219.4,2.756366,60.00233,0,14947,-1.422850,60.12006,0,15235.1,0.659935,59.91724,0,30.1015,2.890093,59.96386,1,18.1174,-1.236698,60.69548,1,16.9445,0.637232,60.01865,1,POW
1565,13.050000,15128.3,2.758075,60.03264,0,14987.2,-1.427306,59.91491,0,15290.3,0.666160,60.11890,0,29.8991,2.893572,60.06644,1,18.0285,-1.273601,59.29520,1,16.6481,0.633326,59.92540,1,POW
1566,13.058333,15215.4,2.757953,59.99767,0,14942.5,-1.421324,60.11424,0,15231.2,0.661522,59.91141,0,29.6627,2.889543,59.92306,1,17.6859,-1.239505,60.65119,1,16.5366,0.630518,59.94638,1,POW
1567,13.066667,15129.8,2.759479,60.02914,0,14989,-1.425841,59.91374,0,15291.8,0.667564,60.11540,0,29.5601,2.892900,60.06411,1,17.6241,-1.272991,59.36047,1,16.3071,0.628748,59.96620,1,POW
1568,13.075000,15217.2,2.759967,60.00933,0,14943.2,-1.419249,60.12589,0,15232.1,0.663536,59.92306,0,29.5714,2.890215,59.94871,1,17.5284,-1.238284,60.66284,1,16.3913,0.626935,59.96536,1,POW
1569,13.083333,15123.3,2.760944,60.01865,0,14982.5,-1.424315,59.90325,0,15284.5,0.669029,60.10491,0,29.2966,2.893816,60.06877,1,17.4602,-1.271709,59.36163,1,16.0356,0.629664,60.05212,1,POW
1570,13.091667,15219.3,2.761371,60.00816,0,14946.8,-1.417723,60.12589,0,15233.4,0.665001,59.92307,0,29.5163,2.891374,59.95338,1,17.5057,-1.237308,60.65701,1,16.3381,0.631251,60.03031,1,POW
1571,13.100000,15124.4,2.762819,60.02764,0,14984.9,-1.422362,59.91141,0,15285.8,0.671043,60.11540,0,29.547,2.895280,60.07460,1,17.5783,-1.272747,59.32317,1,16.2291,0.633631,60.04546,1,POW
1572,13.108333,15215.7,2.762941,60.00233,0,14943.4,-1.416259,60.11656,0,15231.5,0.666587,59.91491,0,29.7024,2.893572,59.96737,1,17.5033,-1.236331,60.69548,1,16.3476,0.632593,59.98018,1,POW
1573,13.116667,15124.8,2.764100,60.02215,0,14985.3,-1.421080,59.90792,0,15286.6,0.672325,60.10957,0,29.6355,2.897295,60.07110,1,17.5641,-1.268535,59.38495,1,16.2195,0.635096,60.04779,1,POW
1574,13.125000,15220.2,2.764711,60.01166,0,14946.3,-1.414489,60.12589,0,15236.3,0.668235,59.92190,0,29.846,2.894670,59.94988,1,17.6456,-1.233524,60.66867,1,16.5278,0.633753,59.97435,1,POW
1575,13.133333,15125.1,2.765809,60.02098,0,14984.9,-1.419432,59.90558,0,15287.1,0.673912,60.10841,0,29.8455,2.899187,60.08626,1,17.7892,-1.263591,59.42575,1,16.4118,0.639918,60.11773,1,POW
1576,13.141667,15217.4,2.766054,60.00466,0,14943.7,-1.413085,60.12123,0,15232.2,0.669639,59.91840,0,30.0874,2.899248,60.00117,1,17.9395,-1.223819,60.75959,1,16.7604,0.645288,60.10258,1,POW
1577,13.150000,15124,2.767030,60.01865,0,14983.7,-1.418150,59.90325,0,15285,0.675071,60.10375,0,30.1494,2.903032,60.07227,1,18.0598,-1.253704,59.42924,1,16.722,0.650354,60.09675,1,POW
1578,13.158333,15219.9,2.767335,60.00583,0,14946.9,-1.411742,60.12239,0,15234.1,0.670921,59.92073,0,30.4953,2.901994,59.98018,1,18.2414,-1.218755,60.66747,1,17.111,0.654505,60.07927,1,POW
1579,13.166667,15123.9,2.768617,60.02448,0,14983.7,-1.416564,59.90792,0,15284.9,0.676719,60.11073,0,30.574,2.906145,60.07927,1,18.438,-1.251568,59.37333,1,17.147,0.659996,60.10487,1,POW
1580,13.175000,15219.6,2.768434,59.99650,0,14948.4,-1.410643,60.11307,0,15233.8,0.672142,59.91258,0,30.8836,2.904191,59.96270,1,18.7067,-1.214300,60.71176,1,17.5252,0.663841,60.07344,1,POW
1581,13.183333,15129.9,2.770265,60.03497,0,14990.6,-1.414855,59.91957,0,15289.7,0.678489,60.12123,0,31.233,2.908708,60.08626,1,19.0114,-1.250591,59.30689,1,17.7386,0.664879,60.01982,1,POW
1582,13.191667,15220.8,2.770082,59.99650,0,14947.1,-1.408995,60.11191,0,15233.6,0.673668,59.90792,0,31.3976,2.905961,59.94754,1,19.1279,-1.213323,60.71176,1,17.9974,0.670616,60.10957,1,POW
1583,13.200000,15126.9,2.771303,60.02331,0,14986.5,-1.413817,59.90791,0,15285.5,0.679466,60.11073,0,31.5621,2.911147,60.09904,1,19.3538,-1.244510,59.40438,1,18.0416,0.675803,60.09908,1,POW
1584,13.208333,15221.4,2.771364,60.00117,0,14946.8,-1.407775,60.11540,0,15233.6,0.674827,59.91141,0,31.7663,2.909013,59.95924,1,19.4942,-1.209234,60.67372,1,18.3475,0.677024,60.02331,1,POW
1585,13.216667,15129.9,2.772584,60.02331,0,14988.3,-1.412413,59.91141,0,15286.7,0.680747,60.11307,0,31.7529,2.911391,60.04542,1,19.5562,-1.242984,59.35542,1,18.2315,0.677512,60.00933,1,POW
1586,13.225000,15223.1,2.772767,60.00350,0,14949,-1.406188,60.11890,0,15234.1,0.676353,59.91607,0,31.7603,2.908159,59.93826,1,19.4898,-1.211553,60.60028,1,18.3671,0.677635,60.00233,1,POW
1587,13.233333,15130.6,2.774354,60.03031,0,14990,-1.410643,59.91491,0,15287.6,0.682578,60.11890,0,31.6447,2.912368,60.08039,1,19.4218,-1.245059,59.36009,1,18.1147,0.675499,59.95921,1,POW
1588,13.241667,15219.6,2.774354,60.00000,0,14945.7,-1.404723,60.11307,0,15231.6,0.677940,59.91141,0,31.5245,2.910049,59.95570,1,19.2686,-1.211065,60.64924,1,18.0966,0.675193,59.99417,1,POW
1589,13.250000,15130.5,2.775636,60.02448,0,14989.9,-1.409362,59.91141,0,15287.4,0.683860,60.11307,0,31.3199,2.915115,60.09675,1,19.1913,-1.243716,59.37641,1,17.7899,0.672203,59.94288,1,POW
1590,13.258333,15222.8,2.776246,60.01166,0,14948.1,-1.402831,60.12473,0,15234.5,0.679710,59.92073,0,31.2102,2.913833,59.97552,1,18.9897,-1.211736,60.61077,1,17.8955,0.670738,59.97202,1,POW
1591,13.266667,15128.4,2.777345,60.02098,0,14988.3,-1.407653,59.90791,0,15285.2,0.685569,60.11191,0,30.8832,2.916213,60.04546,1,18.8027,-1.242312,59.41604,1,17.5078,0.670189,59.98951,1,POW
1592,13.275000,15221.8,2.777711,60.00699,0,14946.8,-1.401366,60.12007,0,15233.2,0.681236,59.91724,0,30.7858,2.913589,59.94988,1,18.6061,-1.211309,60.59212,1,17.5085,0.665428,59.90908,1,POW
1593,13.283333,15130,2.778932,60.02331,0,14988.6,-1.406066,59.91024,0,15286,0.687095,60.11191,0,30.689,2.916091,60.04779,1,18.6534,-1.241519,59.42303,1,17.2672,0.665733,60.00583,1,POW
1594,13.291667,15221.1,2.779237,60.00583,0,14945.3,-1.399842,60.11886,0,15231.2,0.682700,59.91607,0,30.8458,2.916579,60.00933,1,18.7469,-1.205877,60.68071,1,17.5722,0.671531,60.11074,1,POW
1595,13.300000,15130.3,2.780274,60.01982,0,14989.2,-1.404601,59.90912,0,15285.5,0.688499,60.11074,0,30.9655,2.919631,60.05828,1,18.8946,-1.235294,59.43819,1,17.5339,0.675193,60.06994,1,POW
1596,13.308333,15223.8,2.780763,60.00933,0,14948.3,-1.398194,60.12236,0,15234.1,0.684287,59.91957,0,31.1809,2.918410,59.97669,1,19.0078,-1.203741,60.60261,1,17.8118,0.674339,59.98368,1,POW
1597,13.316667,15129.7,2.781983,60.02331,0,14989.9,-1.402892,59.91028,0,15286.2,0.690269,60.11424,0,31.0541,2.920913,60.04779,1,18.992,-1.237796,59.34960,1,17.6612,0.677146,60.05362,1,POW
1598,13.325000,15222.9,2.782350,60.00699,0,14947.6,-1.396669,60.11886,0,15234,0.685874,59.91607,0,31.0898,2.919875,59.98018,1,18.9867,-1.203375,60.65739,1,17.8228,0.675620,59.97086,1,POW
1599,13.333333,15127.5,2.783509,60.02215,0,14987.5,-1.401488,59.90795,0,15285.2,0.691717,60.11158,0,30.9512,2.923720,60.07344,1,18.9582,-1.235416,59.38806,1,17.5952,0.678428,60.05362,1,POW
1600,13.341667,15225.1,2.783692,60.00350,0,14949.5,-1.395326,60.11769,0,15236.8,0.687217,59.91407,0,31.1937,2.922073,59.96853,1,19.0351,-1.199408,60.68771,1,17.8917,0.678794,60.00699,1,POW
1601,13.350000,15129.4,2.785096,60.02681,0,14988.2,-1.399781,59.91491,0,15286,0.693364,60.11741,0,31.283,2.926406,60.08276,1,19.2482,-1.229923,59.41721,1,17.8982,0.685752,60.13289,1,POW
1602,13.358333,15226.3,2.785096,60.00000,0,14950.4,-1.393800,60.11424,0,15236.4,0.688621,59.90940,0,31.539,2.924636,59.96620,1,19.4605,-1.194403,60.67838,1,18.2219,0.687766,60.03847,1,POW
1603,13.366667,15130.3,2.786561,60.02798,0,14990.5,-1.398256,59.91491,0,15287,0.694951,60.12091,0,31.5456,2.927932,60.06294,1,19.5308,-1.227725,59.36358,1,18.2027,0.691289,60.06728,1,POW
1604,13.375000,15225.6,2.786744,60.00350,0,14950.5,-1.392213,60.11540,0,15237,0.690330,59.91173,0,31.6194,2.926162,59.96620,1,19.4857,-1.195318,60.61893,1,18.3258,0.688804,59.95253,1,POW
1605,13.383333,15131.8,2.788270,60.02914,0,14991.4,-1.396485,59.91840,0,15287.2,0.696660,60.12091,0,31.581,2.929396,60.06178,1,19.5878,-1.225894,59.41604,1,18.2358,0.692632,60.07311,1,POW
1606,13.391667,15222.6,2.788453,60.00350,0,14947.5,-1.390443,60.11540,0,15234.2,0.692083,59.91257,0,31.756,2.928969,59.99184,1,19.6724,-1.192877,60.63059,1,18.5078,0.695379,60.05246,1,POW
1607,13.400000,15133.8,2.789674,60.02331,0,14994.1,-1.394960,59.91374,0,15289.4,0.698247,60.11773,0,31.9015,2.931655,60.05129,1,19.8962,-1.222051,59.44281,1,18.5029,0.699102,60.07111,1,POW
1608,13.408333,15222.6,2.790162,60.00933,0,14946.9,-1.388673,60.12006,0,15234.9,0.693792,59.91491,0,32.0704,2.931533,59.99767,1,19.9364,-1.192633,60.56185,1,18.7676,0.699346,60.00466,1,POW
1609,13.416667,15129.4,2.790956,60.01515,0,14989.2,-1.393678,59.90441,0,15285.4,0.699407,60.10724,0,31.9732,2.933547,60.03847,1,19.9896,-1.219732,59.48244,1,18.5844,0.702642,60.06295,1,POW
1610,13.425000,15222.6,2.791261,60.00583,0,14946.3,-1.387452,60.11890,0,15233.4,0.694890,59.91374,0,32.1675,2.932631,59.98252,1,20.039,-1.190270,60.56269,1,18.8305,0.700689,59.96270,1,POW
1611,13.433333,15131.6,2.792420,60.02215,0,14991,-1.392091,59.91141,0,15286.9,0.700933,60.11540,0,32.1726,2.935012,60.04546,1,20.1053,-1.218267,59.46529,1,18.7074,0.702642,60.03730,1,POW
1612,13.441667,15221,2.792726,60.00583,0,14945.2,-1.385926,60.11773,0,15232.6,0.696477,59.91491,0,32.3671,2.930800,59.91957,1,20.1067,-1.188317,60.57201,1,18.9151,0.704168,60.02914,1,POW
1613,13.450000,15129.6,2.793761,60.01978,0,14990.6,-1.390687,59.90908,0,15285.6,0.702398,60.11307,0,32.2942,2.930861,60.00117,1,20.3448,-1.214117,59.50725,1,18.8314,0.709783,60.10724,1,POW
1614,13.458333,15221,2.794371,60.01166,0,14945.6,-1.384340,60.12123,0,15233.2,0.698125,59.91840,0,32.5257,2.933547,60.05129,1,20.4735,-1.187889,60.50091,1,19.0684,0.708013,59.96620,1,POW
1615,13.466667,15129.4,2.795409,60.01982,0,14990,-1.389161,59.90792,0,15286.3,0.703924,60.11074,0,32.3942,2.934768,60.02331,1,20.472,-1.214666,59.48860,1,18.8926,0.710820,60.05362,1,POW
1616,13.475000,15221.5,2.796080,60.01282,0,14946,-1.382570,60.12589,0,15234.3,0.699773,59.92073,0,32.4917,2.932936,59.96503,1,20.4388,-1.187157,60.52538,1,19.0793,0.707341,59.93356,1,POW
1617,13.483333,15125.3,2.796813,60.01399,0,14985.2,-1.387635,59.90325,0,15282,0.705327,60.10608,0,32.2572,2.935256,60.04430,1,20.3385,-1.216070,59.44780,1,18.7772,0.711125,60.07227,1,POW
1618,13.491667,15225,2.797179,60.00699,0,14949.1,-1.381471,60.11773,0,15236.4,0.700872,59.91491,0,32.4886,2.933608,59.96853,1,20.4707,-1.184471,60.60349,1,19.0358,0.708806,59.95570,1,POW
1619,13.500000,15130.6,2.798827,60.03147,0,14990.2,-1.385743,59.91841,0,15287.6,0.707341,60.12356,0,32.5453,2.938063,60.08509,1,20.5449,-1.215765,59.40234,1,19.0622,0.711919,60.05945,1,POW
1620,13.508333,15219.5,2.798522,59.99417,0,14944.5,-1.380189,60.10607,0,15231,0.702276,59.90325,0,32.4834,2.935744,59.95570,1,20.4676,-1.182518,60.63496,1,19.0262,0.714299,60.04546,1,POW
1621,13.516667,15128.9,2.799803,60.02448,0,14990.3,-1.384706,59.91374,0,15285.3,0.708440,60.11773,0,32.4234,2.938979,60.06178,1,20.5224,-1.214056,59.39768,1,18.8908,0.719609,60.10141,1,POW
1622,13.525000,15225,2.800292,60.00933,0,14950.9,-1.378419,60.12007,0,15237.3,0.704107,59.91724,0,32.6201,2.936782,59.95804,1,20.5832,-1.183922,60.57551,1,19.1081,0.717473,59.95920,1,POW
1623,13.533333,15128.5,2.801573,60.02448,0,14989.9,-1.382875,59.91491,0,15285.2,0.710271,60.11773,0,32.5302,2.941586,60.09176,1,20.5603,-1.212286,59.45830,1,18.9482,0.721562,60.07810,1,POW
1624,13.541667,15223.1,2.801757,60.00350,0,14948.9,-1.377016,60.11191,0,15235.5,0.705510,59.90908,0,32.5124,2.939101,59.95253,1,20.537,-1.180077,60.61514,1,19.0585,0.721257,59.99417,1,POW
1625,13.550000,15129.1,2.803160,60.02681,0,14989.6,-1.381349,59.91724,0,15285.1,0.711797,60.12006,0,32.4413,2.943478,60.08360,1,20.5796,-1.211431,59.40118,1,18.9789,0.720830,59.99184,1,POW
1626,13.558333,15219.7,2.802977,59.99650,0,14944,-1.375795,60.10608,0,15231.7,0.706670,59.90208,0,32.5058,2.941708,59.96620,1,20.5958,-1.177941,60.63962,1,19.0603,0.723635,60.05358,1,POW
1627,13.566667,15128.7,2.804198,60.02331,0,14988.7,-1.380250,59.91491,0,15283.4,0.712834,60.11773,0,32.6024,2.945737,60.07694,1,20.8012,-1.204779,59.48743,1,19.1228,0.726565,60.05595,1,POW
1628,13.575000,15220.1,2.804320,60.00233,0,14945,-1.374330,60.11307,0,15231.6,0.708135,59.91024,0,32.8153,2.943784,59.96270,1,20.9405,-1.175072,60.56735,1,19.4169,0.730166,60.06877,1,POW
1629,13.583333,15132.4,2.805785,60.02798,0,14993.2,-1.378541,59.91957,0,15286.1,0.714604,60.12356,0,33.0688,2.947873,60.07810,1,21.2448,-1.203680,59.45363,1,19.5189,0.729800,59.99301,1,POW
1630,13.591667,15219,2.806151,60.00699,0,14944,-1.372499,60.11540,0,15231,0.709905,59.91024,0,33.1924,2.946591,59.97552,1,21.313,-1.175682,60.53472,1,19.8432,0.734561,60.09092,1,POW
1631,13.600000,15129.5,2.807067,60.01749,0,14990.5,-1.377260,59.90908,0,15284,0.715825,60.11307,0,33.2144,2.950070,60.06644,1,21.5317,-1.198980,59.55504,1,19.776,0.737429,60.05479,1,POW
1632,13.608333,15221.1,2.807738,60.01282,0,14945.5,-1.370973,60.12007,0,15233.1,0.711492,59.91724,0,33.4585,2.948178,59.96386,1,21.5935,-1.173852,60.47992,1,20.0268,0.736209,59.97669,1,POW
1633,13.616667,15129.6,2.808714,60.01865,0,14990.5,-1.375612,59.91141,0,15284.6,0.717473,60.11424,0,33.3702,2.949887,60.03264,1,21.5883,-1.201727,59.46762,1,19.8917,0.735293,59.98251,1,POW
1634,13.625000,15223.8,2.809508,60.01515,0,14947.7,-1.369220,60.12207,0,15235.6,0.713201,59.91840,0,33.5521,2.947507,59.95454,1,21.6139,-1.174096,60.52772,1,20.1204,0.734378,59.98251,1,POW
1635,13.633333,15127.9,2.810484,60.01865,0,14989,-1.373842,59.91173,0,15282.3,0.719182,60.11424,0,33.3998,2.950375,60.05479,1,21.57,-1.201483,59.47695,1,19.902,0.735903,60.02914,1,POW
1636,13.641667,15221.1,2.810912,60.00816,0,14944,-1.367755,60.11624,0,15232.3,0.714604,59.91257,0,33.399,2.948788,59.96969,1,21.4966,-1.172936,60.54520,1,19.9919,0.734072,59.96503,1,POW
1637,13.650000,15129.4,2.811888,60.01865,0,14989.9,-1.372377,59.91173,0,15283.4,0.720586,60.11424,0,33.2745,2.951596,60.05362,1,21.4695,-1.199713,59.48860,1,19.7394,0.735598,60.02914,1,POW
1638,13.658333,15222.9,2.812682,60.01515,0,14946.2,-1.365985,60.12207,0,15233.9,0.716374,59.91957,0,33.3413,2.950131,59.97202,1,21.3475,-1.173119,60.50790,1,19.8877,0.734072,59.97086,1,POW
1639,13.666667,15128.2,2.813658,60.01865,0,14990,-1.370668,59.91057,0,15282.5,0.722354,60.11420,0,33.0639,2.952878,60.05246,1,21.2547,-1.198797,59.50959,1,19.5968,0.736941,60.05479,1,POW
1640,13.675000,15223.7,2.814513,60.01632,0,14947.7,-1.364154,60.12440,0,15234.7,0.718205,59.92078,0,33.0863,2.950375,59.95221,1,21.1534,-1.173485,60.48342,1,19.6993,0.731204,59.89043,1,POW
1641,13.683333,15127.1,2.815428,60.01749,0,14988.2,-1.368976,59.90791,0,15281.7,0.724063,60.11186,0,32.9696,2.954343,60.07577,1,21.169,-1.199469,59.50376,1,19.4743,0.733157,60.03730,1,POW
1642,13.691667,15222.1,2.815855,60.00816,0,14946.3,-1.362873,60.11657,0,15233.8,0.719548,59.91378,0,33.0749,2.953793,59.98951,1,21.1831,-1.168481,60.59183,1,19.6946,0.735293,60.04080,1,POW
1643,13.700000,15127.3,2.816893,60.01982,0,14987.3,-1.367389,59.91374,0,15280.9,0.725527,60.11420,0,32.976,2.956967,60.06061,1,21.0982,-1.195013,59.49327,1,19.5165,0.737307,60.03847,1,POW
1644,13.708333,15221.4,2.817015,60.00233,0,14945.1,-1.361713,60.10841,0,15232.2,0.720647,59.90679,0,32.9126,2.954038,59.94405,1,20.9964,-1.165368,60.56618,1,19.4735,0.737368,60.00117,1,POW
1645,13.716667,15129.9,2.818419,60.02681,0,14991,-1.365802,59.92190,0,15283.4,0.727236,60.12585,0,32.8753,2.957638,60.06877,1,21.0193,-1.195746,59.41983,1,19.4332,0.735720,59.96853,1,POW
1646,13.725000,15221.6,2.818724,60.00583,0,14944.9,-1.359943,60.11191,0,15232.4,0.722415,59.90791,0,32.7936,2.958371,60.01399,1,20.9284,-1.164513,60.59649,1,19.4207,0.737978,60.04313,1,POW
1647,13.733333,15128.7,2.819762,60.01982,0,14988.8,-1.364398,59.91491,0,15280.9,0.728579,60.11773,0,32.626,2.965268,60.13172,1,20.8638,-1.193914,59.43848,1,19.169,0.735232,59.94755,1,POW
1648,13.741667,15220.9,2.820045,60.00541,0,14944.8,-1.358600,60.11074,0,15232.1,0.723818,59.90908,0,32.5457,2.963254,59.96153,1,20.7122,-1.164818,60.55569,1,19.2302,0.737796,60.04896,1,POW
1649,13.750000,15129.4,2.821143,60.02098,0,14989.3,-1.362995,59.91607,0,15281.6,0.729983,60.11773,0,32.5597,2.966488,60.06178,1,20.7681,-1.192328,59.47462,1,19.124,0.736697,59.97902,1,POW
1650,13.758333,15219.1,2.821265,60.00233,0,14942.9,-1.357318,60.10841,0,15230.9,0.725039,59.90558,0,32.5203,2.965451,59.98018,1,20.7353,-1.162987,60.56036,1,19.223,0.740420,60.07110,1,POW
1651,13.766667,15130.9,2.822425,60.02215,0,14991.4,-1.361652,59.91724,0,15283.1,0.731326,60.12006,0,32.5137,2.967831,60.04546,1,20.8009,-1.190575,59.47312,1,19.1245,0.736453,59.92424,1,POW
1652,13.775000,15220.8,2.822669,60.00466,0,14943.3,-1.355793,60.11191,0,15231.5,0.726443,59.90675,0,32.5311,2.966000,59.96503,1,20.6876,-1.161889,60.54787,1,19.2313,0.739870,60.06527,1,POW
1653,13.783333,15129.4,2.823646,60.01865,0,14990.6,-1.360309,59.91374,0,15281.3,0.732669,60.11890,0,32.5858,2.970273,60.08160,1,20.842,-1.185936,59.54073,1,19.1435,0.742678,60.05362,1,POW
1654,13.791667,15221.6,2.824317,60.01282,0,14943.8,-1.354145,60.11773,0,15231.8,0.728030,59.91141,0,32.7867,2.969906,59.99301,1,20.9197,-1.156703,60.55831,1,19.4672,0.746462,60.07227,1,POW
1655,13.800000,15127.6,2.824988,60.01282,0,14989.9,-1.358905,59.90908,0,15279.5,0.734072,60.11540,0,32.7847,2.972956,60.05824,1,21.143,-1.182030,59.51629,1,19.3439,0.749514,60.05828,1,POW
1656,13.808333,15223.2,2.826026,60.01982,0,14946.6,-1.352436,60.12356,0,15234.4,0.729800,59.91840,0,33.0884,2.972529,59.99184,1,21.238,-1.157985,60.45923,1,19.7426,0.747744,59.96620,1,POW
1657,13.816667,15127.2,2.826697,60.01282,0,14989.6,-1.357257,59.90792,0,15279.8,0.735659,60.11191,0,32.9594,2.973932,60.02681,1,21.2806,-1.183495,59.51279,1,19.5988,0.751284,60.06761,1,POW
1658,13.825000,15221.1,2.827369,60.01282,0,14944.5,-1.351154,60.11656,0,15233,0.731143,59.91374,0,33.1627,2.973566,59.99301,1,21.2923,-1.156703,60.51169,1,19.9016,0.749697,59.96969,1,POW
1659,13.833333,15128.5,2.828101,60.01399,0,14989.6,-1.355854,59.91025,0,15281,0.737002,60.11191,0,33.1455,2.975641,60.03963,1,21.3702,-1.182885,59.49997,1,19.6924,0.750246,60.01049,1,POW
1660,13.841667,15221.8,2.828651,60.01049,0,14944.1,-1.349872,60.11423,0,15232.6,0.732363,59.91141,0,33.1056,2.974360,59.97552,1,21.2987,-1.155543,60.52218,1,19.8599,0.749087,59.97785,1,POW
1661,13.850000,15129.8,2.829444,60.01515,0,14991.1,-1.354511,59.91141,0,15281.8,0.738345,60.11423,0,33.0157,2.976130,60.03380,1,21.3334,-1.180565,59.52212,1,19.6571,0.753115,60.07694,1,POW
1662,13.858333,15225.5,2.830299,60.01632,0,14948.1,-1.348163,60.12123,0,15235.9,0.734072,59.91841,0,33.0916,2.975764,59.99301,1,21.2603,-1.154750,60.49304,1,19.7823,0.749270,59.92656,1,POW
1663,13.866667,15126.9,2.831092,60.01515,0,14988.7,-1.352863,59.91024,0,15279.1,0.740054,60.11423,0,32.792,2.977473,60.03264,1,21.1212,-1.181542,59.48831,1,19.4553,0.750490,60.02331,1,POW
1664,13.875000,15221,2.831458,60.00699,0,14944.9,-1.347004,60.11191,0,15231.5,0.735293,59.90908,0,32.7549,2.977473,60.00000,1,21.0044,-1.152186,60.56065,1,19.5082,0.752383,60.03614,1,POW
1665,13.883333,15127.4,2.832679,60.02331,0,14989.9,-1.351276,59.91840,0,15279.8,0.741701,60.12239,0,32.8369,2.981562,60.07810,1,21.1424,-1.178429,59.49880,1,19.4887,0.753952,60.02997,1,POW
1666,13.891667,15218.7,2.832984,60.00583,0,14942.9,-1.345539,60.10957,0,15230,0.736819,59.90675,0,32.8562,2.981867,60.00583,1,21.1378,-1.149623,60.55016,1,19.6579,0.756332,60.04546,1,POW
1667,13.900000,15127.5,2.834021,60.01982,0,14989.9,-1.349994,59.91491,0,15280.2,0.743044,60.11889,0,32.9063,2.983515,60.03147,1,21.2667,-1.176354,59.48948,1,19.6263,0.755173,59.97785,1,POW
1668,13.908333,15218.5,2.834266,60.00466,0,14942,-1.344257,60.10957,0,15229.3,0.738039,59.90441,0,32.9512,2.982660,59.98368,1,21.2446,-1.147548,60.55016,1,19.7692,0.757858,60.05129,1,POW
1669,13.916667,15127.5,2.835303,60.01982,0,14988.6,-1.348652,59.91607,0,15278.3,0.744326,60.12007,0,32.9228,2.984675,60.03847,1,21.3743,-1.174401,59.48714,1,19.7404,0.756882,59.98135,1,POW
1670,13.925000,15219.3,2.835608,60.00583,0,14942.3,-1.342853,60.11074,0,15228.9,0.739382,59.90558,0,32.9348,2.982538,59.95920,1,21.3551,-1.146693,60.52918,1,19.8413,0.757187,60.00583,1,POW
1671,13.933333,15128.6,2.836707,60.02098,0,14991.6,-1.347187,59.91724,0,15279.5,0.745852,60.12356,0,32.9672,2.984553,60.03847,1,21.5057,-1.175011,59.45917,1,19.7765,0.757004,59.99650,1,POW
1672,13.941667,15220.5,2.837439,60.01399,0,14944.6,-1.341022,60.11773,0,15230.7,0.741274,59.91257,0,33.0646,2.984492,59.99883,1,21.495,-1.147609,60.52335,1,20.0391,0.759628,60.05012,1,POW
1673,13.950000,15125.9,2.838416,60.01865,0,14988.7,-1.345478,59.91491,0,15276.9,0.747500,60.11890,0,32.9377,2.987360,60.05478,1,21.535,-1.173913,59.49763,1,19.8597,0.761948,60.04430,1,POW
1674,13.958333,15217.8,2.838904,60.00933,0,14941.3,-1.339619,60.11191,0,15228.6,0.742678,59.90791,0,33.0838,2.986628,59.98602,1,21.4823,-1.146998,60.51402,1,20.0292,0.759384,59.95104,1,POW
1675,13.966667,15128.7,2.839942,60.01982,0,14991.1,-1.343952,59.91724,0,15279.2,0.749026,60.12123,0,33.1416,2.988153,60.02914,1,21.6936,-1.172936,59.50463,1,20.0278,0.760300,60.01749,1,POW
1676,13.975000,15217.9,2.840613,60.01282,0,14940.3,-1.337851,60.11653,0,15228.8,0.744326,59.91024,0,33.4069,2.987421,59.98601,1,21.8202,-1.145778,60.51869,1,20.4276,0.761215,60.01749,1,POW
1677,13.983333,15128.2,2.841040,60.00816,0,14990.6,-1.342792,59.90562,0,15278.8,0.750124,60.11074,0,33.617,2.990229,60.05362,1,22.1766,-1.168847,59.55941,1,20.4581,0.766342,60.09792,1,POW
1678,13.991667,15222.8,2.842017,60.01865,0,14944.8,-1.336447,60.12119,0,15233.1,0.745730,59.91607,0,34.0251,2.990229,60.00000,1,22.4076,-1.144374,60.46740,1,20.9614,0.765488,59.98368,1,POW
1679,14.000000,15128.4,2.842688,60.01282,0,14990.4,-1.341266,59.90795,0,15278.9,0.751650,60.11307,0,33.9789,2.991876,60.03147,1,22.5247,-1.168236,59.54426,1,20.8319,0.771713,60.11889,1,POW
1680,14.008333,15222.6,2.843421,60.01399,0,14945.1,-1.335043,60.11886,0,15232,0.747195,59.91491,0,34.1044,2.991144,59.98601,1,22.5022,-1.143886,60.46506,1,21.0582,0.768784,59.94405,1,POW
1681,14.016667,15128.9,2.844397,60.01865,0,14991.8,-1.339496,59.91495,0,15279.7,0.753420,60.11890,0,33.8344,2.991876,60.01399,1,22.4451,-1.170129,59.49880,1,20.8446,0.771042,60.04313,1,POW
1682,14.025000,15223,2.845374,60.01865,0,14945.7,-1.333090,60.12236,0,15232.6,0.749148,59.91840,0,33.8441,2.990656,59.97669,1,22.2664,-1.146632,60.44875,1,20.849,0.764755,59.87994,1,POW
1683,14.033333,15125.9,2.846106,60.01399,0,14988.2,-1.337790,59.91024,0,15276.4,0.755112,60.11390,0,33.5985,2.992182,60.02914,1,22.1668,-1.171044,59.53377,1,20.5225,0.767990,60.06178,1,POW
1684,14.041667,15221,2.846778,60.01282,0,14942.5,-1.331747,60.11540,0,15230.2,0.750429,59.91058,0,33.7315,2.991815,59.99301,1,22.1644,-1.142726,60.54083,1,20.6922,0.766769,59.97669,1,POW
1685,14.050000,15124.2,2.847386,60.01162,0,14985.1,-1.336508,59.90908,0,15274.2,0.756332,60.11274,0,33.7364,2.995050,60.06178,1,22.2892,-1.166894,59.53844,1,20.6348,0.771713,60.09442,1,POW
1686,14.058333,15220.7,2.847874,60.00933,0,14941.7,-1.330710,60.11074,0,15230.1,0.751467,59.90708,0,33.9658,2.994806,59.99534,1,22.3778,-1.139003,60.53267,1,20.855,0.771408,59.99417,1,POW
1687,14.066667,15127.8,2.848912,60.01982,0,14988.5,-1.334921,59.91957,0,15277.2,0.757858,60.12206,0,34.0181,2.996881,60.03963,1,22.5653,-1.164696,59.50929,1,20.8928,0.774337,60.05595,1,POW
1688,14.075000,15218.3,2.849461,60.01049,0,14939.9,-1.329123,60.11074,0,15228.1,0.753115,59.90941,0,34.0713,2.995294,59.96969,1,22.5132,-1.138698,60.49653,1,21.0164,0.775131,60.01515,1,POW
1689,14.083333,15127.1,2.850316,60.01632,0,14988.1,-1.333456,59.91724,0,15276,0.759323,60.11857,0,33.9938,2.998041,60.05246,1,22.5676,-1.164147,59.51396,1,20.8766,0.775985,60.01632,1,POW
1690,14.091667,15218.1,2.850987,60.01282,0,14940.5,-1.327536,60.11307,0,15227.8,0.754684,59.91141,0,33.948,2.996637,59.97319,1,22.4491,-1.138088,60.49770,1,20.9747,0.774948,59.98018,1,POW
1691,14.100000,15128.6,2.852025,60.01982,0,14989.2,-1.331808,59.91840,0,15277.2,0.761032,60.12123,0,33.8031,2.999018,60.04546,1,22.4552,-1.163781,59.50929,1,20.809,0.776169,60.02331,1,POW
1692,14.108333,15215.9,2.852513,60.00933,0,14937.8,-1.326071,60.10957,0,15225.9,0.756149,59.90675,0,33.7454,2.997187,59.96503,1,22.3579,-1.138942,60.47439,1,20.8587,0.773361,59.94638,1,POW
1693,14.116667,15129.2,2.853306,60.01515,0,14989.6,-1.330465,59.91607,0,15277.9,0.762314,60.11773,0,33.8328,3.000238,60.05828,1,22.5083,-1.162194,59.55592,1,20.8082,0.775497,60.04080,1,POW
1694,14.125000,15218.4,2.853917,60.01166,0,14938.4,-1.324606,60.11191,0,15227.8,0.757553,59.90908,0,33.9285,2.998773,59.97202,1,22.5337,-1.136257,60.49537,1,21.0322,0.775863,60.00699,1,POW
1695,14.133333,15130,2.854649,60.01399,0,14989.8,-1.329123,59.91374,0,15278.1,0.763657,60.11657,0,34.0634,3.002130,60.06411,1,22.7846,-1.159389,59.55821,1,21.078,0.780380,60.08626,1,POW
1696,14.141667,15223,2.855626,60.01865,0,14941.8,-1.322836,60.12006,0,15231.1,0.759201,59.91491,0,34.3501,3.000299,59.96503,1,22.9811,-1.133937,60.48608,1,21.4726,0.779464,59.98251,1,POW
1697,14.150000,15127.6,2.856114,60.00933,0,14988.4,-1.327597,59.90908,0,15275.9,0.765183,60.11424,0,34.322,3.002967,60.05096,1,23.1229,-1.159022,59.52091,1,21.41,0.785475,60.11479,1,POW
1698,14.158333,15222,2.857151,60.01982,0,14942.9,-1.321372,60.11889,0,15231.8,0.760849,59.91724,0,34.4972,3.001642,59.97469,1,23.1301,-1.136562,60.42897,1,21.657,0.780624,59.90736,1,POW
1699,14.166667,15129.8,2.857884,60.01399,0,14990.6,-1.325827,59.91491,0,15277.5,0.766953,60.11657,0,34.41,3.003089,60.02764,1,23.2228,-1.161278,59.52795,1,21.5588,0.782699,60.03963,1,POW
1700,14.175000,15219,2.858555,60.01282,0,14939,-1.319968,60.11190,0,15228.1,0.762131,59.90791,0,34.4469,3.003639,60.01049,1,23.1612,-1.137111,60.46156,1,21.7027,0.779709,59.94288,1,POW
1701,14.183333,15128,2.858983,60.00816,0,14988.9,-1.324728,59.90908,0,15275.9,0.767929,60.11074,0,34.3531,3.005104,60.02798,1,23.2409,-1.158351,59.59435,1,21.5548,0.783493,60.07227,1,POW
1702,14.191667,15223.3,2.860142,60.02215,0,14943.5,-1.318381,60.12123,0,15231.8,0.763718,59.91957,0,34.5236,3.003944,59.97785,1,23.282,-1.135646,60.43363,1,21.8183,0.780685,59.94638,1,POW
1703,14.200000,15124.6,2.860691,60.01049,0,14986.4,-1.323080,59.91025,0,15272.8,0.769699,60.11423,0,34.3857,3.006507,60.04896,1,23.3375,-1.159997,59.53494,1,21.7109,0.785658,60.09497,1,POW
1704,14.208333,15220.7,2.861363,60.01282,0,14941.6,-1.317160,60.11307,0,15228.8,0.764877,59.90792,0,34.7617,3.004249,59.95687,1,23.5598,-1.135036,60.47672,1,22.0351,0.784469,59.97730,1,POW
1705,14.216667,15126.4,2.862278,60.01749,0,14987.3,-1.321433,59.91840,0,15272.9,0.771225,60.12123,0,35.0432,3.007911,60.06994,1,23.9897,-1.158412,59.55355,1,22.326,0.789867,60.10309,1,POW
1706,14.225000,15215.5,2.862644,60.00699,0,14936.9,-1.315939,60.10491,0,15223.6,0.766220,59.90442,0,35.3922,3.007423,59.99067,1,24.3049,-1.133632,60.47326,1,22.7666,0.795177,60.10141,1,POW
1707,14.233333,15125.9,2.863621,60.01865,0,14987.1,-1.320151,59.91957,0,15272.4,0.772567,60.12123,0,35.8819,3.011451,60.07693,1,24.8127,-1.155787,59.57686,1,23.1313,0.796459,60.02448,1,POW
1708,14.241667,15217.2,2.864292,60.01282,0,14937.5,-1.314353,60.11074,0,15226.1,0.767746,59.90792,0,36.1672,3.008705,59.94754,1,25.0351,-1.133632,60.42314,1,23.5015,0.797619,60.02215,1,POW
1709,14.250000,15125.8,2.865269,60.01865,0,14986.7,-1.318503,59.92073,0,15273.1,0.774276,60.12472,0,36.3311,3.010414,60.03264,1,25.1976,-1.157863,59.53723,1,23.5413,0.796947,59.98718,1,POW
1710,14.258333,15215.4,2.865757,60.00933,0,14936,-1.312888,60.10724,0,15224.1,0.769211,59.90325,0,36.1593,3.006385,59.92306,1,25.0671,-1.136867,60.40099,1,23.554,0.795482,59.97202,1,POW
1711,14.266667,15125.8,2.866673,60.01749,0,14986.5,-1.317038,59.92073,0,15271.9,0.775741,60.12473,0,36.1546,3.008400,60.03847,1,25.0972,-1.160607,59.54660,1,23.4412,0.792492,59.94288,1,POW
1712,14.275000,15217.6,2.867283,60.01166,0,14937.3,-1.311179,60.11191,0,15224.4,0.770797,59.90558,0,36.2255,3.004615,59.92773,1,25.0583,-1.139125,60.41027,1,23.5483,0.793041,60.01049,1,POW
1713,14.283333,15125.5,2.868137,60.01632,0,14987,-1.315451,59.91840,0,15270,0.777267,60.12356,0,36.1833,3.008216,60.06878,1,25.1598,-1.160729,59.58740,1,23.4793,0.794445,60.02681,1,POW
1714,14.291667,15217.7,2.869053,60.01749,0,14938.3,-1.309592,60.11191,0,15225.2,0.772506,59.90908,0,36.2174,3.007057,59.97785,1,25.0443,-1.139858,60.39862,1,23.6211,0.793163,59.97552,1,POW
1715,14.300000,15127.7,2.869724,60.01282,0,14989.7,-1.313986,59.91607,0,15272.2,0.778793,60.12006,0,36.0804,3.008949,60.03614,1,25.0505,-1.160851,59.59905,1,23.3976,0.792675,59.99067,1,POW
1716,14.308333,15216.9,2.870640,60.01748,0,14937.5,-1.308066,60.11307,0,15224.7,0.774032,59.90908,0,36.0183,3.008155,59.98485,1,24.8992,-1.139369,60.41027,1,23.4507,0.792370,59.99417,1,POW
1717,14.316667,15126.5,2.871128,60.00933,0,14989.2,-1.312644,59.91257,0,15271.6,0.780075,60.11540,0,35.9526,3.010231,60.03963,1,24.962,-1.157130,59.66079,1,23.3065,0.795971,60.06877,1,POW
1718,14.325000,15221.6,2.872288,60.02215,0,14941.7,-1.306374,60.11973,0,15228.7,0.775680,59.91607,0,36.1835,3.010414,60.00350,1,25.0432,-1.135829,60.40682,1,23.5686,0.795665,59.99417,1,POW
1719,14.333333,15125.2,2.872776,60.00933,0,14987.4,-1.310996,59.91174,0,15270.3,0.781723,60.11540,0,36.07,3.013465,60.05828,1,25.1401,-1.155360,59.62699,1,23.4419,0.797985,60.04430,1,POW
1720,14.341667,15220.6,2.873570,60.01515,0,14940.9,-1.305032,60.11390,0,15227.7,0.777023,59.91024,0,36.3935,3.012184,59.97552,1,25.273,-1.131435,60.45694,1,23.7797,0.802013,60.07693,1,POW
1721,14.350000,15128.7,2.874363,60.01515,0,14991,-1.309165,59.92107,0,15272.5,0.783493,60.12356,0,36.5978,3.014442,60.04313,1,25.6443,-1.150905,59.62815,1,23.9581,0.805980,60.07577,1,POW
1722,14.358333,15218.7,2.875157,60.01515,0,14938.1,-1.303323,60.11157,0,15225.6,0.778671,59.90791,0,36.881,3.014625,60.00350,1,25.8589,-1.130702,60.38584,1,24.2691,0.806712,60.01399,1,POW
1723,14.366667,15126.8,2.875645,60.00933,0,14989.9,-1.307883,59.91291,0,15271.6,0.784833,60.11769,0,37.0346,3.016212,60.03031,1,26.1381,-1.150844,59.61533,1,24.3555,0.808238,60.02914,1,POW
1724,14.375000,15222.8,2.876927,60.02448,0,14943.8,-1.301492,60.12206,0,15230.6,0.780563,59.91844,0,37.4067,3.014503,59.96736,1,26.3044,-1.132839,60.34387,1,24.7749,0.809520,60.02448,1,POW
1725,14.383333,15124.5,2.877659,60.01399,0,14987.6,-1.305947,59.91491,0,15270.7,0.786815,60.11941,0,37.4041,3.014930,60.00816,1,26.4228,-1.154140,59.59318,1,24.6826,0.810558,60.01982,1,POW
1726,14.391667,15220.5,2.878191,60.01016,0,14939.7,-1.300393,60.10608,0,15228.4,0.781662,59.90157,0,37.5821,3.013771,59.97785,1,26.46,-1.133571,60.39283,1,24.8349,0.812145,60.03031,1,POW
1727,14.400000,15125.9,2.879106,60.01749,0,14987.7,-1.304482,59.92190,0,15270.9,0.788280,60.12640,0,37.6996,3.016517,60.05246,1,26.7399,-1.153529,59.61883,1,24.9021,0.811717,59.99184,1,POW
1728,14.408333,15217.5,2.879534,60.00816,0,14937.1,-1.298928,60.10608,0,15224.3,0.783065,59.90041,0,37.8772,3.013587,59.94405,1,26.7988,-1.133693,60.37884,1,25.1072,0.813792,60.03963,1,POW
1729,14.416667,15125.3,2.880388,60.01632,0,14987.4,-1.303078,59.92073,0,15269.3,0.789562,60.12407,0,37.9562,3.015113,60.02914,1,26.9808,-1.154994,59.59318,1,25.1869,0.811717,59.96037,1,POW
1730,14.425000,15219.3,2.881243,60.01632,0,14939.5,-1.297219,60.11191,0,15226.1,0.784772,59.90853,0,38.0673,3.012672,59.95337,1,27.0142,-1.136196,60.35903,1,25.4033,0.811534,59.99650,1,POW
1731,14.433333,15124.4,2.882219,60.01865,0,14987,-1.301308,59.92190,0,15268.1,0.791454,60.12761,0,37.991,3.014686,60.03847,1,27.1437,-1.156337,59.61533,1,25.3337,0.810191,59.97435,1,POW
1732,14.441667,15216.5,2.882891,60.01282,0,14936.7,-1.295632,60.10841,0,15223.5,0.786388,59.90325,0,38.027,3.013526,59.97785,1,27.1795,-1.134853,60.41031,1,25.5259,0.812999,60.05362,1,POW
1733,14.450000,15125.1,2.883867,60.01865,0,14987.7,-1.299660,59.92307,0,15268.9,0.793041,60.12706,0,38.0864,3.014869,60.02565,1,27.3861,-1.154811,59.61883,1,25.5524,0.813121,60.00233,1,POW
1734,14.458333,15216.6,2.884661,60.01515,0,14936.1,-1.293862,60.11074,0,15224.1,0.788158,59.90675,0,38.0929,3.013587,59.97552,1,27.2962,-1.135829,60.36252,1,25.7397,0.814037,60.01749,1,POW
1735,14.466667,15126.1,2.885515,60.01632,0,14988,-1.298074,59.91957,0,15269.9,0.794628,60.12356,0,38.1532,3.014869,60.02448,1,27.5399,-1.152370,59.68411,1,25.6989,0.816234,60.04196,1,POW
1736,14.475000,15215.6,2.886431,60.01748,0,14934.6,-1.292153,60.11307,0,15223,0.789806,59.90791,0,38.338,3.013710,59.97785,1,27.5979,-1.134364,60.34387,1,26.0019,0.818780,60.04863,1,POW
1737,14.483333,15121,2.886675,60.00466,0,14982.6,-1.296914,59.90908,0,15263.5,0.795726,60.11307,0,38.2052,3.014930,60.02331,1,27.795,-1.151149,59.67944,1,25.8513,0.817864,59.98251,1,POW
1738,14.491667,15215.7,2.887468,60.01515,0,14934.7,-1.291116,60.11073,0,15222.1,0.790844,59.90675,0,38.4363,3.015113,60.00350,1,27.8085,-1.133937,60.32872,1,26.0937,0.818902,60.01982,1,POW
1739,14.500000,15125.9,2.888262,60.01515,0,14988.1,-1.295205,59.92190,0,15267.9,0.797374,60.12473,0,38.5075,3.015419,60.00583,1,27.9696,-1.152431,59.64680,1,26.1044,0.819207,60.00583,1,POW
1740,14.508333,15217.3,2.889360,60.02098,0,14936.6,-1.289224,60.11423,0,15224.3,0.792675,59.91024,0,38.6534,3.015419,60.00000,1,27.9287,-1.134792,60.33688,1,26.3175,0.819757,60.01049,1,POW
1741,14.516667,15123.4,2.889910,60.01049,0,14987.4,-1.293618,59.91608,0,15266.9,0.799022,60.12123,0,38.5471,3.016090,60.01282,1,27.9911,-1.153224,59.64797,1,26.1496,0.819695,59.99883,1,POW
1742,14.525000,15216.3,2.890886,60.01865,0,14936,-1.287637,60.11423,0,15224,0.794262,59.90908,0,38.7945,3.017128,60.01982,1,27.9493,-1.134731,60.35320,1,26.312,0.819940,60.00466,1,POW
1743,14.533333,15122.3,2.891313,60.00816,0,14985,-1.292153,59.91374,0,15265.5,0.800426,60.11773,0,38.7288,3.019019,60.03613,1,28.0296,-1.152247,59.66545,1,26.1461,0.820550,60.01166,1,POW
1744,14.541667,15218.6,2.892290,60.01865,0,14937.1,-1.286233,60.11307,0,15225,0.795604,59.90791,0,39.0333,3.017799,59.97669,1,28.0183,-1.133510,60.35786,1,26.3804,0.820428,59.99767,1,POW
1745,14.550000,15124.2,2.892900,60.01166,0,14986.8,-1.290506,59.91840,0,15266.7,0.802013,60.12239,0,38.9729,3.019813,60.03846,1,28.1195,-1.151820,59.65030,1,26.2554,0.821221,60.01515,1,POW
1746,14.558333,15219.8,2.893938,60.01981,0,14939,-1.284524,60.11424,0,15226.1,0.797313,59.91025,0,39.1241,3.019080,59.98601,1,28.0306,-1.133083,60.35786,1,26.3802,0.820855,59.99301,1,POW
1747,14.566667,15122.2,2.894487,60.01049,0,14985.2,-1.288919,59.91607,0,15264.3,0.803600,60.12006,0,38.9647,3.020728,60.03147,1,28.0762,-1.151027,59.65729,1,26.2222,0.823480,60.05012,1,POW
1748,14.575000,15218.6,2.895402,60.01749,0,14938.3,-1.283120,60.11074,0,15224.9,0.798717,59.90675,0,39.2063,3.019752,59.98135,1,28.1142,-1.131130,60.38001,1,26.499,0.824273,60.01515,1,POW
1749,14.583333,15125.1,2.896257,60.01632,0,14987.4,-1.287088,59.92423,0,15266,0.805309,60.12589,0,39.3746,3.021827,60.03963,1,28.4135,-1.148830,59.66196,1,26.5509,0.825189,60.01748,1,POW
1750,14.591667,15213.5,2.896806,60.01049,0,14933.8,-1.281655,60.10375,0,15219.7,0.800182,59.90209,0,39.528,3.022010,60.00350,1,28.4966,-1.128993,60.37884,1,26.852,0.828729,60.06761,1,POW
1751,14.600000,15123.5,2.897600,60.01515,0,14984.6,-1.285684,59.92307,0,15262.8,0.806651,60.12356,0,39.8095,3.024085,60.03963,1,29.0229,-1.157924,59.44747,1,27.4031,0.828607,59.99767,1,POW
1752,14.608333,15201.4,2.897905,60.00583,0,14920.3,-1.280496,60.09908,0,15206.3,0.801220,59.89626,0,43.0433,2.969479,58.95710,1,30.5357,-1.217779,58.85685,1,30.5782,0.720525,57.93579,1,POW
1753,14.616667,15109.7,2.898332,60.00816,0,14970.7,-1.285073,59.91257,0,15249.2,0.807323,60.11656,0,42.4566,2.932265,59.28927,1,32.1331,-1.260967,59.17517,1,30.1613,0.718511,59.96153,1,POW
1754,14.625000,15197,2.899003,60.01282,0,14916,-1.279519,60.10608,0,15203.7,0.802196,59.90208,0,42.9299,2.924270,59.84730,1,31.9667,-1.268718,59.85196,1,31.1145,0.707219,59.78435,1,POW
1755,14.633333,15108.5,2.899797,60.01515,0,14969.5,-1.283548,59.92306,0,15247,0.808849,60.12706,0,42.1093,2.922805,59.97202,1,31.8993,-1.286721,59.65617,1,30.4807,0.696355,59.79251,1,POW
1756,14.641667,15198.2,2.900712,60.01749,0,14917.1,-1.277749,60.11074,0,15204.8,0.803966,59.90675,0,42.426,2.925246,60.04662,1,31.8073,-1.256878,60.56997,1,30.5069,0.718389,60.42081,1,POW
1757,14.650000,15107,2.901506,60.01515,0,14969.7,-1.281900,59.92073,0,15247.4,0.810558,60.12589,0,42.2567,2.918594,59.87295,1,31.9098,-1.294534,59.28083,1,30.8019,0.686790,59.39651,1,POW
1758,14.658333,15196.9,2.902482,60.01865,0,14915.8,-1.276040,60.11191,0,15204.5,0.805736,59.90791,0,41.6197,2.918349,59.99534,1,31.2158,-1.275615,60.36131,1,30.0752,0.705144,60.35054,1,POW
1759,14.666667,15106.3,2.903154,60.01282,0,14968.1,-1.280313,59.91840,0,15247,0.812084,60.12123,0,41.7045,2.923965,60.10724,1,31.3756,-1.282022,59.87764,1,30.0615,0.692510,59.75870,1,POW
1760,14.675000,15196.9,2.904069,60.01749,0,14915.3,-1.274517,60.11070,0,15204,0.807262,59.90791,0,41.5424,2.914260,59.81466,1,31.0451,-1.283792,59.96620,1,30.0904,0.692571,60.00117,1,POW
1761,14.683333,15106,2.904680,60.01166,0,14967.9,-1.278726,59.91961,0,15246.2,0.813670,60.12240,0,41.0627,2.921767,60.14338,1,30.8984,-1.287210,59.93472,1,29.4911,0.689842,59.94787,1,POW
1762,14.691667,15199.6,2.905717,60.01982,0,14918.4,-1.272747,60.11420,0,15205.5,0.808971,59.91024,0,41.3784,2.920730,59.98018,1,30.8077,-1.271831,60.29371,1,29.726,0.698675,60.16870,1,POW
1763,14.700000,15106.2,2.906389,60.01282,0,14968,-1.277017,59.91844,0,15245.8,0.815379,60.12240,0,41.1538,2.924148,60.06528,1,30.9136,-1.289224,59.66782,1,29.5814,0.690879,59.85112,1,POW
1764,14.708333,15201.1,2.907304,60.01749,0,14919.3,-1.271221,60.11070,0,15207.1,0.810497,59.90675,0,41.2738,2.924331,60.00350,1,30.7008,-1.270000,60.36715,1,29.6066,0.700445,60.18269,1,POW
1765,14.716667,15108.1,2.907915,60.01166,0,14970.7,-1.275432,59.91957,0,15247.3,0.816966,60.12356,0,41.2321,2.930129,60.11073,1,30.9172,-1.279885,59.81120,1,29.4776,0.700200,59.99534,1,POW
1766,14.725000,15201,2.909013,60.02098,0,14919.5,-1.269451,60.11424,0,15207,0.812267,59.91024,0,41.4577,2.929641,59.99067,1,30.8227,-1.265056,60.28322,1,29.8001,0.706853,60.12705,1,POW
1767,14.733333,15107.7,2.909499,60.00928,0,14969.8,-1.273845,59.91607,0,15247.5,0.818536,60.11973,0,41.2741,2.936293,60.12706,1,31.0306,-1.275066,59.80883,1,29.5727,0.706792,59.99883,1,POW
1768,14.741667,15203.3,2.910842,60.02565,0,14921.4,-1.267742,60.11657,0,15209.6,0.813976,59.91291,0,41.7339,2.936904,60.01166,1,31.053,-1.255657,60.37068,1,29.9836,0.713994,60.13755,1,POW
1769,14.750000,15107,2.911147,60.00583,0,14969.1,-1.272197,59.91491,0,15245.9,0.820184,60.11857,0,41.6561,2.942258,60.10225,1,31.3361,-1.266216,59.79834,1,29.8639,0.717107,60.05945,1,POW
1770,14.758333,15203.4,2.912124,60.01865,0,14920.7,-1.266460,60.10957,0,15208.2,0.815196,59.90475,0,42.0001,2.942136,59.99767,1,31.376,-1.247256,60.36210,1,30.2436,0.723452,60.12119,1,POW
1771,14.766667,15111,2.912673,60.01049,0,14971.6,-1.270610,59.92073,0,15248.1,0.821649,60.12323,0,42.0657,2.947324,60.09908,1,31.6832,-1.257854,59.79759,1,30.1952,0.724490,60.01982,1,POW
1772,14.775000,15199.8,2.913283,60.01166,0,14918.1,-1.265239,60.10258,0,15204.9,0.816417,59.90008,0,42.1445,2.948300,60.01865,1,31.5538,-1.239139,60.35744,1,30.4018,0.733950,60.18068,1,POW
1773,14.783333,15115,2.914199,60.01749,0,14976.7,-1.269023,59.92773,0,15252.5,0.823297,60.13139,0,42.2119,2.953610,60.10141,1,31.8124,-1.249859,59.79526,1,30.3686,0.733462,59.99067,1,POW
1774,14.791667,15200.6,2.915054,60.01632,0,14918.6,-1.263408,60.10724,0,15205.8,0.818231,59.90325,0,42.0604,2.954526,60.01749,1,31.4749,-1.231998,60.34112,1,30.3118,0.740542,60.13521,1,POW
1775,14.800000,15110.2,2.915481,60.00816,0,14972.5,-1.267803,59.91607,0,15248.5,0.824578,60.12123,0,41.706,2.960751,60.11889,1,31.4624,-1.240420,59.83914,1,29.8632,0.741335,60.01515,1,POW
1776,14.808333,15204.1,2.916518,60.01982,0,14921.7,-1.261943,60.11191,0,15208.7,0.819695,59.90675,0,41.6366,2.962643,60.03614,1,31.1209,-1.220831,60.37414,1,29.8251,0.748354,60.13405,1,POW
1777,14.816667,15113.8,2.917007,60.00933,0,14976,-1.266155,59.91957,0,15250.8,0.826165,60.12356,0,41.3573,2.969235,60.12589,1,31.0493,-1.229190,59.84034,1,29.4854,0.751772,60.06528,1,POW
1778,14.825000,15204.6,2.917983,60.01865,0,14922.3,-1.260540,60.10724,0,15209.7,0.821038,59.90208,0,41.3205,2.974116,60.09321,1,30.7305,-1.204657,60.46856,1,29.5006,0.763229,60.21882,1,POW
1779,14.833333,15116.3,2.918349,60.00699,0,14977.7,-1.264812,59.91840,0,15253.2,0.827447,60.12240,0,41.1367,2.984369,60.19583,1,30.7782,-1.207098,59.95338,1,29.1363,0.769394,60.11773,1,POW
1780,14.841667,15205.7,2.919265,60.01749,0,14923.2,-1.259136,60.10840,0,15209.2,0.822381,59.90325,0,41.0609,2.990717,60.12123,1,30.4977,-1.180382,60.51023,1,29.0405,0.783065,60.26111,1,POW
1781,14.850000,15115.4,2.919570,60.00583,0,14978.5,-1.263530,59.91608,0,15251.9,0.828729,60.12123,0,40.7091,3.000177,60.18068,1,30.3609,-1.186425,59.88460,1,28.5569,0.791027,60.15205,1,POW
1782,14.858333,15210.8,2.920791,60.02331,0,14928.9,-1.257549,60.11423,0,15214.2,0.823968,59.90908,0,40.7211,3.003883,60.07077,1,30.068,-1.162743,60.45228,1,28.5446,0.799266,60.15737,1,POW
1783,14.866667,15116.7,2.921279,60.00933,0,14980.8,-1.261821,59.91841,0,15253.8,0.830560,60.12589,0,40.4806,3.011940,60.15387,1,30.0428,-1.172082,59.82165,1,28.21,0.804759,60.10491,1,POW
1784,14.875000,15212.9,2.922744,60.02798,0,14930.8,-1.255657,60.11773,0,15217.1,0.825921,59.91141,0,40.7012,3.014503,60.04896,1,29.9213,-1.148952,60.44175,1,28.4282,0.812022,60.13872,1,POW
1785,14.883333,15118.3,2.923293,60.01049,0,14980.9,-1.259868,59.91957,0,15254.8,0.832391,60.12356,0,40.418,3.019080,60.08742,1,29.9801,-1.161645,59.75758,1,28.1404,0.813731,60.03264,1,POW
1786,14.891667,15211.2,2.924392,60.02098,0,14928.2,-1.254131,60.10957,0,15215.1,0.827447,59.90558,0,40.4113,3.020057,60.01865,1,29.701,-1.142177,60.37181,1,28.1468,0.816478,60.05246,1,POW
1787,14.900000,15119.4,2.924636,60.00466,0,14982.4,-1.258404,59.91840,0,15255.4,0.833855,60.12239,0,40.1421,3.023048,60.05712,1,29.6343,-1.156459,59.72724,1,27.7916,0.818658,60.04163,1,POW
1788,14.908333,15213.9,2.926040,60.02681,0,14931.3,-1.252361,60.11540,0,15217,0.829156,59.91025,0,40.1428,3.023780,60.01399,1,29.424,-1.136867,60.37418,1,27.8731,0.820611,60.03730,1,POW
1789,14.916667,15119.8,2.926467,60.00816,0,14982.7,-1.256573,59.91957,0,15255.7,0.835625,60.12356,0,39.919,3.026832,60.05828,1,29.3865,-1.151881,59.71325,1,27.5487,0.822564,60.03730,1,POW
1790,14.925000,15213.9,2.927626,60.02215,0,14931.9,-1.250774,60.11074,0,15217.6,0.830804,59.90792,0,39.9646,3.028480,60.03147,1,29.2524,-1.131984,60.38001,1,27.6132,0.825311,60.05246,1,POW
1791,14.933333,15120.7,2.928237,60.01166,0,14984.6,-1.254802,59.92307,0,15257.2,0.837517,60.12822,0,39.7796,3.031715,60.06178,1,29.2508,-1.148219,59.68993,1,27.369,0.825982,60.01282,1,POW
1792,14.941667,15214.7,2.929396,60.02215,0,14932.9,-1.249026,60.11032,0,15218.4,0.832574,59.90558,0,39.98,3.029273,59.95337,1,29.0633,-1.128217,60.38201,1,27.4603,0.829827,60.07344,1,POW
1793,14.950000,15121.2,2.930007,60.01166,0,14984.8,-1.253032,59.92349,0,15257.9,0.839287,60.12822,0,39.7807,3.030616,60.02565,1,29.1397,-1.144130,59.69609,1,27.3556,0.829583,59.99534,1,POW
1794,14.958333,15207.7,2.930800,60.01515,0,14927.2,-1.247684,60.10216,0,15213.8,0.834099,59.90092,0,40.9725,3.004371,59.49876,1,30.201,-1.136318,60.14920,1,27.9137,0.808605,59.59934,1,POW
1795,14.966667,15114.1,2.931228,60.00816,0,14977.5,-1.251812,59.92116,0,15250.6,0.840386,60.12007,0,41.3442,2.983515,59.60167,1,31.0095,-1.211309,58.56777,1,29.4238,0.772445,59.30941,1,POW
1796,14.975000,15203.8,2.931838,60.01166,0,14920.6,-1.246524,60.10099,0,15206.9,0.835015,59.89742,0,41.6194,2.983820,60.00583,1,30.6012,-1.198492,60.24479,1,29.4739,0.765854,59.87411,1,POW
1797,14.983333,15114.7,2.932326,60.00933,0,14977.2,-1.250591,59.92232,0,15248.8,0.841485,60.12356,0,41.5462,2.984736,60.01749,1,30.8961,-1.203863,59.89742,1,29.3583,0.767746,60.03614,1,POW
1798,14.991667,15203.6,2.933425,60.02098,0,14921.3,-1.244998,60.10682,0,15207.4,0.836541,59.90558,0,41.6778,2.983454,59.97552,1,30.6742,-1.198736,60.09792,1,29.5353,0.765060,59.94871,1,POW
1799,15.000000,15113.6,2.933852,60.00816,0,14978,-1.249065,59.92232,0,15249,0.843072,60.12473,0,41.328,2.983820,60.00699,1,30.6794,-1.207708,59.82865,1,29.1952,0.765793,60.01399,1,POW
1800,15.008333,15205.5,2.935256,60.02681,0,14923,-1.243106,60.11381,0,15209.5,0.838372,59.91024,0,41.5092,2.983088,59.98601,1,30.4925,-1.199041,60.16552,1,29.3132,0.763779,59.96153,1,POW
1801,15.016667,15109.9,2.935317,60.00117,0,14974.5,-1.247623,59.91374,0,15245.6,0.844536,60.11773,0,41.1766,2.984553,60.02798,1,30.4744,-1.208685,59.81583,1,28.864,0.766037,60.04313,1,POW
1802,15.025000,15202.5,2.936415,60.02098,0,14920.5,-1.242007,60.10724,0,15206.7,0.839532,59.90441,0,41.4032,2.985895,60.02565,1,30.3537,-1.194769,60.26577,1,29.0004,0.769638,60.06877,1,POW
1803,15.033333,15112.7,2.936660,60.00466,0,14976.8,-1.246158,59.92073,0,15247.2,0.845879,60.12123,0,41.3204,2.986200,60.00583,1,30.5007,-1.206244,59.78085,1,28.946,0.767929,59.96737,1,POW
1804,15.041667,15204.5,2.938002,60.02565,0,14920.5,-1.240298,60.11191,0,15207.1,0.841118,59.90908,0,41.4624,2.987055,60.01632,1,30.3466,-1.195929,60.19700,1,28.9852,0.768906,60.01865,1,POW
1805,15.050000,15111.4,2.938002,60.00000,0,14975.2,-1.244754,59.91491,0,15246,0.847222,60.11657,0,41.388,2.987238,60.00350,1,30.3907,-1.204901,59.82864,1,28.7959,0.768600,59.99417,1,POW
1806,15.058333,15206.2,2.939467,60.02798,0,14922.5,-1.238833,60.11307,0,15208.7,0.842644,59.91257,0,41.2945,2.989740,60.04779,1,30.2246,-1.195807,60.17369,1,28.8647,0.768906,60.00583,1,POW
1807,15.066667,15111.3,2.939650,60.00350,0,14975.9,-1.243106,59.91840,0,15246,0.848929,60.12002,0,41.1769,2.992060,60.04430,1,30.2894,-1.200933,59.90208,1,28.6707,0.772445,60.06760,1,POW
1808,15.075000,15204.8,2.940976,60.02532,0,14922.6,-1.237308,60.11073,0,15207.5,0.844170,59.90912,0,41.2259,2.990839,59.97669,1,30.0882,-1.195013,60.11307,1,28.8076,0.769516,59.94405,1,POW
1809,15.083333,15108.4,2.941281,60.00583,0,14973.4,-1.241519,59.91957,0,15243.8,0.850577,60.12236,0,41.0801,2.994684,60.07344,1,30.158,-1.198553,59.93239,1,28.5147,0.776474,60.13289,1,POW
1810,15.091667,15205.6,2.942563,60.02448,0,14923.4,-1.235782,60.10957,0,15208.7,0.845757,59.90795,0,41.352,2.994379,59.99417,1,30.1017,-1.190575,60.15237,1,28.8394,0.770065,59.87760,1,POW
1811,15.100000,15112.8,2.943051,60.00933,0,14977.2,-1.239688,59.92540,0,15247.3,0.852408,60.12702,0,41.2683,2.995722,60.02564,1,30.271,-1.198492,59.84879,1,28.6768,0.777816,60.14804,1,POW
1812,15.108333,15206.8,2.944333,60.02448,0,14924,-1.234012,60.10840,0,15209.6,0.847466,59.90562,0,41.5028,2.995539,59.99650,1,30.228,-1.186303,60.23280,1,28.9058,0.773788,59.92307,1,POW
1813,15.116667,15112.7,2.944760,60.00816,0,14977.2,-1.237979,59.92424,0,15246.5,0.854117,60.12702,0,41.3707,2.995539,60.00000,1,30.2757,-1.199469,59.74855,1,28.7558,0.775741,60.03730,1,POW
1814,15.125000,15206.2,2.945981,60.02331,0,14924.6,-1.232303,60.10840,0,15208.8,0.849173,59.90558,0,41.5574,2.996698,60.02215,1,30.1394,-1.180687,60.35870,1,28.8834,0.778976,60.06178,1,POW
1815,15.133333,15113.9,2.946530,60.01049,0,14979,-1.236087,59.92773,0,15247.4,0.855948,60.12939,0,41.5834,2.997248,60.01049,1,30.323,-1.193609,59.75321,1,28.9149,0.778244,59.98601,1,POW
1816,15.141667,15203.1,2.947629,60.02098,0,14922.1,-1.230594,60.10491,0,15206.8,0.850943,59.90441,0,41.5088,2.997431,60.00350,1,30.0653,-1.182396,60.21415,1,28.8843,0.778366,60.00233,1,POW
1817,15.150000,15114.5,2.948117,60.00933,0,14979.8,-1.234439,59.92656,0,15247.9,0.857657,60.12822,0,41.5253,2.999567,60.04080,1,30.2047,-1.190514,59.84496,1,28.7583,0.782516,60.07927,1,POW
1818,15.158333,15203.1,2.949399,60.02448,0,14921.1,-1.228824,60.10724,0,15206.3,0.852652,59.90441,0,41.6027,2.998773,59.98485,1,30.0701,-1.179345,60.21332,1,28.9461,0.780868,59.96853,1,POW
1819,15.166667,15113.7,2.949643,60.00466,0,14978.8,-1.232913,59.92190,0,15246.4,0.859122,60.12356,0,41.5816,2.999994,60.02331,1,30.2361,-1.188927,59.81699,1,28.7606,0.783371,60.04779,1,POW
1820,15.175000,15203.9,2.950925,60.02448,0,14921.3,-1.227298,60.10724,0,15206.5,0.854117,59.90441,0,41.6615,3.001520,60.02914,1,30.1526,-1.174645,60.27276,1,28.9527,0.784164,60.01515,1,POW
1821,15.183333,15116.1,2.951291,60.00699,0,14980.8,-1.231204,59.92540,0,15248.2,0.860770,60.12706,0,41.7532,3.002497,60.01865,1,30.4368,-1.185265,59.79718,1,28.9585,0.786144,60.03781,1,POW
1822,15.191667,15202.2,2.952390,60.02098,0,14920.3,-1.225711,60.10491,0,15204.4,0.855704,59.90325,0,41.7764,3.003395,60.01715,1,30.2976,-1.173669,60.22147,1,29.1258,0.786876,60.01399,1,POW
1823,15.200000,15113.5,2.952512,60.00233,0,14979.4,-1.229984,59.91840,0,15245.8,0.862051,60.12123,0,41.7277,3.004860,60.02798,1,30.3995,-1.183617,59.81000,1,28.9476,0.791149,60.08160,1,POW
1824,15.208333,15205.8,2.953976,60.02798,0,14923.7,-1.224063,60.11307,0,15207.5,0.857352,59.91024,0,41.7946,3.005104,60.00466,1,30.2864,-1.172204,60.21798,1,29.0906,0.786754,59.91607,1,POW
1825,15.216667,15110,2.954038,60.00117,0,14976.7,-1.228397,59.91724,0,15242.5,0.863638,60.12007,0,41.5157,3.006568,60.02798,1,30.2464,-1.185143,59.75288,1,28.8194,0.790050,60.06295,1,POW
1826,15.225000,15206.5,2.955441,60.02681,0,14924.8,-1.222721,60.10841,0,15209.2,0.858694,59.90558,0,41.6258,3.006813,60.00466,1,30.0381,-1.171410,60.26227,1,28.9072,0.787120,59.94405,1,POW
1827,15.233333,15116.1,2.955930,60.00933,0,14981.7,-1.226566,59.92656,0,15248.2,0.865530,60.13055,0,41.4939,3.007301,60.00933,1,30.0722,-1.184777,59.74472,1,28.6264,0.786998,59.99767,1,POW
1828,15.241667,15203.6,2.957150,60.02331,0,14921.1,-1.220953,60.10720,0,15205.3,0.860403,59.90209,0,41.3742,3.008094,60.01515,1,29.7626,-1.170861,60.26577,1,28.5598,0.784591,59.95403,1,POW
1829,15.250000,15111.7,2.957028,59.99767,0,14977.3,-1.225345,59.91611,0,15243.4,0.866629,60.11889,0,41.1809,3.009925,60.03497,1,29.8284,-1.181054,59.80534,1,28.3628,0.791698,60.13573,1,POW
1830,15.258333,15207.7,2.958493,60.02798,0,14925.6,-1.219549,60.11070,0,15208.9,0.861746,59.90675,0,41.3794,3.010841,60.01748,1,29.8372,-1.166161,60.28442,1,28.6143,0.791271,59.99184,1,POW
1831,15.266667,15113.2,2.958737,60.00466,0,14979.2,-1.223697,59.92078,0,15245.2,0.868338,60.12589,0,41.2899,3.013526,60.05129,1,29.9294,-1.179406,59.74705,1,28.4641,0.794750,60.06644,1,POW
1832,15.275000,15208.3,2.960080,60.02565,0,14926.7,-1.217962,60.10953,0,15209.9,0.863394,59.90558,0,41.3578,3.013710,60.00350,1,29.7534,-1.163964,60.29491,1,28.5312,0.794078,59.98718,1,POW
1833,15.283333,15112.9,2.960324,60.00466,0,14979.3,-1.222051,59.92190,0,15244.9,0.869986,60.12589,0,41.1566,3.016639,60.05595,1,29.789,-1.177575,59.74006,1,28.3626,0.797252,60.06062,1,POW
1834,15.291667,15207.4,2.961606,60.02448,0,14926.3,-1.216497,60.10608,0,15210,0.864981,59.90441,0,41.3105,3.017982,60.02565,1,29.6311,-1.160180,60.33221,1,28.4376,0.797313,60.00117,1,POW
1835,15.300000,15115.3,2.962033,60.00816,0,14981.2,-1.220281,59.92773,0,15246.7,0.871695,60.12823,0,41.3852,3.022315,60.08276,1,29.771,-1.171837,59.77735,1,28.3002,0.801708,60.08392,1,POW
1836,15.308333,15204.1,2.963070,60.01982,0,14923,-1.214910,60.10258,0,15206.8,0.866507,59.90092,0,41.4142,3.024146,60.03497,1,29.5926,-1.154140,60.33801,1,28.3435,0.804820,60.05945,1,POW
1837,15.316667,15118.8,2.963559,60.00933,0,14983.9,-1.218633,59.92889,0,15249.2,0.873342,60.13056,0,41.7195,3.028541,60.08393,1,29.8498,-1.165063,59.79138,1,28.3984,0.808177,60.06411,1,POW
1838,15.325000,15205.2,2.964596,60.01982,0,14923.5,-1.213323,60.10141,0,15207,0.868032,59.89859,0,41.7666,3.029090,60.01049,1,29.697,-1.147975,60.32635,1,28.4853,0.813609,60.10375,1,POW
1839,15.333333,15120.1,2.964962,60.00699,0,14985.5,-1.217169,59.92656,0,15249.9,0.874746,60.12822,0,41.927,3.034337,60.10021,1,29.899,-1.156764,59.83214,1,28.4158,0.818353,60.09059,1,POW
1840,15.341667,15209.3,2.966366,60.02681,0,14927.5,-1.211431,60.10957,0,15210.4,0.869864,59.90675,0,42.0571,3.036107,60.03380,1,29.7891,-1.138088,60.35669,1,28.5638,0.823297,60.09442,1,POW
1841,15.350000,15118.9,2.966549,60.00350,0,14985.7,-1.215521,59.92190,0,15249.3,0.876516,60.12706,0,42.0093,3.040990,60.09325,1,29.9234,-1.147059,59.82865,1,28.448,0.830926,60.14571,1,POW
1842,15.358333,15208.4,2.967892,60.02565,0,14926.9,-1.209905,60.10724,0,15210.3,0.871450,59.90325,0,42.0028,3.043309,60.04430,1,29.7027,-1.129421,60.33688,1,28.4701,0.832147,60.02331,1,POW
1843,15.366667,15118.6,2.968136,60.00466,0,14985.5,-1.213995,59.92190,0,15249.8,0.878042,60.12589,0,41.76,3.047093,60.07227,1,29.6677,-1.139064,59.81582,1,28.1862,0.837395,60.10024,1,POW
1844,15.375000,15211,2.969723,60.03031,0,14928.5,-1.208074,60.11307,0,15212.5,0.873220,59.90791,0,41.6634,3.048741,60.03147,1,29.3977,-1.121503,60.33539,1,28.1861,0.837884,60.00933,1,POW
1845,15.383333,15119.3,2.969784,60.00117,0,14985.3,-1.212286,59.91957,0,15249.5,0.879629,60.12240,0,41.2151,3.051671,60.05595,1,29.3237,-1.132045,59.79866,1,27.8128,0.843194,60.10141,1,POW
1846,15.391667,15213.3,2.971371,60.03031,0,14930.9,-1.206427,60.11190,0,15214.1,0.874746,59.90675,0,41.1179,3.054051,60.04546,1,29.0419,-1.113508,60.35404,1,27.709,0.842278,59.98251,1,POW
1847,15.400000,15116.4,2.971249,59.99767,0,14983.7,-1.210821,59.91608,0,15248,0.881016,60.11974,0,40.5898,3.057957,60.07460,1,28.834,-1.124555,59.78901,1,27.2821,0.849722,60.14217,1,POW
1848,15.408333,15215,2.972834,60.03027,0,14933.3,-1.204962,60.11190,0,15216.8,0.876211,59.90824,0,40.5345,3.059666,60.03264,1,28.6217,-1.105146,60.37068,1,27.2366,0.848746,59.98135,1,POW
1849,15.416667,15118,2.972956,60.00233,0,14986.3,-1.209112,59.92074,0,15249.8,0.882847,60.12673,0,40.1018,3.061986,60.04430,1,28.6026,-1.119916,59.71791,1,27.0098,0.852957,60.08043,1,POW
1850,15.425000,15212.4,2.974421,60.02798,0,14931.7,-1.203436,60.10840,0,15214.5,0.877859,59.90474,0,40.146,3.063267,60.02448,1,28.4391,-1.100935,60.36252,1,27.0571,0.853323,60.00699,1,POW
1851,15.433333,15119.4,2.974421,60.00000,0,14987.3,-1.207647,59.91957,0,15250.6,0.884251,60.12207,0,40.0021,3.065764,60.04768,1,28.5694,-1.114179,59.74705,1,26.9655,0.856985,60.06994,1,POW
1852,15.441667,15215.1,2.976191,60.03380,0,14934,-1.201727,60.11307,0,15217.3,0.879568,59.91057,0,40.1907,3.066924,60.02215,1,28.5651,-1.096481,60.33800,1,27.2032,0.856863,59.99767,1,POW
1853,15.450000,15120.3,2.976191,60.00000,0,14987.2,-1.205938,59.91957,0,15251,0.885899,60.12091,0,40.1429,3.069853,60.05595,1,28.7183,-1.110822,59.72611,1,27.1625,0.861380,60.08626,1,POW
1854,15.458333,15216.2,2.977656,60.02798,0,14933.9,-1.200384,60.10608,0,15216.7,0.880894,59.90441,0,40.2725,3.070647,60.01515,1,28.7327,-1.091537,60.36831,1,27.2863,0.862234,60.01632,1,POW
1855,15.466667,15126.9,2.977900,60.00466,0,14991.9,-1.204107,59.92889,0,15253.9,0.887608,60.12822,0,40.39,3.072295,60.03147,1,29.0453,-1.105756,59.72844,1,27.3919,0.863638,60.02681,1,POW
1856,15.475000,15212.6,2.978998,60.02098,0,14930.6,-1.198980,60.09792,0,15213.2,0.882298,59.89859,0,40.4513,3.073088,60.01515,1,29.0012,-1.088608,60.32751,1,27.5519,0.868948,60.10141,1,POW
1857,15.483333,15126.6,2.979181,60.00350,0,14992.4,-1.202826,59.92656,0,15253.7,0.889011,60.12822,0,40.753,3.075774,60.05129,1,29.365,-1.102827,59.72844,1,27.6893,0.869436,60.00933,1,POW
1858,15.491667,15214.5,2.980524,60.02564,0,14932,-1.197393,60.10375,0,15215.1,0.883884,59.90208,0,40.8928,3.075407,59.99301,1,29.5214,-1.087021,60.30187,1,27.9412,0.870596,60.02215,1,POW
1859,15.500000,15127,2.980890,60.00699,0,14992.8,-1.201117,59.92889,0,15254.6,0.890781,60.13172,0,41.1631,3.076262,60.01632,1,29.9111,-1.103559,59.68414,1,28.0983,0.870840,60.00466,1,POW
1860,15.508333,15211.8,2.981989,60.02098,0,14929.2,-1.195929,60.09908,0,15212.9,0.885410,59.89742,0,41.1906,3.075530,59.98601,1,29.8063,-1.089035,60.27739,1,28.2141,0.871145,60.00583,1,POW
1861,15.516667,15123.8,2.982050,60.00117,0,14990.2,-1.199957,59.92307,0,15251.8,0.891941,60.12473,0,41.3078,3.077422,60.03614,1,30.0867,-1.102094,59.75059,1,28.2506,0.872976,60.03497,1,POW
1862,15.525000,15213.6,2.983515,60.02798,0,14931.4,-1.194342,60.10724,0,15214,0.886997,59.90558,0,41.9045,3.075652,59.96620,1,30.2825,-1.082565,60.37298,1,28.5683,0.871145,59.96503,1,POW
1863,15.533333,15123.2,2.983637,60.00233,0,14990.9,-1.198309,59.92423,0,15250.6,0.893650,60.12706,0,42.0121,3.074248,59.97319,1,30.5952,-1.096664,59.73073,1,28.5996,0.870291,59.98368,1,POW
1864,15.541667,15213.8,2.985163,60.02914,0,14931.1,-1.192694,60.10724,0,15213.9,0.888584,59.90325,0,42.0984,3.073332,59.98251,1,30.4874,-1.084152,60.23896,1,28.7318,0.868521,59.96620,1,POW
1865,15.550000,15116.9,2.985407,60.00466,0,14979.9,-1.196844,59.92073,0,15245.1,0.895054,60.12356,0,42.7329,3.036229,59.29138,1,32.7498,-1.131313,59.09930,1,29.5553,0.869680,60.02215,1,POW
1866,15.558333,15195.2,2.986262,60.01632,0,14911.9,-1.191839,60.09559,0,15196.5,0.889439,59.89276,0,45.1494,2.985956,59.03986,1,34.0818,-1.242740,57.87190,1,34.0026,0.762070,57.94479,1,POW
1867,15.566667,15102.6,2.986017,59.99534,0,14968.1,-1.195990,59.92073,0,15228.8,0.895847,60.12239,0,45.9027,2.973322,59.75870,1,34.5469,-1.240970,60.03380,1,33.0878,0.737307,59.52707,1,POW
1868,15.575000,15193.1,2.987543,60.02914,0,14912.5,-1.190392,60.10691,0,15194.3,0.890903,59.90558,0,45.7684,2.957333,59.69463,1,34.1701,-1.252910,59.77195,1,33.7243,0.724734,59.75987,1,POW
1869,15.583333,15101.8,2.987787,60.00466,0,14967.3,-1.194159,59.92806,0,15227.5,0.897739,60.13055,0,44.9978,2.964657,60.13988,1,33.9528,-1.265850,59.75288,1,32.6496,0.722173,59.95108,1,POW
1870,15.591667,15196.1,2.989496,60.03264,0,14914.2,-1.188439,60.10924,0,15196.6,0.892735,59.90442,0,45.8298,2.960873,59.92773,1,33.908,-1.237308,60.54511,1,33.2552,0.725833,60.06990,1,POW
1871,15.600000,15100.4,2.989557,60.00117,0,14965.8,-1.192328,59.92573,0,15225.2,0.899448,60.12822,0,44.7437,2.954404,59.87644,1,33.76,-1.284219,59.10407,1,32.757,0.705022,59.60255,1,POW
1872,15.608333,15197.6,2.991083,60.02914,0,14915.4,-1.186791,60.10574,0,15197.2,0.894382,59.90325,0,45.1358,2.962155,60.14804,1,33.5231,-1.234805,60.94373,1,32.5219,0.733401,60.54200,1,POW
1873,15.616667,15099.8,2.991083,60.00000,0,14966,-1.190758,59.92423,0,15224.3,0.901035,60.12705,0,45.277,2.959469,59.94871,1,34.0472,-1.272563,59.27888,1,33.0816,0.709294,59.53960,1,POW
1874,15.625000,15195.4,2.992487,60.02681,0,14913.9,-1.185448,60.10141,0,15195.3,0.895786,59.89975,0,44.9404,2.959958,60.00933,1,33.4855,-1.245486,60.51713,1,32.6916,0.730899,60.41261,1,POW
1875,15.633333,15106.4,2.992914,60.00816,0,14971.1,-1.188927,59.93356,0,15229.5,0.902805,60.13405,0,45.2763,2.965146,60.09908,1,34.0374,-1.257244,59.77545,1,32.8182,0.721562,59.82169,1,POW
1876,15.641667,15189.4,2.993952,60.01982,0,14908.2,-1.183983,60.09442,0,15190.3,0.897251,59.89392,0,45.1533,2.961606,59.93239,1,33.6283,-1.246768,60.20007,1,32.9808,0.728335,60.12935,1,POW
1877,15.650000,15104.4,2.994135,60.00350,0,14969.5,-1.187706,59.92889,0,15228.6,0.904026,60.12939,0,45.0602,2.967221,60.10724,1,33.8903,-1.257976,59.78594,1,32.6904,0.724124,59.91957,1,POW
1878,15.658333,15196.2,2.995722,60.03031,0,14913,-1.182213,60.10491,0,15195.9,0.898899,59.90208,0,45.3921,2.970578,60.06411,1,33.7675,-1.231143,60.51247,1,32.9984,0.740603,60.31473,1,POW
1879,15.666667,15105.6,2.996088,60.00699,0,14970.3,-1.185875,59.93006,0,15229.1,0.905918,60.13405,0,45.3937,2.972773,60.04192,1,34.2084,-1.249431,59.65072,1,33.0316,0.731631,59.82865,1,POW
1880,15.675000,15195.1,2.997309,60.02331,0,14911.8,-1.180626,60.10025,0,15194.3,0.900486,59.89625,0,45.4992,2.976679,60.07460,1,33.8849,-1.224124,60.48333,1,33.0828,0.749087,60.33338,1,POW
1881,15.683333,15106.7,2.997492,60.00350,0,14971,-1.184410,59.92773,0,15228.9,0.907322,60.13056,0,45.5129,2.984064,60.14105,1,34.2943,-1.232425,59.84147,1,32.9816,0.748354,59.98601,1,POW
1882,15.691667,15194.6,2.998651,60.02215,0,14911.5,-1.179284,60.09792,0,15193.8,0.901829,59.89509,0,45.5681,2.990717,60.12705,1,33.9763,-1.205328,60.51752,1,33.1194,0.768173,60.37851,1,POW
1883,15.700000,15107.9,2.998773,60.00233,0,14974.2,-1.183068,59.92773,0,15231.1,0.908725,60.13172,0,45.5044,2.999933,60.17602,1,34.3023,-1.210027,59.91025,1,32.885,0.772262,60.07810,1,POW
1884,15.708333,15199.3,3.000421,60.03147,0,14916.9,-1.177513,60.10608,0,15199.7,0.903660,59.90325,0,45.4678,3.010231,60.19667,1,33.8174,-1.179955,60.57434,1,32.8461,0.792492,60.38635,1,POW
1885,15.716667,15114.9,3.000727,60.00583,0,14981.5,-1.181115,59.93122,0,15237.5,0.910740,60.13522,0,45.0629,3.022681,60.23779,1,33.8098,-1.178917,60.01982,1,32.2328,0.799083,60.12589,1,POW
1886,15.725000,15204.4,3.002680,60.03730,0,14921.2,-1.175194,60.11307,0,15204.1,0.905857,59.90675,0,44.7156,3.034154,60.21911,1,33.0051,-1.146571,60.61776,1,31.8702,0.820428,60.40765,1,POW
1887,15.733333,15115.9,3.002680,60.00000,0,14982.3,-1.179161,59.92424,0,15238.8,0.912630,60.12935,0,44.0408,3.044896,60.20516,1,32.7276,-1.147365,59.98485,1,30.9871,0.824212,60.07227,1,POW
1888,15.741667,15209.9,3.004676,60.03813,0,14926.4,-1.173119,60.11540,0,15207.6,0.907871,59.90912,0,43.9606,3.051976,60.13521,1,32.169,-1.119062,60.54055,1,30.8071,0.839715,60.29608,1,POW
1889,15.750000,15117.8,3.004676,60.00000,0,14984.5,-1.177086,59.92424,0,15239.7,0.914705,60.13052,0,43.5479,3.059117,60.13638,1,32.1778,-1.128217,59.82515,1,30.3257,0.841790,60.03963,1,POW
1890,15.758333,15210.3,3.006324,60.03147,0,14927.6,-1.171410,60.10840,0,15208,0.909641,59.90329,0,43.6437,3.062596,60.06644,1,31.9101,-1.104231,60.45811,1,30.4468,0.854422,60.24126,1,POW
1891,15.766667,15119.7,3.006446,60.00233,0,14987.1,-1.175316,59.92540,0,15242,0.916475,60.13052,0,43.6404,3.067961,60.10247,1,32.2357,-1.116437,59.76687,1,30.3247,0.854483,60.00117,1,POW
1892,15.775000,15210.4,3.008033,60.03031,0,14928.4,-1.169701,60.10724,0,15208.6,0.911348,59.90208,0,44.0078,3.069853,60.03614,1,32.1753,-1.095077,60.40794,1,30.6957,0.865408,60.20865,1,POW
1893,15.783333,15116.9,3.007911,59.99767,0,14984.4,-1.173852,59.92073,0,15240,0.917940,60.12589,0,43.8525,3.074675,60.09209,1,32.3957,-1.109113,59.73193,1,30.4879,0.864614,59.98485,1,POW
1894,15.791667,15212.3,3.009620,60.03264,0,14930.2,-1.168236,60.10724,0,15211.1,0.912874,59.90325,0,43.9222,3.075224,60.01049,1,32.0964,-1.089828,60.36831,1,30.6088,0.868887,60.08160,1,POW
1895,15.800000,15119.9,3.009864,60.00466,0,14986.6,-1.171899,59.93006,0,15242.5,0.919893,60.13405,0,43.6931,3.078093,60.05479,1,32.1224,-1.105512,59.70046,1,30.2234,0.866018,59.94521,1,POW
1896,15.808333,15214.3,3.011512,60.03147,0,14931.5,-1.166344,60.10608,0,15212.1,0.914766,59.90208,0,43.8135,3.077605,59.99067,1,31.8599,-1.085983,60.37298,1,30.3229,0.870535,60.08626,1,POW
1897,15.816667,15120.8,3.011573,60.00117,0,14986.9,-1.170067,59.92889,0,15241.9,0.921602,60.13056,0,43.6485,3.080839,60.06178,1,32.0151,-1.101667,59.70046,1,30.1232,0.868521,59.96153,1,POW
1898,15.825000,15212.8,3.012794,60.02331,0,14930.4,-1.165002,60.09675,0,15210.7,0.916109,59.89509,0,43.6768,3.080290,59.98951,1,31.7513,-1.082565,60.36482,1,30.2683,0.875174,60.12706,1,POW
1899,15.833333,15125.3,3.013099,60.00583,0,14992.5,-1.168420,59.93472,0,15245.3,0.923311,60.13755,0,43.6959,3.082853,60.04896,1,32.0694,-1.098005,59.70512,1,30.109,0.872366,59.94638,1,POW
1900,15.841667,15208.3,3.014442,60.02565,0,14927.3,-1.163293,60.09792,0,15207.2,0.917879,59.89625,0,43.6547,3.084013,60.02215,1,31.7154,-1.081162,60.32168,1,30.2275,0.878103,60.10957,1,POW
1901,15.850000,15124,3.014503,60.00117,0,14992,-1.167016,59.92889,0,15245.6,0.924714,60.13056,0,43.6114,3.086332,60.04430,1,31.8913,-1.094894,59.73773,1,29.977,0.876150,59.96270,1,POW
1902,15.858333,15212.9,3.016212,60.03264,0,14930.6,-1.161462,60.10608,0,15211,0.919649,59.90325,0,43.6104,3.086332,60.00000,1,31.5898,-1.078049,60.32172,1,30.0634,0.879263,60.05945,1,POW
1903,15.866667,15122.8,3.016273,60.00117,0,14990.5,-1.165246,59.92773,0,15243.7,0.926484,60.13056,0,43.4765,3.088469,60.04080,1,31.8058,-1.092331,59.72724,1,29.8551,0.878103,59.97785,1,POW
1904,15.875000,15210,3.017677,60.02681,0,14927.5,-1.160058,60.09908,0,15208.2,0.921052,59.89625,0,43.6891,3.088957,60.00933,1,31.6738,-1.074387,60.34271,1,30.1615,0.883762,60.10808,1,POW
1905,15.883333,15121.9,3.017433,59.99534,0,14989.9,-1.164025,59.92423,0,15242.5,0.927705,60.12705,0,43.7487,3.091215,60.04313,1,32.0633,-1.087631,59.74705,1,30.1073,0.884129,60.00699,1,POW
1906,15.891667,15211.4,3.019202,60.03380,0,14928.4,-1.158412,60.10720,0,15209.2,0.922578,59.90209,0,43.9863,3.091459,60.00466,1,31.9614,-1.071457,60.30890,1,30.4208,0.886143,60.03847,1,POW
1907,15.900000,15122.4,3.018958,59.99534,0,14990.6,-1.162377,59.92427,0,15242.7,0.929231,60.12705,0,43.9333,3.093962,60.04779,1,32.2727,-1.085129,59.73889,1,30.2952,0.888645,60.04779,1,POW
1908,15.908333,15212.3,3.020850,60.03614,0,14930,-1.156703,60.10837,0,15209.8,0.924287,59.90558,0,44.1147,3.094267,60.00583,1,32.1404,-1.069077,60.30657,1,30.5832,0.890049,60.02681,1,POW
1909,15.916667,15118.9,3.020545,59.99417,0,14987.3,-1.160851,59.92078,0,15240.2,0.930757,60.12356,0,43.9995,3.095974,60.03260,1,32.3082,-1.083725,59.72024,1,30.3631,0.890781,60.01399,1,POW
1910,15.925000,15211.2,3.022315,60.03380,0,14929.8,-1.155299,60.10604,0,15209.7,0.925813,59.90558,0,44.3654,3.096157,60.00350,1,32.3178,-1.066635,60.32639,1,30.7418,0.893650,60.05479,1,POW
1911,15.933333,15121.2,3.022315,60.00000,0,14989.3,-1.159083,59.92773,0,15242.1,0.932588,60.12939,0,44.4219,3.098720,60.04896,1,32.6778,-1.080796,59.72956,1,30.7419,0.894444,60.01515,1,POW
1912,15.941667,15213.4,3.024146,60.03497,0,14930.9,-1.153468,60.10724,0,15211.2,0.927583,59.90441,0,44.6753,3.097561,59.97785,1,32.584,-1.064822,60.30508,1,31.033,0.894688,60.00466,1,POW
1913,15.950000,15119.3,3.023902,59.99534,0,14987.1,-1.157435,59.92423,0,15240,0.934175,60.12589,0,44.4186,3.099697,60.04080,1,32.6297,-1.080246,59.70542,1,30.7357,0.895847,60.02214,1,POW
1914,15.958333,15213.6,3.025611,60.03264,0,14930.8,-1.152003,60.10375,0,15210.2,0.929048,59.90208,0,44.3715,3.098476,59.97669,1,32.3073,-1.064211,60.30624,1,30.7391,0.893955,59.96387,1,POW
1915,15.966667,15119.6,3.025428,59.99650,0,14987.8,-1.155787,59.92773,0,15239.2,0.935761,60.12822,0,44.1212,3.100368,60.03614,1,32.3798,-1.079270,59.71241,1,30.4553,0.895725,60.03380,1,POW
1916,15.975000,15213.4,3.027198,60.03380,0,14930.3,-1.150538,60.10025,0,15211,0.930574,59.90092,0,44.1432,3.102321,60.03730,1,32.2228,-1.062136,60.32722,1,30.6595,0.895969,60.00466,1,POW
1917,15.983333,15122.2,3.027137,59.99883,0,14990.4,-1.154201,59.93006,0,15242.6,0.937470,60.13172,0,44.0667,3.103847,60.02914,1,32.4931,-1.076645,59.72290,1,30.5414,0.896885,60.01749,1,POW
1918,15.991667,15213.1,3.028907,60.03380,0,14930.2,-1.148830,60.10258,0,15211.2,0.932283,59.90092,0,44.1554,3.104824,60.01865,1,32.2952,-1.060366,60.31090,1,30.726,0.897434,60.01049,1,POW
1919,16.000000,14461.8,3.152805,62.36629,0,911.704,-0.123244,79.58723,0,13874.9,0.020168,42.57989,0,46.3798,3.153294,60.92571,1,1.11124,3.373625,24.68299,1,26.3404,0.020778,43.25710,1,POW
