feeder,report,offset_bytes,n_ch,n_samples
45,2,0,6,128
45,3,3072,6,128
45,4,6144,6,128
45,5,9216,6,128
45,6,12288,6,128
45,7,15360,6,128
45,8,18432,6,128
45,9,21504,6,128
45,10,24576,6,128
45,11,27648,6,128
45,12,30720,6,128
45,13,33792,6,128
45,14,36864,6,128
10,9,39936,6,128
10,10,43008,6,128
10,11,46080,6,128
10,12,49152,6,128
10,13,52224,6,128
10,14,55296,6,128
10,15,58368,6,128
45,15,61440,6,128
10,16,64512,6,128
45,16,67584,6,128
10,17,70656,6,128
45,17,73728,6,128
8,12,76800,6,128
8,13,79872,6,128
8,14,82944,6,128
8,15,86016,6,128
8,16,89088,6,128
8,17,92160,6,128
8,18,95232,6,128
10,18,98304,6,128
45,18,101376,6,128
8,19,104448,6,128
10,19,107520,6,128
22,13,110592,6,128
22,14,113664,6,128
22,15,116736,6,128
22,16,119808,6,128
22,17,122880,6,128
22,18,125952,6,128
22,19,129024,6,128
45,19,132096,6,128
8,20,135168,6,128
10,20,138240,6,128
22,20,141312,6,128
45,20,144384,6,128
8,21,147456,6,128
10,21,150528,6,128
22,21,153600,6,128
45,21,156672,6,128
8,22,159744,6,128
10,22,162816,6,128
22,22,165888,6,128
45,22,168960,6,128
8,23,172032,6,128
10,23,175104,6,128
22,23,178176,6,128
45,23,181248,6,128
8,24,184320,6,128
10,24,187392,6,128
22,24,190464,6,128
8,25,193536,6,128
10,25,196608,6,128
22,25,199680,6,128
35,19,202752,6,128
35,20,205824,6,128
35,21,208896,6,128
35,22,211968,6,128
35,23,215040,6,128
35,24,218112,6,128
35,25,221184,6,128
8,26,224256,6,128
10,26,227328,6,128
22,26,230400,6,128
35,26,233472,6,128
8,27,236544,6,128
10,27,239616,6,128
22,27,242688,6,128
35,27,245760,6,128
8,28,248832,6,128
10,28,251904,6,128
22,28,254976,6,128
35,28,258048,6,128
8,29,261120,6,128
10,29,264192,6,128
22,29,267264,6,128
35,29,270336,6,128
8,30,273408,6,128
10,30,276480,6,128
22,30,279552,6,128
35,30,282624,6,128
8,31,285696,6,128
10,31,288768,6,128
22,31,291840,6,128
35,31,294912,6,128
8,32,297984,6,128
10,32,301056,6,128
22,32,304128,6,128
35,32,307200,6,128
42,26,310272,6,128
42,27,313344,6,128
42,28,316416,6,128
42,29,319488,6,128
42,30,322560,6,128
42,31,325632,6,128
42,32,328704,6,128
8,33,331776,6,128
22,33,334848,6,128
35,33,337920,6,128
42,33,340992,6,128
22,34,344064,6,128
35,34,347136,6,128
42,34,350208,6,128
22,35,353280,6,128
35,35,356352,6,128
42,35,359424,6,128
22,36,362496,6,128
35,36,365568,6,128
42,36,368640,6,128
35,37,371712,6,128
42,37,374784,6,128
35,38,377856,6,128
42,38,380928,6,128
28,33,384000,6,128
28,34,387072,6,128
28,35,390144,6,128
28,36,393216,6,128
28,37,396288,6,128
28,38,399360,6,128
28,39,402432,6,128
35,39,405504,6,128
42,39,408576,6,128
28,40,411648,6,128
35,40,414720,6,128
42,40,417792,6,128
28,41,420864,6,128
42,41,423936,6,128
28,42,427008,6,128
42,42,430080,6,128
28,43,433152,6,128
42,43,436224,6,128
28,44,439296,6,128
42,44,442368,6,128
28,45,445440,6,128
42,45,448512,6,128
28,46,451584,6,128
42,46,454656,6,128
28,47,457728,6,128
42,47,460800,6,128
6,42,463872,6,128
6,43,466944,6,128
6,44,470016,6,128
6,45,473088,6,128
6,46,476160,6,128
6,47,479232,6,128
6,48,482304,6,128
28,48,485376,6,128
61,42,488448,6,128
61,43,491520,6,128
61,44,494592,6,128
61,45,497664,6,128
61,46,500736,6,128
61,47,503808,6,128
61,48,506880,6,128
6,49,509952,6,128
28,49,513024,6,128
61,49,516096,6,128
6,50,519168,6,128
28,50,522240,6,128
61,50,525312,6,128
6,51,528384,6,128
28,51,531456,6,128
61,51,534528,6,128
6,52,537600,6,128
28,52,540672,6,128
61,52,543744,6,128
6,53,546816,6,128
28,53,549888,6,128
61,53,552960,6,128
6,54,556032,6,128
28,54,559104,6,128
61,54,562176,6,128
69,48,565248,6,128
69,49,568320,6,128
69,50,571392,6,128
69,51,574464,6,128
69,52,577536,6,128
69,53,580608,6,128
69,54,583680,6,128
6,55,586752,6,128
31,49,589824,6,128
31,50,592896,6,128
31,51,595968,6,128
31,52,599040,6,128
31,53,602112,6,128
31,54,605184,6,128
31,55,608256,6,128
61,55,611328,6,128
69,55,614400,6,128
6,56,617472,6,128
31,56,620544,6,128
61,56,623616,6,128
69,56,626688,6,128
6,57,629760,6,128
31,57,632832,6,128
61,57,635904,6,128
69,57,638976,6,128
6,58,642048,6,128
31,58,645120,6,128
61,58,648192,6,128
69,58,651264,6,128
6,59,654336,6,128
31,59,657408,6,128
61,59,660480,6,128
69,59,663552,6,128
1,54,666624,6,128
1,55,669696,6,128
1,56,672768,6,128
1,57,675840,6,128
1,58,678912,6,128
1,59,681984,6,128
1,60,685056,6,128
6,60,688128,6,128
31,60,691200,6,128
61,60,694272,6,128
69,60,697344,6,128
1,61,700416,6,128
6,61,703488,6,128
31,61,706560,6,128
61,61,709632,6,128
69,61,712704,6,128
1,62,715776,6,128
6,62,718848,6,128
31,62,721920,6,128
61,62,724992,6,128
69,62,728064,6,128
1,63,731136,6,128
6,63,734208,6,128
31,63,737280,6,128
61,63,740352,6,128
69,63,743424,6,128
1,64,746496,6,128
31,64,749568,6,128
61,64,752640,6,128
69,64,755712,6,128
1,65,758784,6,128
31,65,761856,6,128
61,65,764928,6,128
69,65,768000,6,128
1,66,771072,6,128
31,66,774144,6,128
69,66,777216,6,128
1,67,780288,6,128
31,67,783360,6,128
69,67,786432,6,128
1,68,789504,6,128
26,62,792576,6,128
26,63,795648,6,128
26,64,798720,6,128
26,65,801792,6,128
26,66,804864,6,128
26,67,807936,6,128
26,68,811008,6,128
31,68,814080,6,128
69,68,817152,6,128
1,69,820224,6,128
26,69,823296,6,128
31,69,826368,6,128
69,69,829440,6,128
1,70,832512,6,128
26,70,835584,6,128
31,70,838656,6,128
69,70,841728,6,128
1,71,844800,6,128
26,71,847872,6,128
31,71,850944,6,128
69,71,854016,6,128
1,72,857088,6,128
26,72,860160,6,128
31,72,863232,6,128
1,73,866304,6,128
26,73,869376,6,128
1,74,872448,6,128
26,74,875520,6,128
1,75,878592,6,128
26,75,881664,6,128
34,69,884736,6,128
34,70,887808,6,128
34,71,890880,6,128
34,72,893952,6,128
34,73,897024,6,128
34,74,900096,6,128
34,75,903168,6,128
1,76,906240,6,128
26,76,909312,6,128
34,76,912384,6,128
1,77,915456,6,128
26,77,918528,6,128
34,77,921600,6,128
26,78,924672,6,128
34,78,927744,6,128
26,79,930816,6,128
34,79,933888,6,128
26,80,936960,6,128
34,80,940032,6,128
26,81,943104,6,128
34,81,946176,6,128
26,82,949248,6,128
34,82,952320,6,128
26,83,955392,6,128
34,83,958464,6,128
26,84,961536,6,128
34,84,964608,6,128
26,85,967680,6,128
34,85,970752,6,128
34,86,973824,6,128
77,80,976896,6,128
77,81,979968,6,128
77,82,983040,6,128
77,83,986112,6,128
77,84,989184,6,128
77,85,992256,6,128
77,86,995328,6,128
34,87,998400,6,128
77,87,1001472,6,128
34,88,1004544,6,128
77,88,1007616,6,128
7,83,1010688,6,128
7,84,1013760,6,128
7,85,1016832,6,128
7,86,1019904,6,128
7,87,1022976,6,128
7,88,1026048,6,128
7,89,1029120,6,128
34,89,1032192,6,128
77,89,1035264,6,128
7,90,1038336,6,128
34,90,1041408,6,128
65,84,1044480,6,128
65,85,1047552,6,128
65,86,1050624,6,128
65,87,1053696,6,128
65,88,1056768,6,128
65,89,1059840,6,128
65,90,1062912,6,128
77,90,1065984,6,128
7,91,1069056,6,128
34,91,1072128,6,128
65,91,1075200,6,128
77,91,1078272,6,128
7,92,1081344,6,128
34,92,1084416,6,128
65,92,1087488,6,128
77,92,1090560,6,128
7,93,1093632,6,128
65,93,1096704,6,128
77,93,1099776,6,128
7,94,1102848,6,128
65,94,1105920,6,128
77,94,1108992,6,128
7,95,1112064,6,128
37,89,1115136,6,128
37,90,1118208,6,128
37,91,1121280,6,128
37,92,1124352,6,128
37,93,1127424,6,128
37,94,1130496,6,128
37,95,1133568,6,128
65,95,1136640,6,128
77,95,1139712,6,128
7,96,1142784,6,128
37,96,1145856,6,128
65,96,1148928,6,128
77,96,1152000,6,128
7,97,1155072,6,128
37,97,1158144,6,128
65,97,1161216,6,128
77,97,1164288,6,128
7,98,1167360,6,128
37,98,1170432,6,128
65,98,1173504,6,128
77,98,1176576,6,128
7,99,1179648,6,128
37,99,1182720,6,128
65,99,1185792,6,128
77,99,1188864,6,128
7,100,1191936,6,128
37,100,1195008,6,128
65,100,1198080,6,128
77,100,1201152,6,128
7,101,1204224,6,128
37,101,1207296,6,128
65,101,1210368,6,128
77,101,1213440,6,128
7,102,1216512,6,128
37,102,1219584,6,128
65,102,1222656,6,128
7,103,1225728,6,128
37,103,1228800,6,128
65,103,1231872,6,128
7,104,1234944,6,128
37,104,1238016,6,128
65,104,1241088,6,128
37,105,1244160,6,128
65,105,1247232,6,128
33,100,1250304,6,128
33,101,1253376,6,128
33,102,1256448,6,128
33,103,1259520,6,128
33,104,1262592,6,128
33,105,1265664,6,128
33,106,1268736,6,128
37,106,1271808,6,128
65,106,1274880,6,128
33,107,1277952,6,128
37,107,1281024,6,128
65,107,1284096,6,128
76,101,1287168,6,128
76,102,1290240,6,128
76,103,1293312,6,128
76,104,1296384,6,128
76,105,1299456,6,128
76,106,1302528,6,128
76,107,1305600,6,128
33,108,1308672,6,128
37,108,1311744,6,128
76,108,1314816,6,128
92,102,1317888,6,128
92,103,1320960,6,128
92,104,1324032,6,128
92,105,1327104,6,128
92,106,1330176,6,128
92,107,1333248,6,128
92,108,1336320,6,128
33,109,1339392,6,128
37,109,1342464,6,128
76,109,1345536,6,128
92,109,1348608,6,128
33,110,1351680,6,128
37,110,1354752,6,128
76,110,1357824,6,128
92,110,1360896,6,128
33,111,1363968,6,128
76,111,1367040,6,128
92,111,1370112,6,128
33,112,1373184,6,128
76,112,1376256,6,128
92,112,1379328,6,128
33,113,1382400,6,128
76,113,1385472,6,128
92,113,1388544,6,128
33,114,1391616,6,128
76,114,1394688,6,128
92,114,1397760,6,128
33,115,1400832,6,128
76,115,1403904,6,128
92,115,1406976,6,128
33,116,1410048,6,128
76,116,1413120,6,128
92,116,1416192,6,128
33,117,1419264,6,128
76,117,1422336,6,128
92,117,1425408,6,128
33,118,1428480,6,128
76,118,1431552,6,128
92,118,1434624,6,128
33,119,1437696,6,128
76,119,1440768,6,128
92,119,1443840,6,128
33,120,1446912,6,128
76,120,1449984,6,128
92,120,1453056,6,128
33,121,1456128,6,128
76,121,1459200,6,128
92,121,1462272,6,128
76,122,1465344,6,128
92,122,1468416,6,128
76,123,1471488,6,128
92,123,1474560,6,128
76,124,1477632,6,128
92,124,1480704,6,128
92,125,1483776,6,128
12,129,1486848,6,128
12,130,1489920,6,128
12,131,1492992,6,128
12,132,1496064,6,128
12,133,1499136,6,128
12,134,1502208,6,128
12,135,1505280,6,128
12,136,1508352,6,128
12,137,1511424,6,128
12,138,1514496,6,128
12,139,1517568,6,128
12,140,1520640,6,128
12,141,1523712,6,128
12,142,1526784,6,128
12,143,1529856,6,128
12,144,1532928,6,128
12,145,1536000,6,128
12,146,1539072,6,128
12,147,1542144,6,128
12,148,1545216,6,128
44,142,1548288,6,128
44,143,1551360,6,128
44,144,1554432,6,128
44,145,1557504,6,128
44,146,1560576,6,128
44,147,1563648,6,128
44,148,1566720,6,128
12,149,1569792,6,128
44,149,1572864,6,128
12,150,1575936,6,128
44,150,1579008,6,128
12,151,1582080,6,128
44,151,1585152,6,128
12,152,1588224,6,128
44,152,1591296,6,128
44,153,1594368,6,128
44,154,1597440,6,128
44,155,1600512,6,128
44,156,1603584,6,128
44,157,1606656,6,128
44,158,1609728,6,128
44,159,1612800,6,128
44,160,1615872,6,128
78,154,1618944,6,128
78,155,1622016,6,128
78,156,1625088,6,128
78,157,1628160,6,128
78,158,1631232,6,128
78,159,1634304,6,128
78,160,1637376,6,128
44,161,1640448,6,128
66,155,1643520,6,128
66,156,1646592,6,128
66,157,1649664,6,128
66,158,1652736,6,128
66,159,1655808,6,128
66,160,1658880,6,128
66,161,1661952,6,128
78,161,1665024,6,128
20,156,1668096,6,128
20,157,1671168,6,128
20,158,1674240,6,128
20,159,1677312,6,128
20,160,1680384,6,128
20,161,1683456,6,128
20,162,1686528,6,128
44,162,1689600,6,128
66,162,1692672,6,128
78,162,1695744,6,128
20,163,1698816,6,128
44,163,1701888,6,128
66,163,1704960,6,128
78,163,1708032,6,128
20,164,1711104,6,128
66,164,1714176,6,128
78,164,1717248,6,128
20,165,1720320,6,128
66,165,1723392,6,128
78,165,1726464,6,128
20,166,1729536,6,128
66,166,1732608,6,128
78,166,1735680,6,128
20,167,1738752,6,128
66,167,1741824,6,128
78,167,1744896,6,128
20,168,1747968,6,128
66,168,1751040,6,128
78,168,1754112,6,128
20,169,1757184,6,128
66,169,1760256,6,128
78,169,1763328,6,128
20,170,1766400,6,128
66,170,1769472,6,128
78,170,1772544,6,128
20,171,1775616,6,128
66,171,1778688,6,128
78,171,1781760,6,128
20,172,1784832,6,128
66,172,1787904,6,128
78,172,1790976,6,128
20,173,1794048,6,128
66,173,1797120,6,128
78,173,1800192,6,128
20,174,1803264,6,128
66,174,1806336,6,128
78,174,1809408,6,128
20,175,1812480,6,128
66,175,1815552,6,128
78,175,1818624,6,128
20,176,1821696,6,128
66,176,1824768,6,128
78,176,1827840,6,128
20,177,1830912,6,128
78,177,1833984,6,128
20,178,1837056,6,128
20,179,1840128,6,128
59,174,1843200,6,128
59,175,1846272,6,128
59,176,1849344,6,128
59,177,1852416,6,128
59,178,1855488,6,128
59,179,1858560,6,128
59,180,1861632,6,128
59,181,1864704,6,128
59,182,1867776,6,128
59,183,1870848,6,128
59,184,1873920,6,128
59,185,1876992,6,128
59,186,1880064,6,128
59,187,1883136,6,128
59,188,1886208,6,128
59,189,1889280,6,128
59,190,1892352,6,128
59,191,1895424,6,128
59,192,1898496,6,128
59,193,1901568,6,128
59,194,1904640,6,128
59,195,1907712,6,128
59,196,1910784,6,128
59,197,1913856,6,128
15,198,1916928,6,128
15,199,1920000,6,128
15,200,1923072,6,128
15,201,1926144,6,128
15,202,1929216,6,128
15,203,1932288,6,128
15,204,1935360,6,128
15,205,1938432,6,128
15,206,1941504,6,128
15,207,1944576,6,128
15,208,1947648,6,128
9,203,1950720,6,128
9,204,1953792,6,128
9,205,1956864,6,128
9,206,1959936,6,128
9,207,1963008,6,128
9,208,1966080,6,128
9,209,1969152,6,128
15,209,1972224,6,128
32,203,1975296,6,128
32,204,1978368,6,128
32,205,1981440,6,128
32,206,1984512,6,128
32,207,1987584,6,128
32,208,1990656,6,128
32,209,1993728,6,128
9,210,1996800,6,128
15,210,1999872,6,128
32,210,2002944,6,128
9,211,2006016,6,128
15,211,2009088,6,128
32,211,2012160,6,128
9,212,2015232,6,128
15,212,2018304,6,128
32,212,2021376,6,128
9,213,2024448,6,128
15,213,2027520,6,128
32,213,2030592,6,128
9,214,2033664,6,128
15,214,2036736,6,128
32,214,2039808,6,128
9,215,2042880,6,128
15,215,2045952,6,128
32,215,2049024,6,128
9,216,2052096,6,128
15,216,2055168,6,128
32,216,2058240,6,128
9,217,2061312,6,128
15,217,2064384,6,128
32,217,2067456,6,128
56,211,2070528,6,128
56,212,2073600,6,128
56,213,2076672,6,128
56,214,2079744,6,128
56,215,2082816,6,128
56,216,2085888,6,128
56,217,2088960,6,128
9,218,2092032,6,128
15,218,2095104,6,128
32,218,2098176,6,128
56,218,2101248,6,128
9,219,2104320,6,128
15,219,2107392,6,128
32,219,2110464,6,128
56,219,2113536,6,128
9,220,2116608,6,128
15,220,2119680,6,128
32,220,2122752,6,128
56,220,2125824,6,128
9,221,2128896,6,128
15,221,2131968,6,128
32,221,2135040,6,128
56,221,2138112,6,128
9,222,2141184,6,128
32,222,2144256,6,128
56,222,2147328,6,128
9,223,2150400,6,128
32,223,2153472,6,128
56,223,2156544,6,128
9,224,2159616,6,128
32,224,2162688,6,128
56,224,2165760,6,128
56,225,2168832,6,128
56,226,2171904,6,128
56,227,2174976,6,128
56,228,2178048,6,128
56,229,2181120,6,128
56,230,2184192,6,128
56,231,2187264,6,128
56,232,2190336,6,128
56,233,2193408,6,128
56,234,2196480,6,128
54,230,2199552,6,128
54,231,2202624,6,128
54,232,2205696,6,128
54,233,2208768,6,128
54,234,2211840,6,128
54,235,2214912,6,128
54,236,2217984,6,128
54,237,2221056,6,128
54,238,2224128,6,128
54,239,2227200,6,128
0,234,2230272,6,128
0,235,2233344,6,128
0,236,2236416,6,128
0,237,2239488,6,128
0,238,2242560,6,128
0,239,2245632,6,128
0,240,2248704,6,128
54,240,2251776,6,128
0,241,2254848,6,128
54,241,2257920,6,128
0,242,2260992,6,128
54,242,2264064,6,128
0,243,2267136,6,128
24,237,2270208,6,128
24,238,2273280,6,128
24,239,2276352,6,128
24,240,2279424,6,128
24,241,2282496,6,128
24,242,2285568,6,128
24,243,2288640,6,128
54,243,2291712,6,128
0,244,2294784,6,128
24,244,2297856,6,128
54,244,2300928,6,128
0,245,2304000,6,128
24,245,2307072,6,128
54,245,2310144,6,128
0,246,2313216,6,128
24,246,2316288,6,128
43,240,2319360,6,128
43,241,2322432,6,128
43,242,2325504,6,128
43,243,2328576,6,128
43,244,2331648,6,128
43,245,2334720,6,128
43,246,2337792,6,128
54,246,2340864,6,128
0,247,2343936,6,128
24,247,2347008,6,128
43,247,2350080,6,128
54,247,2353152,6,128
0,248,2356224,6,128
24,248,2359296,6,128
43,248,2362368,6,128
54,248,2365440,6,128
0,249,2368512,6,128
24,249,2371584,6,128
43,249,2374656,6,128
45,243,2377728,6,128
45,244,2380800,6,128
45,245,2383872,6,128
45,246,2386944,6,128
45,247,2390016,6,128
45,248,2393088,6,128
45,249,2396160,6,128
54,249,2399232,6,128
0,250,2402304,6,128
24,250,2405376,6,128
43,250,2408448,6,128
45,250,2411520,6,128
54,250,2414592,6,128
0,251,2417664,6,128
24,251,2420736,6,128
43,251,2423808,6,128
45,251,2426880,6,128
54,251,2429952,6,128
0,252,2433024,6,128
24,252,2436096,6,128
43,252,2439168,6,128
45,252,2442240,6,128
54,252,2445312,6,128
0,253,2448384,6,128
24,253,2451456,6,128
43,253,2454528,6,128
45,253,2457600,6,128
54,253,2460672,6,128
0,254,2463744,6,128
24,254,2466816,6,128
43,254,2469888,6,128
45,254,2472960,6,128
0,255,2476032,6,128
24,255,2479104,6,128
43,255,2482176,6,128
45,255,2485248,6,128
0,256,2488320,6,128
24,256,2491392,6,128
43,256,2494464,6,128
45,256,2497536,6,128
0,257,2500608,6,128
24,257,2503680,6,128
43,257,2506752,6,128
45,257,2509824,6,128
24,258,2512896,6,128
43,258,2515968,6,128
45,258,2519040,6,128
8,253,2522112,6,128
8,254,2525184,6,128
8,255,2528256,6,128
8,256,2531328,6,128
8,257,2534400,6,128
8,258,2537472,6,128
8,259,2540544,6,128
24,259,2543616,6,128
43,259,2546688,6,128
45,259,2549760,6,128
8,260,2552832,6,128
24,260,2555904,6,128
43,260,2558976,6,128
45,260,2562048,6,128
8,261,2565120,6,128
43,261,2568192,6,128
45,261,2571264,6,128
8,262,2574336,6,128
43,262,2577408,6,128
45,262,2580480,6,128
8,263,2583552,6,128
43,263,2586624,6,128
45,263,2589696,6,128
8,264,2592768,6,128
45,264,2595840,6,128
8,265,2598912,6,128
45,265,2601984,6,128
8,266,2605056,6,128
35,260,2608128,6,128
35,261,2611200,6,128
35,262,2614272,6,128
35,263,2617344,6,128
35,264,2620416,6,128
35,265,2623488,6,128
35,266,2626560,6,128
45,266,2629632,6,128
8,267,2632704,6,128
35,267,2635776,6,128
8,268,2638848,6,128
35,268,2641920,6,128
8,269,2644992,6,128
35,269,2648064,6,128
8,270,2651136,6,128
35,270,2654208,6,128
8,271,2657280,6,128
35,271,2660352,6,128
94,265,2663424,6,128
94,266,2666496,6,128
94,267,2669568,6,128
94,268,2672640,6,128
94,269,2675712,6,128
94,270,2678784,6,128
94,271,2681856,6,128
8,272,2684928,6,128
35,272,2688000,6,128
94,272,2691072,6,128
8,273,2694144,6,128
35,273,2697216,6,128
42,267,2700288,6,128
42,268,2703360,6,128
42,269,2706432,6,128
42,270,2709504,6,128
42,271,2712576,6,128
42,272,2715648,6,128
42,273,2718720,6,128
94,273,2721792,6,128
8,274,2724864,6,128
35,274,2727936,6,128
42,274,2731008,6,128
94,274,2734080,6,128
8,275,2737152,6,128
35,275,2740224,6,128
42,275,2743296,6,128
94,275,2746368,6,128
8,276,2749440,6,128
35,276,2752512,6,128
42,276,2755584,6,128
94,276,2758656,6,128
35,277,2761728,6,128
42,277,2764800,6,128
94,277,2767872,6,128
35,278,2770944,6,128
42,278,2774016,6,128
94,278,2777088,6,128
35,279,2780160,6,128
42,279,2783232,6,128
94,279,2786304,6,128
28,274,2789376,6,128
28,275,2792448,6,128
28,276,2795520,6,128
28,277,2798592,6,128
28,278,2801664,6,128
28,279,2804736,6,128
28,280,2807808,6,128
35,280,2810880,6,128
42,280,2813952,6,128
94,280,2817024,6,128
28,281,2820096,6,128
35,281,2823168,6,128
42,281,2826240,6,128
94,281,2829312,6,128
28,282,2832384,6,128
35,282,2835456,6,128
42,282,2838528,6,128
94,282,2841600,6,128
28,283,2844672,6,128
35,283,2847744,6,128
42,283,2850816,6,128
94,283,2853888,6,128
28,284,2856960,6,128
42,284,2860032,6,128
94,284,2863104,6,128
28,285,2866176,6,128
42,285,2869248,6,128
94,285,2872320,6,128
28,286,2875392,6,128
42,286,2878464,6,128
94,286,2881536,6,128
28,287,2884608,6,128
42,287,2887680,6,128
28,288,2890752,6,128
42,288,2893824,6,128
6,283,2896896,6,128
6,284,2899968,6,128
6,285,2903040,6,128
6,286,2906112,6,128
6,287,2909184,6,128
6,288,2912256,6,128
6,289,2915328,6,128
28,289,2918400,6,128
42,289,2921472,6,128
6,290,2924544,6,128
28,290,2927616,6,128
42,290,2930688,6,128
6,291,2933760,6,128
28,291,2936832,6,128
6,292,2939904,6,128
28,292,2942976,6,128
6,293,2946048,6,128
28,293,2949120,6,128
6,294,2952192,6,128
28,294,2955264,6,128
6,295,2958336,6,128
28,295,2961408,6,128
6,296,2964480,6,128
28,296,2967552,6,128
6,297,2970624,6,128
28,297,2973696,6,128
6,298,2976768,6,128
6,299,2979840,6,128
6,300,2982912,6,128
6,301,2985984,6,128
6,302,2989056,6,128
6,303,2992128,6,128
6,304,2995200,6,128
83,298,2998272,6,128
83,299,3001344,6,128
83,300,3004416,6,128
83,301,3007488,6,128
83,302,3010560,6,128
83,303,3013632,6,128
83,304,3016704,6,128
6,305,3019776,6,128
83,305,3022848,6,128
6,306,3025920,6,128
83,306,3028992,6,128
49,301,3032064,6,128
49,302,3035136,6,128
49,303,3038208,6,128
49,304,3041280,6,128
49,305,3044352,6,128
49,306,3047424,6,128
49,307,3050496,6,128
83,307,3053568,6,128
49,308,3056640,6,128
83,308,3059712,6,128
49,309,3062784,6,128
83,309,3065856,6,128
49,310,3068928,6,128
83,310,3072000,6,128
49,311,3075072,6,128
83,311,3078144,6,128
49,312,3081216,6,128
83,312,3084288,6,128
49,313,3087360,6,128
83,313,3090432,6,128
49,314,3093504,6,128
83,314,3096576,6,128
49,315,3099648,6,128
83,315,3102720,6,128
93,309,3105792,6,128
93,310,3108864,6,128
93,311,3111936,6,128
93,312,3115008,6,128
93,313,3118080,6,128
93,314,3121152,6,128
93,315,3124224,6,128
49,316,3127296,6,128
83,316,3130368,6,128
93,316,3133440,6,128
49,317,3136512,6,128
83,317,3139584,6,128
93,317,3142656,6,128
49,318,3145728,6,128
83,318,3148800,6,128
93,318,3151872,6,128
49,319,3154944,6,128
83,319,3158016,6,128
93,319,3161088,6,128
49,320,3164160,6,128
93,320,3167232,6,128
49,321,3170304,6,128
93,321,3173376,6,128
4,316,3176448,6,128
4,317,3179520,6,128
4,318,3182592,6,128
4,319,3185664,6,128
4,320,3188736,6,128
4,321,3191808,6,128
4,322,3194880,6,128
49,322,3197952,6,128
93,322,3201024,6,128
4,323,3204096,6,128
93,323,3207168,6,128
4,324,3210240,6,128
93,324,3213312,6,128
4,325,3216384,6,128
93,325,3219456,6,128
4,326,3222528,6,128
93,326,3225600,6,128
4,327,3228672,6,128
77,321,3231744,6,128
77,322,3234816,6,128
77,323,3237888,6,128
77,324,3240960,6,128
77,325,3244032,6,128
77,326,3247104,6,128
77,327,3250176,6,128
93,327,3253248,6,128
4,328,3256320,6,128
77,328,3259392,6,128
93,328,3262464,6,128
4,329,3265536,6,128
77,329,3268608,6,128
93,329,3271680,6,128
4,330,3274752,6,128
7,324,3277824,6,128
7,325,3280896,6,128
7,326,3283968,6,128
7,327,3287040,6,128
7,328,3290112,6,128
7,329,3293184,6,128
7,330,3296256,6,128
77,330,3299328,6,128
93,330,3302400,6,128
4,331,3305472,6,128
7,331,3308544,6,128
21,325,3311616,6,128
21,326,3314688,6,128
21,327,3317760,6,128
21,328,3320832,6,128
21,329,3323904,6,128
21,330,3326976,6,128
21,331,3330048,6,128
77,331,3333120,6,128
4,332,3336192,6,128
7,332,3339264,6,128
21,332,3342336,6,128
77,332,3345408,6,128
4,333,3348480,6,128
7,333,3351552,6,128
21,333,3354624,6,128
77,333,3357696,6,128
4,334,3360768,6,128
7,334,3363840,6,128
21,334,3366912,6,128
77,334,3369984,6,128
4,335,3373056,6,128
7,335,3376128,6,128
21,335,3379200,6,128
77,335,3382272,6,128
4,336,3385344,6,128
7,336,3388416,6,128
21,336,3391488,6,128
37,330,3394560,6,128
37,331,3397632,6,128
37,332,3400704,6,128
37,333,3403776,6,128
37,334,3406848,6,128
37,335,3409920,6,128
37,336,3412992,6,128
77,336,3416064,6,128
4,337,3419136,6,128
7,337,3422208,6,128
21,337,3425280,6,128
37,337,3428352,6,128
77,337,3431424,6,128
7,338,3434496,6,128
21,338,3437568,6,128
37,338,3440640,6,128
77,338,3443712,6,128
7,339,3446784,6,128
21,339,3449856,6,128
37,339,3452928,6,128
77,339,3456000,6,128
7,340,3459072,6,128
21,340,3462144,6,128
37,340,3465216,6,128
77,340,3468288,6,128
7,341,3471360,6,128
21,341,3474432,6,128
37,341,3477504,6,128
77,341,3480576,6,128
7,342,3483648,6,128
21,342,3486720,6,128
37,342,3489792,6,128
77,342,3492864,6,128
7,343,3495936,6,128
21,343,3499008,6,128
37,343,3502080,6,128
77,343,3505152,6,128
7,344,3508224,6,128
21,344,3511296,6,128
37,344,3514368,6,128
77,344,3517440,6,128
7,345,3520512,6,128
21,345,3523584,6,128
37,345,3526656,6,128
7,346,3529728,6,128
21,346,3532800,6,128
37,346,3535872,6,128
7,347,3538944,6,128
33,341,3542016,6,128
33,342,3545088,6,128
33,343,3548160,6,128
33,344,3551232,6,128
33,345,3554304,6,128
33,346,3557376,6,128
33,347,3560448,6,128
37,347,3563520,6,128
33,348,3566592,6,128
37,348,3569664,6,128
33,349,3572736,6,128
37,349,3575808,6,128
33,350,3578880,6,128
37,350,3581952,6,128
33,351,3585024,6,128
37,351,3588096,6,128
33,352,3591168,6,128
37,352,3594240,6,128
33,353,3597312,6,128
37,353,3600384,6,128
33,354,3603456,6,128
33,355,3606528,6,128
33,356,3609600,6,128
33,357,3612672,6,128
33,358,3615744,6,128
38,352,3618816,6,128
38,353,3621888,6,128
38,354,3624960,6,128
38,355,3628032,6,128
38,356,3631104,6,128
38,357,3634176,6,128
38,358,3637248,6,128
33,359,3640320,6,128
38,359,3643392,6,128
33,360,3646464,6,128
38,360,3649536,6,128
33,361,3652608,6,128
38,361,3655680,6,128
33,362,3658752,6,128
38,362,3661824,6,128
33,363,3664896,6,128
38,363,3667968,6,128
33,364,3671040,6,128
38,364,3674112,6,128
38,365,3677184,6,128
38,366,3680256,6,128
38,367,3683328,6,128
5,362,3686400,6,128
5,363,3689472,6,128
5,364,3692544,6,128
5,365,3695616,6,128
5,366,3698688,6,128
5,367,3701760,6,128
5,368,3704832,6,128
38,368,3707904,6,128
5,369,3710976,6,128
38,369,3714048,6,128
5,370,3717120,6,128
38,370,3720192,6,128
5,371,3723264,6,128
38,371,3726336,6,128
72,365,3729408,6,128
72,366,3732480,6,128
72,367,3735552,6,128
72,368,3738624,6,128
72,369,3741696,6,128
72,370,3744768,6,128
72,371,3747840,6,128
5,372,3750912,6,128
38,372,3753984,6,128
72,372,3757056,6,128
5,373,3760128,6,128
38,373,3763200,6,128
72,373,3766272,6,128
5,374,3769344,6,128
72,374,3772416,6,128
5,375,3775488,6,128
72,375,3778560,6,128
5,376,3781632,6,128
72,376,3784704,6,128
5,377,3787776,6,128
72,377,3790848,6,128
5,378,3793920,6,128
72,378,3796992,6,128
5,379,3800064,6,128
72,379,3803136,6,128
5,380,3806208,6,128
72,380,3809280,6,128
5,381,3812352,6,128
72,381,3815424,6,128
5,382,3818496,6,128
72,382,3821568,6,128
5,383,3824640,6,128
72,383,3827712,6,128
72,384,3830784,6,128
72,385,3833856,6,128
84,379,3836928,6,128
84,380,3840000,6,128
84,381,3843072,6,128
84,382,3846144,6,128
84,383,3849216,6,128
84,384,3852288,6,128
84,385,3855360,6,128
72,386,3858432,6,128
84,386,3861504,6,128
84,387,3864576,6,128
84,388,3867648,6,128
44,383,3870720,6,128
44,384,3873792,6,128
44,385,3876864,6,128
44,386,3879936,6,128
44,387,3883008,6,128
44,388,3886080,6,128
44,389,3889152,6,128
84,389,3892224,6,128
44,390,3895296,6,128
84,390,3898368,6,128
44,391,3901440,6,128
84,391,3904512,6,128
44,392,3907584,6,128
84,392,3910656,6,128
91,386,3913728,6,128
91,387,3916800,6,128
91,388,3919872,6,128
91,389,3922944,6,128
91,390,3926016,6,128
91,391,3929088,6,128
91,392,3932160,6,128
44,393,3935232,6,128
84,393,3938304,6,128
91,393,3941376,6,128
44,394,3944448,6,128
84,394,3947520,6,128
91,394,3950592,6,128
44,395,3953664,6,128
84,395,3956736,6,128
91,395,3959808,6,128
44,396,3962880,6,128
84,396,3965952,6,128
91,396,3969024,6,128
44,397,3972096,6,128
84,397,3975168,6,128
91,397,3978240,6,128
44,398,3981312,6,128
84,398,3984384,6,128
91,398,3987456,6,128
44,399,3990528,6,128
84,399,3993600,6,128
91,399,3996672,6,128
44,400,3999744,6,128
84,400,4002816,6,128
91,400,4005888,6,128
44,401,4008960,6,128
91,401,4012032,6,128
44,402,4015104,6,128
66,396,4018176,6,128
66,397,4021248,6,128
66,398,4024320,6,128
66,399,4027392,6,128
66,400,4030464,6,128
66,401,4033536,6,128
66,402,4036608,6,128
91,402,4039680,6,128
44,403,4042752,6,128
66,403,4045824,6,128
91,403,4048896,6,128
44,404,4051968,6,128
66,404,4055040,6,128
88,398,4058112,6,128
88,399,4061184,6,128
88,400,4064256,6,128
88,401,4067328,6,128
88,402,4070400,6,128
88,403,4073472,6,128
88,404,4076544,6,128
91,404,4079616,6,128
44,405,4082688,6,128
66,405,4085760,6,128
88,405,4088832,6,128
91,405,4091904,6,128
44,406,4094976,6,128
66,406,4098048,6,128
88,406,4101120,6,128
91,406,4104192,6,128
66,407,4107264,6,128
88,407,4110336,6,128
91,407,4113408,6,128
66,408,4116480,6,128
88,408,4119552,6,128
66,409,4122624,6,128
88,409,4125696,6,128
66,410,4128768,6,128
88,410,4131840,6,128
66,411,4134912,6,128
88,411,4137984,6,128
66,412,4141056,6,128
88,412,4144128,6,128
66,413,4147200,6,128
88,413,4150272,6,128
66,414,4153344,6,128
88,414,4156416,6,128
66,415,4159488,6,128
88,415,4162560,6,128
66,416,4165632,6,128
88,416,4168704,6,128
66,417,4171776,6,128
88,417,4174848,6,128
66,418,4177920,6,128
88,418,4180992,6,128
66,419,4184064,6,128
88,419,4187136,6,128
80,422,4190208,6,128
80,423,4193280,6,128
80,424,4196352,6,128
80,425,4199424,6,128
80,426,4202496,6,128
80,427,4205568,6,128
80,428,4208640,6,128
80,429,4211712,6,128
80,430,4214784,6,128
80,431,4217856,6,128
80,432,4220928,6,128
80,433,4224000,6,128
80,434,4227072,6,128
80,435,4230144,6,128
80,436,4233216,6,128
80,437,4236288,6,128
80,438,4239360,6,128
80,439,4242432,6,128
80,440,4245504,6,128
80,441,4248576,6,128
80,442,4251648,6,128
80,443,4254720,6,128
71,443,4257792,6,128
71,444,4260864,6,128
71,445,4263936,6,128
71,446,4267008,6,128
71,447,4270080,6,128
71,448,4273152,6,128
71,449,4276224,6,128
9,444,4279296,6,128
9,445,4282368,6,128
9,446,4285440,6,128
9,447,4288512,6,128
9,448,4291584,6,128
9,449,4294656,6,128
9,450,4297728,6,128
32,444,4300800,6,128
32,445,4303872,6,128
32,446,4306944,6,128
32,447,4310016,6,128
32,448,4313088,6,128
32,449,4316160,6,128
32,450,4319232,6,128
71,450,4322304,6,128
9,451,4325376,6,128
32,451,4328448,6,128
71,451,4331520,6,128
9,452,4334592,6,128
32,452,4337664,6,128
71,452,4340736,6,128
9,453,4343808,6,128
32,453,4346880,6,128
71,453,4349952,6,128
9,454,4353024,6,128
32,454,4356096,6,128
57,448,4359168,6,128
57,449,4362240,6,128
57,450,4365312,6,128
57,451,4368384,6,128
57,452,4371456,6,128
57,453,4374528,6,128
57,454,4377600,6,128
71,454,4380672,6,128
9,455,4383744,6,128
32,455,4386816,6,128
57,455,4389888,6,128
71,455,4392960,6,128
9,456,4396032,6,128
32,456,4399104,6,128
57,456,4402176,6,128
71,456,4405248,6,128
9,457,4408320,6,128
32,457,4411392,6,128
57,457,4414464,6,128
71,457,4417536,6,128
9,458,4420608,6,128
32,458,4423680,6,128
57,458,4426752,6,128
71,458,4429824,6,128
9,459,4432896,6,128
32,459,4435968,6,128
52,453,4439040,6,128
52,454,4442112,6,128
52,455,4445184,6,128
52,456,4448256,6,128
52,457,4451328,6,128
52,458,4454400,6,128
52,459,4457472,6,128
57,459,4460544,6,128
71,459,4463616,6,128
9,460,4466688,6,128
32,460,4469760,6,128
52,460,4472832,6,128
57,460,4475904,6,128
71,460,4478976,6,128
9,461,4482048,6,128
32,461,4485120,6,128
52,461,4488192,6,128
57,461,4491264,6,128
71,461,4494336,6,128
9,462,4497408,6,128
32,462,4500480,6,128
52,462,4503552,6,128
57,462,4506624,6,128
71,462,4509696,6,128
9,463,4512768,6,128
32,463,4515840,6,128
52,463,4518912,6,128
57,463,4521984,6,128
71,463,4525056,6,128
9,464,4528128,6,128
32,464,4531200,6,128
52,464,4534272,6,128
57,464,4537344,6,128
71,464,4540416,6,128
9,465,4543488,6,128
32,465,4546560,6,128
52,465,4549632,6,128
57,465,4552704,6,128
64,459,4555776,6,128
64,460,4558848,6,128
64,461,4561920,6,128
64,462,4564992,6,128
64,463,4568064,6,128
64,464,4571136,6,128
64,465,4574208,6,128
9,466,4577280,6,128
32,466,4580352,6,128
52,466,4583424,6,128
57,466,4586496,6,128
64,466,4589568,6,128
9,467,4592640,6,128
32,467,4595712,6,128
52,467,4598784,6,128
57,467,4601856,6,128
64,467,4604928,6,128
52,468,4608000,6,128
57,468,4611072,6,128
64,468,4614144,6,128
90,462,4617216,6,128
90,463,4620288,6,128
90,464,4623360,6,128
90,465,4626432,6,128
90,466,4629504,6,128
90,467,4632576,6,128
90,468,4635648,6,128
52,469,4638720,6,128
57,469,4641792,6,128
64,469,4644864,6,128
90,469,4647936,6,128
52,470,4651008,6,128
64,470,4654080,6,128
90,470,4657152,6,128
25,465,4660224,6,128
25,466,4663296,6,128
25,467,4666368,6,128
25,468,4669440,6,128
25,469,4672512,6,128
25,470,4675584,6,128
25,471,4678656,6,128
52,471,4681728,6,128
64,471,4684800,6,128
90,471,4687872,6,128
25,472,4690944,6,128
52,472,4694016,6,128
64,472,4697088,6,128
90,472,4700160,6,128
25,473,4703232,6,128
52,473,4706304,6,128
64,473,4709376,6,128
90,473,4712448,6,128
25,474,4715520,6,128
52,474,4718592,6,128
64,474,4721664,6,128
90,474,4724736,6,128
25,475,4727808,6,128
64,475,4730880,6,128
90,475,4733952,6,128
25,476,4737024,6,128
64,476,4740096,6,128
90,476,4743168,6,128
25,477,4746240,6,128
64,477,4749312,6,128
90,477,4752384,6,128
25,478,4755456,6,128
64,478,4758528,6,128
90,478,4761600,6,128
25,479,4764672,6,128
64,479,4767744,6,128
90,479,4770816,6,128
25,480,4773888,6,128
64,480,4776960,6,128
90,480,4780032,6,128
25,481,4783104,6,128
90,481,4786176,6,128
25,482,4789248,6,128
41,476,4792320,6,128
41,477,4795392,6,128
41,478,4798464,6,128
41,479,4801536,6,128
41,480,4804608,6,128
41,481,4807680,6,128
41,482,4810752,6,128
90,482,4813824,6,128
25,483,4816896,6,128
41,483,4819968,6,128
90,483,4823040,6,128
25,484,4826112,6,128
41,484,4829184,6,128
25,485,4832256,6,128
41,485,4835328,6,128
25,486,4838400,6,128
41,486,4841472,6,128
41,487,4844544,6,128
41,488,4847616,6,128
41,489,4850688,6,128
41,490,4853760,6,128
41,491,4856832,6,128
41,492,4859904,6,128
41,493,4862976,6,128
41,494,4866048,6,128
41,495,4869120,6,128
41,496,4872192,6,128
41,497,4875264,6,128
40,500,4878336,6,128
40,501,4881408,6,128
40,502,4884480,6,128
40,503,4887552,6,128
40,504,4890624,6,128
40,505,4893696,6,128
40,506,4896768,6,128
73,500,4899840,6,128
73,501,4902912,6,128
73,502,4905984,6,128
73,503,4909056,6,128
73,504,4912128,6,128
73,505,4915200,6,128
73,506,4918272,6,128
40,507,4921344,6,128
73,507,4924416,6,128
40,508,4927488,6,128
73,508,4930560,6,128
40,509,4933632,6,128
73,509,4936704,6,128
40,510,4939776,6,128
73,510,4942848,6,128
40,511,4945920,6,128
73,511,4948992,6,128
40,512,4952064,6,128
73,512,4955136,6,128
94,506,4958208,6,128
94,507,4961280,6,128
94,508,4964352,6,128
94,509,4967424,6,128
94,510,4970496,6,128
94,511,4973568,6,128
94,512,4976640,6,128
40,513,4979712,6,128
73,513,4982784,6,128
94,513,4985856,6,128
40,514,4988928,6,128
73,514,4992000,6,128
94,514,4995072,6,128
40,515,4998144,6,128
73,515,5001216,6,128
94,515,5004288,6,128
40,516,5007360,6,128
73,516,5010432,6,128
94,516,5013504,6,128
40,517,5016576,6,128
73,517,5019648,6,128
94,517,5022720,6,128
40,518,5025792,6,128
73,518,5028864,6,128
94,518,5031936,6,128
40,519,5035008,6,128
73,519,5038080,6,128
94,519,5041152,6,128
40,520,5044224,6,128
73,520,5047296,6,128
94,520,5050368,6,128
40,521,5053440,6,128
73,521,5056512,6,128
94,521,5059584,6,128
94,522,5062656,6,128
94,523,5065728,6,128
94,524,5068800,6,128
94,525,5071872,6,128
94,526,5074944,6,128
94,527,5078016,6,128
94,528,5081088,6,128
94,529,5084160,6,128
83,539,5087232,6,128
83,540,5090304,6,128
83,541,5093376,6,128
83,542,5096448,6,128
83,543,5099520,6,128
83,544,5102592,6,128
83,545,5105664,6,128
83,546,5108736,6,128
83,547,5111808,6,128
49,542,5114880,6,128
49,543,5117952,6,128
49,544,5121024,6,128
49,545,5124096,6,128
49,546,5127168,6,128
49,547,5130240,6,128
49,548,5133312,6,128
83,548,5136384,6,128
49,549,5139456,6,128
83,549,5142528,6,128
49,550,5145600,6,128
83,550,5148672,6,128
49,551,5151744,6,128
83,551,5154816,6,128
49,552,5157888,6,128
53,546,5160960,6,128
53,547,5164032,6,128
53,548,5167104,6,128
53,549,5170176,6,128
53,550,5173248,6,128
53,551,5176320,6,128
53,552,5179392,6,128
83,552,5182464,6,128
49,553,5185536,6,128
53,553,5188608,6,128
83,553,5191680,6,128
49,554,5194752,6,128
53,554,5197824,6,128
83,554,5200896,6,128
49,555,5203968,6,128
53,555,5207040,6,128
83,555,5210112,6,128
49,556,5213184,6,128
53,556,5216256,6,128
83,556,5219328,6,128
93,550,5222400,6,128
93,551,5225472,6,128
93,552,5228544,6,128
93,553,5231616,6,128
93,554,5234688,6,128
93,555,5237760,6,128
93,556,5240832,6,128
49,557,5243904,6,128
53,557,5246976,6,128
83,557,5250048,6,128
93,557,5253120,6,128
49,558,5256192,6,128
53,558,5259264,6,128
83,558,5262336,6,128
93,558,5265408,6,128
49,559,5268480,6,128
53,559,5271552,6,128
83,559,5274624,6,128
93,559,5277696,6,128
49,560,5280768,6,128
53,560,5283840,6,128
83,560,5286912,6,128
93,560,5289984,6,128
49,561,5293056,6,128
53,561,5296128,6,128
83,561,5299200,6,128
93,561,5302272,6,128
49,562,5305344,6,128
53,562,5308416,6,128
83,562,5311488,6,128
93,562,5314560,6,128
4,557,5317632,6,128
4,558,5320704,6,128
4,559,5323776,6,128
4,560,5326848,6,128
4,561,5329920,6,128
4,562,5332992,6,128
4,563,5336064,6,128
49,563,5339136,6,128
53,563,5342208,6,128
93,563,5345280,6,128
4,564,5348352,6,128
49,564,5351424,6,128
53,564,5354496,6,128
93,564,5357568,6,128
4,565,5360640,6,128
49,565,5363712,6,128
53,565,5366784,6,128
93,565,5369856,6,128
4,566,5372928,6,128
53,566,5376000,6,128
93,566,5379072,6,128
4,567,5382144,6,128
53,567,5385216,6,128
93,567,5388288,6,128
4,568,5391360,6,128
93,568,5394432,6,128
4,569,5397504,6,128
93,569,5400576,6,128
4,570,5403648,6,128
93,570,5406720,6,128
4,571,5409792,6,128
93,571,5412864,6,128
4,572,5415936,6,128
21,566,5419008,6,128
21,567,5422080,6,128
21,568,5425152,6,128
21,569,5428224,6,128
21,570,5431296,6,128
21,571,5434368,6,128
21,572,5437440,6,128
93,572,5440512,6,128
4,573,5443584,6,128
21,573,5446656,6,128
93,573,5449728,6,128
4,574,5452800,6,128
21,574,5455872,6,128
4,575,5458944,6,128
21,575,5462016,6,128
4,576,5465088,6,128
21,576,5468160,6,128
39,570,5471232,6,128
39,571,5474304,6,128
39,572,5477376,6,128
39,573,5480448,6,128
39,574,5483520,6,128
39,575,5486592,6,128
39,576,5489664,6,128
4,577,5492736,6,128
21,577,5495808,6,128
39,577,5498880,6,128
4,578,5501952,6,128
21,578,5505024,6,128
39,578,5508096,6,128
4,579,5511168,6,128
21,579,5514240,6,128
39,579,5517312,6,128
4,580,5520384,6,128
21,580,5523456,6,128
39,580,5526528,6,128
21,581,5529600,6,128
39,581,5532672,6,128
21,582,5535744,6,128
39,582,5538816,6,128
74,576,5541888,6,128
74,577,5544960,6,128
74,578,5548032,6,128
74,579,5551104,6,128
74,580,5554176,6,128
74,581,5557248,6,128
74,582,5560320,6,128
21,583,5563392,6,128
39,583,5566464,6,128
74,583,5569536,6,128
21,584,5572608,6,128
39,584,5575680,6,128
74,584,5578752,6,128
21,585,5581824,6,128
39,585,5584896,6,128
74,585,5587968,6,128
21,586,5591040,6,128
39,586,5594112,6,128
74,586,5597184,6,128
21,587,5600256,6,128
39,587,5603328,6,128
74,587,5606400,6,128
21,588,5609472,6,128
39,588,5612544,6,128
74,588,5615616,6,128
21,589,5618688,6,128
39,589,5621760,6,128
74,589,5624832,6,128
39,590,5627904,6,128
74,590,5630976,6,128
39,591,5634048,6,128
74,591,5637120,6,128
74,592,5640192,6,128
74,593,5643264,6,128
74,594,5646336,6,128
74,595,5649408,6,128
74,596,5652480,6,128
74,597,5655552,6,128
38,593,5658624,6,128
38,594,5661696,6,128
38,595,5664768,6,128
38,596,5667840,6,128
38,597,5670912,6,128
38,598,5673984,6,128
38,599,5677056,6,128
38,600,5680128,6,128
38,601,5683200,6,128
38,602,5686272,6,128
13,597,5689344,6,128
13,598,5692416,6,128
13,599,5695488,6,128
13,600,5698560,6,128
13,601,5701632,6,128
13,602,5704704,6,128
13,603,5707776,6,128
38,603,5710848,6,128
13,604,5713920,6,128
38,604,5716992,6,128
87,598,5720064,6,128
87,599,5723136,6,128
87,600,5726208,6,128
87,601,5729280,6,128
87,602,5732352,6,128
87,603,5735424,6,128
87,604,5738496,6,128
13,605,5741568,6,128
38,605,5744640,6,128
87,605,5747712,6,128
13,606,5750784,6,128
38,606,5753856,6,128
87,606,5756928,6,128
13,607,5760000,6,128
38,607,5763072,6,128
87,607,5766144,6,128
13,608,5769216,6,128
38,608,5772288,6,128
87,608,5775360,6,128
5,603,5778432,6,128
5,604,5781504,6,128
5,605,5784576,6,128
5,606,5787648,6,128
5,607,5790720,6,128
5,608,5793792,6,128
5,609,5796864,6,128
13,609,5799936,6,128
38,609,5803008,6,128
87,609,5806080,6,128
5,610,5809152,6,128
13,610,5812224,6,128
38,610,5815296,6,128
87,610,5818368,6,128
5,611,5821440,6,128
13,611,5824512,6,128
38,611,5827584,6,128
87,611,5830656,6,128
3,606,5833728,6,128
3,607,5836800,6,128
3,608,5839872,6,128
3,609,5842944,6,128
3,610,5846016,6,128
3,611,5849088,6,128
3,612,5852160,6,128
5,612,5855232,6,128
13,612,5858304,6,128
38,612,5861376,6,128
72,606,5864448,6,128
72,607,5867520,6,128
72,608,5870592,6,128
72,609,5873664,6,128
72,610,5876736,6,128
72,611,5879808,6,128
72,612,5882880,6,128
87,612,5885952,6,128
3,613,5889024,6,128
5,613,5892096,6,128
13,613,5895168,6,128
38,613,5898240,6,128
72,613,5901312,6,128
87,613,5904384,6,128
3,614,5907456,6,128
5,614,5910528,6,128
13,614,5913600,6,128
38,614,5916672,6,128
72,614,5919744,6,128
87,614,5922816,6,128
3,615,5925888,6,128
5,615,5928960,6,128
13,615,5932032,6,128
38,615,5935104,6,128
72,615,5938176,6,128
87,615,5941248,6,128
3,616,5944320,6,128
5,616,5947392,6,128
13,616,5950464,6,128
38,616,5953536,6,128
72,616,5956608,6,128
87,616,5959680,6,128
3,617,5962752,6,128
5,617,5965824,6,128
13,617,5968896,6,128
72,617,5971968,6,128
87,617,5975040,6,128
3,618,5978112,6,128
5,618,5981184,6,128
13,618,5984256,6,128
72,618,5987328,6,128
87,618,5990400,6,128
3,619,5993472,6,128
5,619,5996544,6,128
72,619,5999616,6,128
87,619,6002688,6,128
3,620,6005760,6,128
5,620,6008832,6,128
72,620,6011904,6,128
3,621,6014976,6,128
5,621,6018048,6,128
72,621,6021120,6,128
3,622,6024192,6,128
5,622,6027264,6,128
72,622,6030336,6,128
3,623,6033408,6,128
5,623,6036480,6,128
72,623,6039552,6,128
3,624,6042624,6,128
5,624,6045696,6,128
72,624,6048768,6,128
3,625,6051840,6,128
5,625,6054912,6,128
72,625,6057984,6,128
3,626,6061056,6,128
5,626,6064128,6,128
72,626,6067200,6,128
84,620,6070272,6,128
84,621,6073344,6,128
84,622,6076416,6,128
84,623,6079488,6,128
84,624,6082560,6,128
84,625,6085632,6,128
84,626,6088704,6,128
3,627,6091776,6,128
72,627,6094848,6,128
84,627,6097920,6,128
72,628,6100992,6,128
84,628,6104064,6,128
47,623,6107136,6,128
47,624,6110208,6,128
47,625,6113280,6,128
47,626,6116352,6,128
47,627,6119424,6,128
47,628,6122496,6,128
47,629,6125568,6,128
70,623,6128640,6,128
70,624,6131712,6,128
70,625,6134784,6,128
70,626,6137856,6,128
70,627,6140928,6,128
70,628,6144000,6,128
70,629,6147072,6,128
72,629,6150144,6,128
84,629,6153216,6,128
47,630,6156288,6,128
70,630,6159360,6,128
84,630,6162432,6,128
47,631,6165504,6,128
70,631,6168576,6,128
84,631,6171648,6,128
47,632,6174720,6,128
70,632,6177792,6,128
84,632,6180864,6,128
47,633,6183936,6,128
70,633,6187008,6,128
84,633,6190080,6,128
91,627,6193152,6,128
91,628,6196224,6,128
91,629,6199296,6,128
91,630,6202368,6,128
91,631,6205440,6,128
91,632,6208512,6,128
91,633,6211584,6,128
47,634,6214656,6,128
70,634,6217728,6,128
84,634,6220800,6,128
91,634,6223872,6,128
47,635,6226944,6,128
70,635,6230016,6,128
84,635,6233088,6,128
91,635,6236160,6,128
47,636,6239232,6,128
70,636,6242304,6,128
79,630,6245376,6,128
79,631,6248448,6,128
79,632,6251520,6,128
79,633,6254592,6,128
79,634,6257664,6,128
79,635,6260736,6,128
79,636,6263808,6,128
84,636,6266880,6,128
91,636,6269952,6,128
47,637,6273024,6,128
70,637,6276096,6,128
79,637,6279168,6,128
84,637,6282240,6,128
91,637,6285312,6,128
47,638,6288384,6,128
70,638,6291456,6,128
79,638,6294528,6,128
84,638,6297600,6,128
91,638,6300672,6,128
47,639,6303744,6,128
70,639,6306816,6,128
79,639,6309888,6,128
84,639,6312960,6,128
91,639,6316032,6,128
47,640,6319104,6,128
70,640,6322176,6,128
79,640,6325248,6,128
84,640,6328320,6,128
91,640,6331392,6,128
47,641,6334464,6,128
70,641,6337536,6,128
79,641,6340608,6,128
84,641,6343680,6,128
91,641,6346752,6,128
47,642,6349824,6,128
70,642,6352896,6,128
79,642,6355968,6,128
84,642,6359040,6,128
91,642,6362112,6,128
47,643,6365184,6,128
70,643,6368256,6,128
79,643,6371328,6,128
84,643,6374400,6,128
91,643,6377472,6,128
47,644,6380544,6,128
70,644,6383616,6,128
79,644,6386688,6,128
91,644,6389760,6,128
79,645,6392832,6,128
88,639,6395904,6,128
88,640,6398976,6,128
88,641,6402048,6,128
88,642,6405120,6,128
88,643,6408192,6,128
88,644,6411264,6,128
88,645,6414336,6,128
91,645,6417408,6,128
79,646,6420480,6,128
88,646,6423552,6,128
91,646,6426624,6,128
79,647,6429696,6,128
88,647,6432768,6,128
91,647,6435840,6,128
36,642,6438912,6,128
36,643,6441984,6,128
36,644,6445056,6,128
36,645,6448128,6,128
36,646,6451200,6,128
36,647,6454272,6,128
36,648,6457344,6,128
79,648,6460416,6,128
88,648,6463488,6,128
91,648,6466560,6,128
36,649,6469632,6,128
79,649,6472704,6,128
88,649,6475776,6,128
91,649,6478848,6,128
36,650,6481920,6,128
79,650,6484992,6,128
88,650,6488064,6,128
91,650,6491136,6,128
18,645,6494208,6,128
18,646,6497280,6,128
18,647,6500352,6,128
18,648,6503424,6,128
18,649,6506496,6,128
18,650,6509568,6,128
18,651,6512640,6,128
36,651,6515712,6,128
79,651,6518784,6,128
88,651,6521856,6,128
18,652,6524928,6,128
36,652,6528000,6,128
88,652,6531072,6,128
18,653,6534144,6,128
36,653,6537216,6,128
88,653,6540288,6,128
18,654,6543360,6,128
36,654,6546432,6,128
88,654,6549504,6,128
18,655,6552576,6,128
36,655,6555648,6,128
88,655,6558720,6,128
18,656,6561792,6,128
36,656,6564864,6,128
88,656,6567936,6,128
18,657,6571008,6,128
36,657,6574080,6,128
88,657,6577152,6,128
18,658,6580224,6,128
36,658,6583296,6,128
88,658,6586368,6,128
18,659,6589440,6,128
36,659,6592512,6,128
88,659,6595584,6,128
18,660,6598656,6,128
36,660,6601728,6,128
88,660,6604800,6,128
18,661,6607872,6,128
36,661,6610944,6,128
88,661,6614016,6,128
18,662,6617088,6,128
36,662,6620160,6,128
88,662,6623232,6,128
18,663,6626304,6,128
36,663,6629376,6,128
18,664,6632448,6,128
27,658,6635520,6,128
27,659,6638592,6,128
27,660,6641664,6,128
27,661,6644736,6,128
27,662,6647808,6,128
27,663,6650880,6,128
27,664,6653952,6,128
18,665,6657024,6,128
27,665,6660096,6,128
18,666,6663168,6,128
27,666,6666240,6,128
27,667,6669312,6,128
27,668,6672384,6,128
27,669,6675456,6,128
80,663,6678528,6,128
80,664,6681600,6,128
80,665,6684672,6,128
80,666,6687744,6,128
80,667,6690816,6,128
80,668,6693888,6,128
80,669,6696960,6,128
19,664,6700032,6,128
19,665,6703104,6,128
19,666,6706176,6,128
19,667,6709248,6,128
19,668,6712320,6,128
19,669,6715392,6,128
19,670,6718464,6,128
27,670,6721536,6,128
80,670,6724608,6,128
19,671,6727680,6,128
27,671,6730752,6,128
80,671,6733824,6,128
19,672,6736896,6,128
27,672,6739968,6,128
80,672,6743040,6,128
19,673,6746112,6,128
27,673,6749184,6,128
80,673,6752256,6,128
19,674,6755328,6,128
27,674,6758400,6,128
80,674,6761472,6,128
19,675,6764544,6,128
27,675,6767616,6,128
80,675,6770688,6,128
19,676,6773760,6,128
27,676,6776832,6,128
80,676,6779904,6,128
19,677,6782976,6,128
27,677,6786048,6,128
80,677,6789120,6,128
19,678,6792192,6,128
27,678,6795264,6,128
80,678,6798336,6,128
19,679,6801408,6,128
27,679,6804480,6,128
80,679,6807552,6,128
19,680,6810624,6,128
80,680,6813696,6,128
19,681,6816768,6,128
80,681,6819840,6,128
19,682,6822912,6,128
80,682,6825984,6,128
19,683,6829056,6,128
80,683,6832128,6,128
19,684,6835200,6,128
80,684,6838272,6,128
82,678,6841344,6,128
82,679,6844416,6,128
82,680,6847488,6,128
82,681,6850560,6,128
82,682,6853632,6,128
82,683,6856704,6,128
82,684,6859776,6,128
19,685,6862848,6,128
80,685,6865920,6,128
82,685,6868992,6,128
80,686,6872064,6,128
82,686,6875136,6,128
82,687,6878208,6,128
82,688,6881280,6,128
82,689,6884352,6,128
71,684,6887424,6,128
71,685,6890496,6,128
71,686,6893568,6,128
71,687,6896640,6,128
71,688,6899712,6,128
71,689,6902784,6,128
71,690,6905856,6,128
82,690,6908928,6,128
71,691,6912000,6,128
82,691,6915072,6,128
71,692,6918144,6,128
82,692,6921216,6,128
67,687,6924288,6,128
67,688,6927360,6,128
67,689,6930432,6,128
67,690,6933504,6,128
67,691,6936576,6,128
67,692,6939648,6,128
67,693,6942720,6,128
71,693,6945792,6,128
82,693,6948864,6,128
67,694,6951936,6,128
71,694,6955008,6,128
82,694,6958080,6,128
57,689,6961152,6,128
57,690,6964224,6,128
57,691,6967296,6,128
57,692,6970368,6,128
57,693,6973440,6,128
57,694,6976512,6,128
57,695,6979584,6,128
67,695,6982656,6,128
71,695,6985728,6,128
82,695,6988800,6,128
57,696,6991872,6,128
67,696,6994944,6,128
71,696,6998016,6,128
82,696,7001088,6,128
57,697,7004160,6,128
67,697,7007232,6,128
71,697,7010304,6,128
82,697,7013376,6,128
57,698,7016448,6,128
67,698,7019520,6,128
71,698,7022592,6,128
82,698,7025664,6,128
57,699,7028736,6,128
67,699,7031808,6,128
71,699,7034880,6,128
82,699,7037952,6,128
52,694,7041024,6,128
52,695,7044096,6,128
52,696,7047168,6,128
52,697,7050240,6,128
52,698,7053312,6,128
52,699,7056384,6,128
52,700,7059456,6,128
57,700,7062528,6,128
67,700,7065600,6,128
71,700,7068672,6,128
52,701,7071744,6,128
57,701,7074816,6,128
67,701,7077888,6,128
71,701,7080960,6,128
52,702,7084032,6,128
57,702,7087104,6,128
67,702,7090176,6,128
71,702,7093248,6,128
52,703,7096320,6,128
57,703,7099392,6,128
67,703,7102464,6,128
71,703,7105536,6,128
52,704,7108608,6,128
57,704,7111680,6,128
67,704,7114752,6,128
71,704,7117824,6,128
52,705,7120896,6,128
57,705,7123968,6,128
67,705,7127040,6,128
71,705,7130112,6,128
52,706,7133184,6,128
57,706,7136256,6,128
64,700,7139328,6,128
64,701,7142400,6,128
64,702,7145472,6,128
64,703,7148544,6,128
64,704,7151616,6,128
64,705,7154688,6,128
64,706,7157760,6,128
67,706,7160832,6,128
71,706,7163904,6,128
52,707,7166976,6,128
57,707,7170048,6,128
64,707,7173120,6,128
67,707,7176192,6,128
71,707,7179264,6,128
52,708,7182336,6,128
57,708,7185408,6,128
64,708,7188480,6,128
67,708,7191552,6,128
52,709,7194624,6,128
57,709,7197696,6,128
64,709,7200768,6,128
90,703,7203840,6,128
90,704,7206912,6,128
90,705,7209984,6,128
90,706,7213056,6,128
90,707,7216128,6,128
90,708,7219200,6,128
90,709,7222272,6,128
52,710,7225344,6,128
57,710,7228416,6,128
64,710,7231488,6,128
90,710,7234560,6,128
52,711,7237632,6,128
57,711,7240704,6,128
64,711,7243776,6,128
90,711,7246848,6,128
25,706,7249920,6,128
25,707,7252992,6,128
25,708,7256064,6,128
25,709,7259136,6,128
25,710,7262208,6,128
25,711,7265280,6,128
25,712,7268352,6,128
52,712,7271424,6,128
57,712,7274496,6,128
64,712,7277568,6,128
86,706,7280640,6,128
86,707,7283712,6,128
86,708,7286784,6,128
86,709,7289856,6,128
86,710,7292928,6,128
86,711,7296000,6,128
86,712,7299072,6,128
90,712,7302144,6,128
25,713,7305216,6,128
52,713,7308288,6,128
64,713,7311360,6,128
86,713,7314432,6,128
90,713,7317504,6,128
25,714,7320576,6,128
52,714,7323648,6,128
64,714,7326720,6,128
86,714,7329792,6,128
90,714,7332864,6,128
25,715,7335936,6,128
52,715,7339008,6,128
64,715,7342080,6,128
86,715,7345152,6,128
90,715,7348224,6,128
25,716,7351296,6,128
52,716,7354368,6,128
64,716,7357440,6,128
86,716,7360512,6,128
90,716,7363584,6,128
25,717,7366656,6,128
52,717,7369728,6,128
64,717,7372800,6,128
86,717,7375872,6,128
90,717,7378944,6,128
25,718,7382016,6,128
64,718,7385088,6,128
86,718,7388160,6,128
90,718,7391232,6,128
25,719,7394304,6,128
64,719,7397376,6,128
86,719,7400448,6,128
90,719,7403520,6,128
25,720,7406592,6,128
64,720,7409664,6,128
86,720,7412736,6,128
90,720,7415808,6,128
25,721,7418880,6,128
64,721,7421952,6,128
86,721,7425024,6,128
90,721,7428096,6,128
25,722,7431168,6,128
64,722,7434240,6,128
86,722,7437312,6,128
90,722,7440384,6,128
25,723,7443456,6,128
41,717,7446528,6,128
41,718,7449600,6,128
41,719,7452672,6,128
41,720,7455744,6,128
41,721,7458816,6,128
41,722,7461888,6,128
41,723,7464960,6,128
64,723,7468032,6,128
86,723,7471104,6,128
90,723,7474176,6,128
25,724,7477248,6,128
41,724,7480320,6,128
86,724,7483392,6,128
90,724,7486464,6,128
25,725,7489536,6,128
41,725,7492608,6,128
86,725,7495680,6,128
90,725,7498752,6,128
14,720,7501824,6,128
14,721,7504896,6,128
14,722,7507968,6,128
14,723,7511040,6,128
14,724,7514112,6,128
14,725,7517184,6,128
14,726,7520256,6,128
25,726,7523328,6,128
41,726,7526400,6,128
86,726,7529472,6,128
90,726,7532544,6,128
14,727,7535616,6,128
25,727,7538688,6,128
41,727,7541760,6,128
86,727,7544832,6,128
14,728,7547904,6,128
25,728,7550976,6,128
41,728,7554048,6,128
14,729,7557120,6,128
25,729,7560192,6,128
41,729,7563264,6,128
14,730,7566336,6,128
41,730,7569408,6,128
14,731,7572480,6,128
41,731,7575552,6,128
14,732,7578624,6,128
41,732,7581696,6,128
14,733,7584768,6,128
41,733,7587840,6,128
14,734,7590912,6,128
41,734,7593984,6,128
14,735,7597056,6,128
41,735,7600128,6,128
14,736,7603200,6,128
41,736,7606272,6,128
14,737,7609344,6,128
41,737,7612416,6,128
50,731,7615488,6,128
50,732,7618560,6,128
50,733,7621632,6,128
50,734,7624704,6,128
50,735,7627776,6,128
50,736,7630848,6,128
50,737,7633920,6,128
14,738,7636992,6,128
41,738,7640064,6,128
50,738,7643136,6,128
14,739,7646208,6,128
41,739,7649280,6,128
50,739,7652352,6,128
14,740,7655424,6,128
41,740,7658496,6,128
50,740,7661568,6,128
14,741,7664640,6,128
50,741,7667712,6,128
50,742,7670784,6,128
50,743,7673856,6,128
50,744,7676928,6,128
50,745,7680000,6,128
50,746,7683072,6,128
40,741,7686144,6,128
40,742,7689216,6,128
40,743,7692288,6,128
40,744,7695360,6,128
40,745,7698432,6,128
40,746,7701504,6,128
40,747,7704576,6,128
50,747,7707648,6,128
73,741,7710720,6,128
73,742,7713792,6,128
73,743,7716864,6,128
73,744,7719936,6,128
73,745,7723008,6,128
73,746,7726080,6,128
73,747,7729152,6,128
40,748,7732224,6,128
50,748,7735296,6,128
73,748,7738368,6,128
40,749,7741440,6,128
50,749,7744512,6,128
73,749,7747584,6,128
40,750,7750656,6,128
50,750,7753728,6,128
73,750,7756800,6,128
40,751,7759872,6,128
50,751,7762944,6,128
73,751,7766016,6,128
40,752,7769088,6,128
50,752,7772160,6,128
73,752,7775232,6,128
40,753,7778304,6,128
73,753,7781376,6,128
40,754,7784448,6,128
73,754,7787520,6,128
40,755,7790592,6,128
73,755,7793664,6,128
40,756,7796736,6,128
73,756,7799808,6,128
17,751,7802880,6,128
17,752,7805952,6,128
17,753,7809024,6,128
17,754,7812096,6,128
17,755,7815168,6,128
17,756,7818240,6,128
17,757,7821312,6,128
40,757,7824384,6,128
73,757,7827456,6,128
17,758,7830528,6,128
40,758,7833600,6,128
73,758,7836672,6,128
17,759,7839744,6,128
40,759,7842816,6,128
73,759,7845888,6,128
17,760,7848960,6,128
40,760,7852032,6,128
73,760,7855104,6,128
17,761,7858176,6,128
40,761,7861248,6,128
73,761,7864320,6,128
17,762,7867392,6,128
40,762,7870464,6,128
73,762,7873536,6,128
2,757,7876608,6,128
2,758,7879680,6,128
2,759,7882752,6,128
2,760,7885824,6,128
2,761,7888896,6,128
2,762,7891968,6,128
2,763,7895040,6,128
17,763,7898112,6,128
40,763,7901184,6,128
73,763,7904256,6,128
2,764,7907328,6,128
17,764,7910400,6,128
40,764,7913472,6,128
73,764,7916544,6,128
2,765,7919616,6,128
17,765,7922688,6,128
2,766,7925760,6,128
17,766,7928832,6,128
2,767,7931904,6,128
17,767,7934976,6,128
2,768,7938048,6,128
17,768,7941120,6,128
2,769,7944192,6,128
17,769,7947264,6,128
2,770,7950336,6,128
17,770,7953408,6,128
2,771,7956480,6,128
17,771,7959552,6,128
2,772,7962624,6,128
17,772,7965696,6,128
2,773,7968768,6,128
2,774,7971840,6,128
2,775,7974912,6,128
48,769,7977984,6,128
48,770,7981056,6,128
48,771,7984128,6,128
48,772,7987200,6,128
48,773,7990272,6,128
48,774,7993344,6,128
48,775,7996416,6,128
2,776,7999488,6,128
48,776,8002560,6,128
2,777,8005632,6,128
48,777,8008704,6,128
2,778,8011776,6,128
11,772,8014848,6,128
11,773,8017920,6,128
11,774,8020992,6,128
11,775,8024064,6,128
11,776,8027136,6,128
11,777,8030208,6,128
11,778,8033280,6,128
48,778,8036352,6,128
11,779,8039424,6,128
48,779,8042496,6,128
60,773,8045568,6,128
60,774,8048640,6,128
60,775,8051712,6,128
60,776,8054784,6,128
60,777,8057856,6,128
60,778,8060928,6,128
60,779,8064000,6,128
11,780,8067072,6,128
48,780,8070144,6,128
60,780,8073216,6,128
11,781,8076288,6,128
48,781,8079360,6,128
60,781,8082432,6,128
11,782,8085504,6,128
48,782,8088576,6,128
60,782,8091648,6,128
11,783,8094720,6,128
48,783,8097792,6,128
60,783,8100864,6,128
11,784,8103936,6,128
48,784,8107008,6,128
60,784,8110080,6,128
11,785,8113152,6,128
48,785,8116224,6,128
60,785,8119296,6,128
11,786,8122368,6,128
48,786,8125440,6,128
60,786,8128512,6,128
11,787,8131584,6,128
48,787,8134656,6,128
60,787,8137728,6,128
11,788,8140800,6,128
48,788,8143872,6,128
60,788,8146944,6,128
11,789,8150016,6,128
48,789,8153088,6,128
60,789,8156160,6,128
11,790,8159232,6,128
48,790,8162304,6,128
60,790,8165376,6,128
11,791,8168448,6,128
60,791,8171520,6,128
11,792,8174592,6,128
60,792,8177664,6,128
11,793,8180736,6,128
53,787,8183808,6,128
53,788,8186880,6,128
53,789,8189952,6,128
53,790,8193024,6,128
53,791,8196096,6,128
53,792,8199168,6,128
53,793,8202240,6,128
60,793,8205312,6,128
53,794,8208384,6,128
60,794,8211456,6,128
53,795,8214528,6,128
53,796,8217600,6,128
53,797,8220672,6,128
53,798,8223744,6,128
53,799,8226816,6,128
53,800,8229888,6,128
53,801,8232960,6,128
53,802,8236032,6,128
46,797,8239104,6,128
46,798,8242176,6,128
46,799,8245248,6,128
46,800,8248320,6,128
46,801,8251392,6,128
46,802,8254464,6,128
46,803,8257536,6,128
53,803,8260608,6,128
23,798,8263680,6,128
23,799,8266752,6,128
23,800,8269824,6,128
23,801,8272896,6,128
23,802,8275968,6,128
23,803,8279040,6,128
23,804,8282112,6,128
46,804,8285184,6,128
53,804,8288256,6,128
23,805,8291328,6,128
46,805,8294400,6,128
53,805,8297472,6,128
23,806,8300544,6,128
46,806,8303616,6,128
53,806,8306688,6,128
81,800,8309760,6,128
81,801,8312832,6,128
81,802,8315904,6,128
81,803,8318976,6,128
81,804,8322048,6,128
81,805,8325120,6,128
81,806,8328192,6,128
23,807,8331264,6,128
46,807,8334336,6,128
53,807,8337408,6,128
81,807,8340480,6,128
23,808,8343552,6,128
46,808,8346624,6,128
53,808,8349696,6,128
81,808,8352768,6,128
23,809,8355840,6,128
46,809,8358912,6,128
53,809,8361984,6,128
81,809,8365056,6,128
23,810,8368128,6,128
46,810,8371200,6,128
53,810,8374272,6,128
81,810,8377344,6,128
23,811,8380416,6,128
46,811,8383488,6,128
81,811,8386560,6,128
23,812,8389632,6,128
46,812,8392704,6,128
81,812,8395776,6,128
23,813,8398848,6,128
46,813,8401920,6,128
81,813,8404992,6,128
23,814,8408064,6,128
46,814,8411136,6,128
81,814,8414208,6,128
23,815,8417280,6,128
46,815,8420352,6,128
81,815,8423424,6,128
23,816,8426496,6,128
46,816,8429568,6,128
81,816,8432640,6,128
23,817,8435712,6,128
39,811,8438784,6,128
39,812,8441856,6,128
39,813,8444928,6,128
39,814,8448000,6,128
39,815,8451072,6,128
39,816,8454144,6,128
39,817,8457216,6,128
46,817,8460288,6,128
81,817,8463360,6,128
23,818,8466432,6,128
39,818,8469504,6,128
46,818,8472576,6,128
81,818,8475648,6,128
23,819,8478720,6,128
39,819,8481792,6,128
81,819,8484864,6,128
39,820,8487936,6,128
81,820,8491008,6,128
39,821,8494080,6,128
58,815,8497152,6,128
58,816,8500224,6,128
58,817,8503296,6,128
58,818,8506368,6,128
58,819,8509440,6,128
58,820,8512512,6,128
58,821,8515584,6,128
81,821,8518656,6,128
39,822,8521728,6,128
58,822,8524800,6,128
39,823,8527872,6,128
58,823,8530944,6,128
74,817,8534016,6,128
74,818,8537088,6,128
74,819,8540160,6,128
74,820,8543232,6,128
74,821,8546304,6,128
74,822,8549376,6,128
74,823,8552448,6,128
39,824,8555520,6,128
58,824,8558592,6,128
74,824,8561664,6,128
39,825,8564736,6,128
58,825,8567808,6,128
62,819,8570880,6,128
62,820,8573952,6,128
62,821,8577024,6,128
62,822,8580096,6,128
62,823,8583168,6,128
62,824,8586240,6,128
62,825,8589312,6,128
74,825,8592384,6,128
39,826,8595456,6,128
58,826,8598528,6,128
62,826,8601600,6,128
74,826,8604672,6,128
39,827,8607744,6,128
58,827,8610816,6,128
62,827,8613888,6,128
74,827,8616960,6,128
39,828,8620032,6,128
58,828,8623104,6,128
62,828,8626176,6,128
74,828,8629248,6,128
39,829,8632320,6,128
58,829,8635392,6,128
62,829,8638464,6,128
74,829,8641536,6,128
39,830,8644608,6,128
58,830,8647680,6,128
62,830,8650752,6,128
74,830,8653824,6,128
39,831,8656896,6,128
58,831,8659968,6,128
62,831,8663040,6,128
74,831,8666112,6,128
39,832,8669184,6,128
58,832,8672256,6,128
62,832,8675328,6,128
74,832,8678400,6,128
39,833,8681472,6,128
58,833,8684544,6,128
62,833,8687616,6,128
74,833,8690688,6,128
39,834,8693760,6,128
58,834,8696832,6,128
62,834,8699904,6,128
74,834,8702976,6,128
58,835,8706048,6,128
62,835,8709120,6,128
74,835,8712192,6,128
58,836,8715264,6,128
62,836,8718336,6,128
74,836,8721408,6,128
62,837,8724480,6,128
74,837,8727552,6,128
62,838,8730624,6,128
74,838,8733696,6,128
62,839,8736768,6,128
74,839,8739840,6,128
62,840,8742912,6,128
74,840,8745984,6,128
63,837,8749056,6,128
63,838,8752128,6,128
63,839,8755200,6,128
63,840,8758272,6,128
63,841,8761344,6,128
63,842,8764416,6,128
63,843,8767488,6,128
13,838,8770560,6,128
13,839,8773632,6,128
13,840,8776704,6,128
13,841,8779776,6,128
13,842,8782848,6,128
13,843,8785920,6,128
13,844,8788992,6,128
63,844,8792064,6,128
13,845,8795136,6,128
63,845,8798208,6,128
87,839,8801280,6,128
87,840,8804352,6,128
87,841,8807424,6,128
87,842,8810496,6,128
87,843,8813568,6,128
87,844,8816640,6,128
87,845,8819712,6,128
13,846,8822784,6,128
63,846,8825856,6,128
87,846,8828928,6,128
13,847,8832000,6,128
63,847,8835072,6,128
87,847,8838144,6,128
13,848,8841216,6,128
63,848,8844288,6,128
87,848,8847360,6,128
13,849,8850432,6,128
63,849,8853504,6,128
87,849,8856576,6,128
13,850,8859648,6,128
63,850,8862720,6,128
87,850,8865792,6,128
13,851,8868864,6,128
63,851,8871936,6,128
87,851,8875008,6,128
13,852,8878080,6,128
63,852,8881152,6,128
87,852,8884224,6,128
3,847,8887296,6,128
3,848,8890368,6,128
3,849,8893440,6,128
3,850,8896512,6,128
3,851,8899584,6,128
3,852,8902656,6,128
3,853,8905728,6,128
13,853,8908800,6,128
63,853,8911872,6,128
87,853,8914944,6,128
3,854,8918016,6,128
13,854,8921088,6,128
63,854,8924160,6,128
87,854,8927232,6,128
3,855,8930304,6,128
13,855,8933376,6,128
63,855,8936448,6,128
87,855,8939520,6,128
3,856,8942592,6,128
13,856,8945664,6,128
63,856,8948736,6,128
87,856,8951808,6,128
95,850,8954880,6,128
95,851,8957952,6,128
95,852,8961024,6,128
95,853,8964096,6,128
95,854,8967168,6,128
95,855,8970240,6,128
95,856,8973312,6,128
3,857,8976384,6,128
13,857,8979456,6,128
63,857,8982528,6,128
87,857,8985600,6,128
95,857,8988672,6,128
3,858,8991744,6,128
13,858,8994816,6,128
63,858,8997888,6,128
87,858,9000960,6,128
95,858,9004032,6,128
3,859,9007104,6,128
13,859,9010176,6,128
87,859,9013248,6,128
95,859,9016320,6,128
3,860,9019392,6,128
13,860,9022464,6,128
87,860,9025536,6,128
95,860,9028608,6,128
3,861,9031680,6,128
13,861,9034752,6,128
75,855,9037824,6,128
75,856,9040896,6,128
75,857,9043968,6,128
75,858,9047040,6,128
75,859,9050112,6,128
75,860,9053184,6,128
75,861,9056256,6,128
87,861,9059328,6,128
95,861,9062400,6,128
3,862,9065472,6,128
75,862,9068544,6,128
85,856,9071616,6,128
85,857,9074688,6,128
85,858,9077760,6,128
85,859,9080832,6,128
85,860,9083904,6,128
85,861,9086976,6,128
85,862,9090048,6,128
87,862,9093120,6,128
95,862,9096192,6,128
3,863,9099264,6,128
75,863,9102336,6,128
85,863,9105408,6,128
95,863,9108480,6,128
3,864,9111552,6,128
68,858,9114624,6,128
68,859,9117696,6,128
68,860,9120768,6,128
68,861,9123840,6,128
68,862,9126912,6,128
68,863,9129984,6,128
68,864,9133056,6,128
75,864,9136128,6,128
85,864,9139200,6,128
95,864,9142272,6,128
3,865,9145344,6,128
68,865,9148416,6,128
75,865,9151488,6,128
85,865,9154560,6,128
95,865,9157632,6,128
3,866,9160704,6,128
68,866,9163776,6,128
75,866,9166848,6,128
85,866,9169920,6,128
95,866,9172992,6,128
3,867,9176064,6,128
68,867,9179136,6,128
75,867,9182208,6,128
85,867,9185280,6,128
95,867,9188352,6,128
3,868,9191424,6,128
68,868,9194496,6,128
75,868,9197568,6,128
85,868,9200640,6,128
95,868,9203712,6,128
3,869,9206784,6,128
68,869,9209856,6,128
75,869,9212928,6,128
85,869,9216000,6,128
95,869,9219072,6,128
3,870,9222144,6,128
47,864,9225216,6,128
47,865,9228288,6,128
47,866,9231360,6,128
47,867,9234432,6,128
47,868,9237504,6,128
47,869,9240576,6,128
47,870,9243648,6,128
68,870,9246720,6,128
70,864,9249792,6,128
70,865,9252864,6,128
70,866,9255936,6,128
70,867,9259008,6,128
70,868,9262080,6,128
70,869,9265152,6,128
70,870,9268224,6,128
75,870,9271296,6,128
85,870,9274368,6,128
95,870,9277440,6,128
47,871,9280512,6,128
68,871,9283584,6,128
70,871,9286656,6,128
75,871,9289728,6,128
85,871,9292800,6,128
95,871,9295872,6,128
47,872,9298944,6,128
68,872,9302016,6,128
70,872,9305088,6,128
75,872,9308160,6,128
85,872,9311232,6,128
47,873,9314304,6,128
68,873,9317376,6,128
70,873,9320448,6,128
75,873,9323520,6,128
85,873,9326592,6,128
16,868,9329664,6,128
16,869,9332736,6,128
16,870,9335808,6,128
16,871,9338880,6,128
16,872,9341952,6,128
16,873,9345024,6,128
16,874,9348096,6,128
30,868,9351168,6,128
30,869,9354240,6,128
30,870,9357312,6,128
30,871,9360384,6,128
30,872,9363456,6,128
30,873,9366528,6,128
30,874,9369600,6,128
47,874,9372672,6,128
68,874,9375744,6,128
70,874,9378816,6,128
75,874,9381888,6,128
85,874,9384960,6,128
16,875,9388032,6,128
30,875,9391104,6,128
47,875,9394176,6,128
68,875,9397248,6,128
70,875,9400320,6,128
75,875,9403392,6,128
85,875,9406464,6,128
16,876,9409536,6,128
30,876,9412608,6,128
47,876,9415680,6,128
68,876,9418752,6,128
70,876,9421824,6,128
75,876,9424896,6,128
85,876,9427968,6,128
16,877,9431040,6,128
30,877,9434112,6,128
47,877,9437184,6,128
68,877,9440256,6,128
70,877,9443328,6,128
79,871,9446400,6,128
79,872,9449472,6,128
79,873,9452544,6,128
79,874,9455616,6,128
79,875,9458688,6,128
79,876,9461760,6,128
79,877,9464832,6,128
85,877,9467904,6,128
16,878,9470976,6,128
30,878,9474048,6,128
47,878,9477120,6,128
68,878,9480192,6,128
70,878,9483264,6,128
79,878,9486336,6,128
16,879,9489408,6,128
30,879,9492480,6,128
47,879,9495552,6,128
68,879,9498624,6,128
70,879,9501696,6,128
79,879,9504768,6,128
16,880,9507840,6,128
30,880,9510912,6,128
47,880,9513984,6,128
70,880,9517056,6,128
79,880,9520128,6,128
16,881,9523200,6,128
30,881,9526272,6,128
47,881,9529344,6,128
70,881,9532416,6,128
79,881,9535488,6,128
16,882,9538560,6,128
30,882,9541632,6,128
47,882,9544704,6,128
70,882,9547776,6,128
79,882,9550848,6,128
16,883,9553920,6,128
30,883,9556992,6,128
47,883,9560064,6,128
70,883,9563136,6,128
79,883,9566208,6,128
16,884,9569280,6,128
30,884,9572352,6,128
47,884,9575424,6,128
70,884,9578496,6,128
79,884,9581568,6,128
16,885,9584640,6,128
30,885,9587712,6,128
47,885,9590784,6,128
70,885,9593856,6,128
79,885,9596928,6,128
16,886,9600000,6,128
30,886,9603072,6,128
47,886,9606144,6,128
70,886,9609216,6,128
79,886,9612288,6,128
16,887,9615360,6,128
30,887,9618432,6,128
47,887,9621504,6,128
70,887,9624576,6,128
79,887,9627648,6,128
16,888,9630720,6,128
30,888,9633792,6,128
79,888,9636864,6,128
16,889,9639936,6,128
30,889,9643008,6,128
36,883,9646080,6,128
36,884,9649152,6,128
36,885,9652224,6,128
36,886,9655296,6,128
36,887,9658368,6,128
36,888,9661440,6,128
36,889,9664512,6,128
79,889,9667584,6,128
36,890,9670656,6,128
79,890,9673728,6,128
36,891,9676800,6,128
79,891,9679872,6,128
18,886,9682944,6,128
18,887,9686016,6,128
18,888,9689088,6,128
18,889,9692160,6,128
18,890,9695232,6,128
18,891,9698304,6,128
18,892,9701376,6,128
36,892,9704448,6,128
79,892,9707520,6,128
18,893,9710592,6,128
36,893,9713664,6,128
79,893,9716736,6,128
18,894,9719808,6,128
36,894,9722880,6,128
79,894,9725952,6,128
18,895,9729024,6,128
36,895,9732096,6,128
18,896,9735168,6,128
36,896,9738240,6,128
18,897,9741312,6,128
36,897,9744384,6,128
18,898,9747456,6,128
36,898,9750528,6,128
18,899,9753600,6,128
36,899,9756672,6,128
18,900,9759744,6,128
36,900,9762816,6,128
18,901,9765888,6,128
36,901,9768960,6,128
18,902,9772032,6,128
36,902,9775104,6,128
18,903,9778176,6,128
36,903,9781248,6,128
18,904,9784320,6,128
36,904,9787392,6,128
18,905,9790464,6,128
27,899,9793536,6,128
27,900,9796608,6,128
27,901,9799680,6,128
27,902,9802752,6,128
27,903,9805824,6,128
27,904,9808896,6,128
27,905,9811968,6,128
36,905,9815040,6,128
18,906,9818112,6,128
27,906,9821184,6,128
36,906,9824256,6,128
18,907,9827328,6,128
27,907,9830400,6,128
18,908,9833472,6,128
27,908,9836544,6,128
18,909,9839616,6,128
27,909,9842688,6,128
27,910,9845760,6,128
19,905,9848832,6,128
19,906,9851904,6,128
19,907,9854976,6,128
19,908,9858048,6,128
19,909,9861120,6,128
19,910,9864192,6,128
19,911,9867264,6,128
27,911,9870336,6,128
89,905,9873408,6,128
89,906,9876480,6,128
89,907,9879552,6,128
89,908,9882624,6,128
89,909,9885696,6,128
89,910,9888768,6,128
89,911,9891840,6,128
19,912,9894912,6,128
27,912,9897984,6,128
89,912,9901056,6,128
19,913,9904128,6,128
27,913,9907200,6,128
89,913,9910272,6,128
19,914,9913344,6,128
27,914,9916416,6,128
89,914,9919488,6,128
19,915,9922560,6,128
27,915,9925632,6,128
51,909,9928704,6,128
51,910,9931776,6,128
51,911,9934848,6,128
51,912,9937920,6,128
51,913,9940992,6,128
51,914,9944064,6,128
51,915,9947136,6,128
89,915,9950208,6,128
19,916,9953280,6,128
27,916,9956352,6,128
29,910,9959424,6,128
29,911,9962496,6,128
29,912,9965568,6,128
29,913,9968640,6,128
29,914,9971712,6,128
29,915,9974784,6,128
29,916,9977856,6,128
51,916,9980928,6,128
89,916,9984000,6,128
19,917,9987072,6,128
27,917,9990144,6,128
29,917,9993216,6,128
51,917,9996288,6,128
89,917,9999360,6,128
19,918,10002432,6,128
27,918,10005504,6,128
29,918,10008576,6,128
51,918,10011648,6,128
89,918,10014720,6,128
19,919,10017792,6,128
27,919,10020864,6,128
29,919,10023936,6,128
51,919,10027008,6,128
89,919,10030080,6,128
19,920,10033152,6,128
27,920,10036224,6,128
29,920,10039296,6,128
51,920,10042368,6,128
89,920,10045440,6,128
19,921,10048512,6,128
27,921,10051584,6,128
29,921,10054656,6,128
51,921,10057728,6,128
89,921,10060800,6,128
19,922,10063872,6,128
27,922,10066944,6,128
29,922,10070016,6,128
51,922,10073088,6,128
89,922,10076160,6,128
19,923,10079232,6,128
29,923,10082304,6,128
51,923,10085376,6,128
89,923,10088448,6,128
19,924,10091520,6,128
29,924,10094592,6,128
51,924,10097664,6,128
89,924,10100736,6,128
19,925,10103808,6,128
29,925,10106880,6,128
51,925,10109952,6,128
82,919,10113024,6,128
82,920,10116096,6,128
82,921,10119168,6,128
82,922,10122240,6,128
82,923,10125312,6,128
82,924,10128384,6,128
82,925,10131456,6,128
89,925,10134528,6,128
19,926,10137600,6,128
29,926,10140672,6,128
51,926,10143744,6,128
82,926,10146816,6,128
89,926,10149888,6,128
19,927,10152960,6,128
29,927,10156032,6,128
51,927,10159104,6,128
82,927,10162176,6,128
19,928,10165248,6,128
29,928,10168320,6,128
51,928,10171392,6,128
82,928,10174464,6,128
29,929,10177536,6,128
51,929,10180608,6,128
82,929,10183680,6,128
29,930,10186752,6,128
51,930,10189824,6,128
82,930,10192896,6,128
29,931,10195968,6,128
82,931,10199040,6,128
82,932,10202112,6,128
82,933,10205184,6,128
67,928,10208256,6,128
67,929,10211328,6,128
67,930,10214400,6,128
67,931,10217472,6,128
67,932,10220544,6,128
67,933,10223616,6,128
67,934,10226688,6,128
82,934,10229760,6,128
67,935,10232832,6,128
82,935,10235904,6,128
67,936,10238976,6,128
82,936,10242048,6,128
67,937,10245120,6,128
82,937,10248192,6,128
67,938,10251264,6,128
82,938,10254336,6,128
67,939,10257408,6,128
82,939,10260480,6,128
67,940,10263552,6,128
82,940,10266624,6,128
67,941,10269696,6,128
82,941,10272768,6,128
67,942,10275840,6,128
82,942,10278912,6,128
67,943,10281984,6,128
67,944,10285056,6,128
67,945,10288128,6,128
67,946,10291200,6,128
67,947,10294272,6,128
67,948,10297344,6,128
67,949,10300416,6,128
67,950,10303488,6,128
67,951,10306560,6,128
86,947,10309632,6,128
86,948,10312704,6,128
86,949,10315776,6,128
86,950,10318848,6,128
86,951,10321920,6,128
86,952,10324992,6,128
86,953,10328064,6,128
86,954,10331136,6,128
86,955,10334208,6,128
86,956,10337280,6,128
86,957,10340352,6,128
86,958,10343424,6,128
86,959,10346496,6,128
86,960,10349568,6,128
86,961,10352640,6,128
86,962,10355712,6,128
86,963,10358784,6,128
55,958,10361856,6,128
55,959,10364928,6,128
55,960,10368000,6,128
55,961,10371072,6,128
55,962,10374144,6,128
55,963,10377216,6,128
55,964,10380288,6,128
86,964,10383360,6,128
55,965,10386432,6,128
86,965,10389504,6,128
55,966,10392576,6,128
86,966,10395648,6,128
14,961,10398720,6,128
14,962,10401792,6,128
14,963,10404864,6,128
14,964,10407936,6,128
14,965,10411008,6,128
14,966,10414080,6,128
14,967,10417152,6,128
55,967,10420224,6,128
86,967,10423296,6,128
14,968,10426368,6,128
55,968,10429440,6,128
86,968,10432512,6,128
14,969,10435584,6,128
55,969,10438656,6,128
86,969,10441728,6,128
14,970,10444800,6,128
55,970,10447872,6,128
86,970,10450944,6,128
14,971,10454016,6,128
55,971,10457088,6,128
14,972,10460160,6,128
55,972,10463232,6,128
14,973,10466304,6,128
55,973,10469376,6,128
10,968,10472448,6,128
10,969,10475520,6,128
10,970,10478592,6,128
10,971,10481664,6,128
10,972,10484736,6,128
10,973,10487808,6,128
10,974,10490880,6,128
14,974,10493952,6,128
55,974,10497024,6,128
10,975,10500096,6,128
14,975,10503168,6,128
55,975,10506240,6,128
10,976,10509312,6,128
14,976,10512384,6,128
55,976,10515456,6,128
10,977,10518528,6,128
14,977,10521600,6,128
55,977,10524672,6,128
10,978,10527744,6,128
14,978,10530816,6,128
22,972,10533888,6,128
22,973,10536960,6,128
22,974,10540032,6,128
22,975,10543104,6,128
22,976,10546176,6,128
22,977,10549248,6,128
22,978,10552320,6,128
50,972,10555392,6,128
50,973,10558464,6,128
50,974,10561536,6,128
50,975,10564608,6,128
50,976,10567680,6,128
50,977,10570752,6,128
50,978,10573824,6,128
55,978,10576896,6,128
10,979,10579968,6,128
14,979,10583040,6,128
22,979,10586112,6,128
50,979,10589184,6,128
55,979,10592256,6,128
10,980,10595328,6,128
14,980,10598400,6,128
22,980,10601472,6,128
50,980,10604544,6,128
10,981,10607616,6,128
14,981,10610688,6,128
22,981,10613760,6,128
50,981,10616832,6,128
10,982,10619904,6,128
14,982,10622976,6,128
22,982,10626048,6,128
50,982,10629120,6,128
10,983,10632192,6,128
14,983,10635264,6,128
22,983,10638336,6,128
50,983,10641408,6,128
10,984,10644480,6,128
14,984,10647552,6,128
22,984,10650624,6,128
50,984,10653696,6,128
10,985,10656768,6,128
22,985,10659840,6,128
50,985,10662912,6,128
10,986,10665984,6,128
22,986,10669056,6,128
50,986,10672128,6,128
10,987,10675200,6,128
22,987,10678272,6,128
50,987,10681344,6,128
10,988,10684416,6,128
22,988,10687488,6,128
50,988,10690560,6,128
10,989,10693632,6,128
22,989,10696704,6,128
50,989,10699776,6,128
22,990,10702848,6,128
50,990,10705920,6,128
22,991,10708992,6,128
50,991,10712064,6,128
22,992,10715136,6,128
50,992,10718208,6,128
22,993,10721280,6,128
50,993,10724352,6,128
50,994,10727424,6,128
50,995,10730496,6,128
17,992,10733568,6,128
17,993,10736640,6,128
17,994,10739712,6,128
17,995,10742784,6,128
17,996,10745856,6,128
17,997,10748928,6,128
17,998,10752000,6,128
17,999,10755072,6,128
17,1000,10758144,6,128
17,1001,10761216,6,128
17,1002,10764288,6,128
17,1003,10767360,6,128
2,998,10770432,6,128
2,999,10773504,6,128
2,1000,10776576,6,128
2,1001,10779648,6,128
2,1002,10782720,6,128
2,1003,10785792,6,128
2,1004,10788864,6,128
17,1004,10791936,6,128
2,1005,10795008,6,128
17,1005,10798080,6,128
2,1006,10801152,6,128
17,1006,10804224,6,128
2,1007,10807296,6,128
17,1007,10810368,6,128
61,1001,10813440,6,128
61,1002,10816512,6,128
61,1003,10819584,6,128
61,1004,10822656,6,128
61,1005,10825728,6,128
61,1006,10828800,6,128
61,1007,10831872,6,128
2,1008,10834944,6,128
17,1008,10838016,6,128
61,1008,10841088,6,128
2,1009,10844160,6,128
17,1009,10847232,6,128
61,1009,10850304,6,128
2,1010,10853376,6,128
17,1010,10856448,6,128
61,1010,10859520,6,128
2,1011,10862592,6,128
17,1011,10865664,6,128
61,1011,10868736,6,128
2,1012,10871808,6,128
17,1012,10874880,6,128
61,1012,10877952,6,128
2,1013,10881024,6,128
17,1013,10884096,6,128
61,1013,10887168,6,128
69,1007,10890240,6,128
69,1008,10893312,6,128
69,1009,10896384,6,128
69,1010,10899456,6,128
69,1011,10902528,6,128
69,1012,10905600,6,128
69,1013,10908672,6,128
2,1014,10911744,6,128
17,1014,10914816,6,128
31,1008,10917888,6,128
31,1009,10920960,6,128
31,1010,10924032,6,128
31,1011,10927104,6,128
31,1012,10930176,6,128
31,1013,10933248,6,128
31,1014,10936320,6,128
61,1014,10939392,6,128
69,1014,10942464,6,128
2,1015,10945536,6,128
17,1015,10948608,6,128
31,1015,10951680,6,128
61,1015,10954752,6,128
69,1015,10957824,6,128
2,1016,10960896,6,128
31,1016,10963968,6,128
48,1010,10967040,6,128
48,1011,10970112,6,128
48,1012,10973184,6,128
48,1013,10976256,6,128
48,1014,10979328,6,128
48,1015,10982400,6,128
48,1016,10985472,6,128
61,1016,10988544,6,128
69,1016,10991616,6,128
2,1017,10994688,6,128
31,1017,10997760,6,128
48,1017,11000832,6,128
61,1017,11003904,6,128
69,1017,11006976,6,128
2,1018,11010048,6,128
31,1018,11013120,6,128
48,1018,11016192,6,128
61,1018,11019264,6,128
69,1018,11022336,6,128
1,1013,11025408,6,128
1,1014,11028480,6,128
1,1015,11031552,6,128
1,1016,11034624,6,128
1,1017,11037696,6,128
1,1018,11040768,6,128
1,1019,11043840,6,128
2,1019,11046912,6,128
11,1013,11049984,6,128
11,1014,11053056,6,128
11,1015,11056128,6,128
11,1016,11059200,6,128
11,1017,11062272,6,128
11,1018,11065344,6,128
11,1019,11068416,6,128
31,1019,11071488,6,128
48,1019,11074560,6,128
61,1019,11077632,6,128
69,1019,11080704,6,128
1,1020,11083776,6,128
2,1020,11086848,6,128
11,1020,11089920,6,128
31,1020,11092992,6,128
48,1020,11096064,6,128
60,1014,11099136,6,128
60,1015,11102208,6,128
60,1016,11105280,6,128
60,1017,11108352,6,128
60,1018,11111424,6,128
60,1019,11114496,6,128
60,1020,11117568,6,128
61,1020,11120640,6,128
69,1020,11123712,6,128
1,1021,11126784,6,128
2,1021,11129856,6,128
11,1021,11132928,6,128
31,1021,11136000,6,128
48,1021,11139072,6,128
60,1021,11142144,6,128
61,1021,11145216,6,128
69,1021,11148288,6,128
1,1022,11151360,6,128
11,1022,11154432,6,128
31,1022,11157504,6,128
48,1022,11160576,6,128
60,1022,11163648,6,128
61,1022,11166720,6,128
69,1022,11169792,6,128
1,1023,11172864,6,128
11,1023,11175936,6,128
31,1023,11179008,6,128
48,1023,11182080,6,128
60,1023,11185152,6,128
69,1023,11188224,6,128
1,1024,11191296,6,128
11,1024,11194368,6,128
31,1024,11197440,6,128
48,1024,11200512,6,128
60,1024,11203584,6,128
69,1024,11206656,6,128
1,1025,11209728,6,128
11,1025,11212800,6,128
31,1025,11215872,6,128
48,1025,11218944,6,128
60,1025,11222016,6,128
69,1025,11225088,6,128
1,1026,11228160,6,128
11,1026,11231232,6,128
31,1026,11234304,6,128
48,1026,11237376,6,128
60,1026,11240448,6,128
69,1026,11243520,6,128
1,1027,11246592,6,128
11,1027,11249664,6,128
26,1021,11252736,6,128
26,1022,11255808,6,128
26,1023,11258880,6,128
26,1024,11261952,6,128
26,1025,11265024,6,128
26,1026,11268096,6,128
26,1027,11271168,6,128
31,1027,11274240,6,128
48,1027,11277312,6,128
60,1027,11280384,6,128
69,1027,11283456,6,128
1,1028,11286528,6,128
11,1028,11289600,6,128
26,1028,11292672,6,128
31,1028,11295744,6,128
48,1028,11298816,6,128
60,1028,11301888,6,128
69,1028,11304960,6,128
1,1029,11308032,6,128
11,1029,11311104,6,128
26,1029,11314176,6,128
31,1029,11317248,6,128
48,1029,11320320,6,128
60,1029,11323392,6,128
1,1030,11326464,6,128
11,1030,11329536,6,128
26,1030,11332608,6,128
48,1030,11335680,6,128
60,1030,11338752,6,128
1,1031,11341824,6,128
11,1031,11344896,6,128
26,1031,11347968,6,128
48,1031,11351040,6,128
60,1031,11354112,6,128
1,1032,11357184,6,128
11,1032,11360256,6,128
26,1032,11363328,6,128
48,1032,11366400,6,128
60,1032,11369472,6,128
1,1033,11372544,6,128
11,1033,11375616,6,128
26,1033,11378688,6,128
48,1033,11381760,6,128
60,1033,11384832,6,128
1,1034,11387904,6,128
11,1034,11390976,6,128
26,1034,11394048,6,128
34,1028,11397120,6,128
34,1029,11400192,6,128
34,1030,11403264,6,128
34,1031,11406336,6,128
34,1032,11409408,6,128
34,1033,11412480,6,128
34,1034,11415552,6,128
60,1034,11418624,6,128
11,1035,11421696,6,128
26,1035,11424768,6,128
34,1035,11427840,6,128
60,1035,11430912,6,128
11,1036,11433984,6,128
26,1036,11437056,6,128
34,1036,11440128,6,128
60,1036,11443200,6,128
26,1037,11446272,6,128
34,1037,11449344,6,128
60,1037,11452416,6,128
26,1038,11455488,6,128
34,1038,11458560,6,128
26,1039,11461632,6,128
34,1039,11464704,6,128
26,1040,11467776,6,128
34,1040,11470848,6,128
26,1041,11473920,6,128
34,1041,11476992,6,128
26,1042,11480064,6,128
34,1042,11483136,6,128
34,1043,11486208,6,128
34,1044,11489280,6,128
46,1038,11492352,6,128
46,1039,11495424,6,128
46,1040,11498496,6,128
46,1041,11501568,6,128
46,1042,11504640,6,128
46,1043,11507712,6,128
46,1044,11510784,6,128
23,1039,11513856,6,128
23,1040,11516928,6,128
23,1041,11520000,6,128
23,1042,11523072,6,128
23,1043,11526144,6,128
23,1044,11529216,6,128
23,1045,11532288,6,128
34,1045,11535360,6,128
46,1045,11538432,6,128
23,1046,11541504,6,128
34,1046,11544576,6,128
46,1046,11547648,6,128
23,1047,11550720,6,128
34,1047,11553792,6,128
46,1047,11556864,6,128
81,1041,11559936,6,128
81,1042,11563008,6,128
81,1043,11566080,6,128
81,1044,11569152,6,128
81,1045,11572224,6,128
81,1046,11575296,6,128
81,1047,11578368,6,128
23,1048,11581440,6,128
34,1048,11584512,6,128
46,1048,11587584,6,128
81,1048,11590656,6,128
23,1049,11593728,6,128
34,1049,11596800,6,128
46,1049,11599872,6,128
65,1043,11602944,6,128
65,1044,11606016,6,128
65,1045,11609088,6,128
65,1046,11612160,6,128
65,1047,11615232,6,128
65,1048,11618304,6,128
65,1049,11621376,6,128
81,1049,11624448,6,128
23,1050,11627520,6,128
46,1050,11630592,6,128
65,1050,11633664,6,128
81,1050,11636736,6,128
23,1051,11639808,6,128
46,1051,11642880,6,128
65,1051,11645952,6,128
81,1051,11649024,6,128
23,1052,11652096,6,128
46,1052,11655168,6,128
65,1052,11658240,6,128
81,1052,11661312,6,128
23,1053,11664384,6,128
46,1053,11667456,6,128
65,1053,11670528,6,128
81,1053,11673600,6,128
23,1054,11676672,6,128
46,1054,11679744,6,128
65,1054,11682816,6,128
81,1054,11685888,6,128
23,1055,11688960,6,128
46,1055,11692032,6,128
65,1055,11695104,6,128
81,1055,11698176,6,128
23,1056,11701248,6,128
46,1056,11704320,6,128
65,1056,11707392,6,128
81,1056,11710464,6,128
23,1057,11713536,6,128
46,1057,11716608,6,128
65,1057,11719680,6,128
81,1057,11722752,6,128
23,1058,11725824,6,128
46,1058,11728896,6,128
65,1058,11731968,6,128
81,1058,11735040,6,128
23,1059,11738112,6,128
46,1059,11741184,6,128
65,1059,11744256,6,128
81,1059,11747328,6,128
23,1060,11750400,6,128
46,1060,11753472,6,128
65,1060,11756544,6,128
81,1060,11759616,6,128
23,1061,11762688,6,128
46,1061,11765760,6,128
65,1061,11768832,6,128
81,1061,11771904,6,128
23,1062,11774976,6,128
58,1056,11778048,6,128
58,1057,11781120,6,128
58,1058,11784192,6,128
58,1059,11787264,6,128
58,1060,11790336,6,128
58,1061,11793408,6,128
58,1062,11796480,6,128
65,1062,11799552,6,128
81,1062,11802624,6,128
58,1063,11805696,6,128
65,1063,11808768,6,128
81,1063,11811840,6,128
58,1064,11814912,6,128
65,1064,11817984,6,128
81,1064,11821056,6,128
58,1065,11824128,6,128
58,1066,11827200,6,128
62,1060,11830272,6,128
62,1061,11833344,6,128
62,1062,11836416,6,128
62,1063,11839488,6,128
62,1064,11842560,6,128
62,1065,11845632,6,128
62,1066,11848704,6,128
76,1060,11851776,6,128
76,1061,11854848,6,128
76,1062,11857920,6,128
76,1063,11860992,6,128
76,1064,11864064,6,128
76,1065,11867136,6,128
76,1066,11870208,6,128
58,1067,11873280,6,128
62,1067,11876352,6,128
76,1067,11879424,6,128
92,1061,11882496,6,128
92,1062,11885568,6,128
92,1063,11888640,6,128
92,1064,11891712,6,128
92,1065,11894784,6,128
92,1066,11897856,6,128
92,1067,11900928,6,128
58,1068,11904000,6,128
62,1068,11907072,6,128
76,1068,11910144,6,128
92,1068,11913216,6,128
58,1069,11916288,6,128
62,1069,11919360,6,128
76,1069,11922432,6,128
92,1069,11925504,6,128
58,1070,11928576,6,128
62,1070,11931648,6,128
76,1070,11934720,6,128
92,1070,11937792,6,128
58,1071,11940864,6,128
62,1071,11943936,6,128
76,1071,11947008,6,128
92,1071,11950080,6,128
58,1072,11953152,6,128
62,1072,11956224,6,128
76,1072,11959296,6,128
92,1072,11962368,6,128
58,1073,11965440,6,128
62,1073,11968512,6,128
76,1073,11971584,6,128
92,1073,11974656,6,128
58,1074,11977728,6,128
62,1074,11980800,6,128
76,1074,11983872,6,128
92,1074,11986944,6,128
58,1075,11990016,6,128
62,1075,11993088,6,128
76,1075,11996160,6,128
92,1075,11999232,6,128
58,1076,12002304,6,128
62,1076,12005376,6,128
76,1076,12008448,6,128
92,1076,12011520,6,128
58,1077,12014592,6,128
62,1077,12017664,6,128
76,1077,12020736,6,128
92,1077,12023808,6,128
58,1078,12026880,6,128
62,1078,12029952,6,128
76,1078,12033024,6,128
92,1078,12036096,6,128
58,1079,12039168,6,128
62,1079,12042240,6,128
76,1079,12045312,6,128
92,1079,12048384,6,128
62,1080,12051456,6,128
76,1080,12054528,6,128
92,1080,12057600,6,128
62,1081,12060672,6,128
76,1081,12063744,6,128
92,1081,12066816,6,128
62,1082,12069888,6,128
92,1082,12072960,6,128
62,1083,12076032,6,128
63,1078,12079104,6,128
63,1079,12082176,6,128
63,1080,12085248,6,128
63,1081,12088320,6,128
63,1082,12091392,6,128
63,1083,12094464,6,128
63,1084,12097536,6,128
63,1085,12100608,6,128
63,1086,12103680,6,128
63,1087,12106752,6,128
63,1088,12109824,6,128
63,1089,12112896,6,128
63,1090,12115968,6,128
63,1091,12119040,6,128
63,1092,12122112,6,128
63,1093,12125184,6,128
12,1088,12128256,6,128
12,1089,12131328,6,128
12,1090,12134400,6,128
12,1091,12137472,6,128
12,1092,12140544,6,128
12,1093,12143616,6,128
12,1094,12146688,6,128
63,1094,12149760,6,128
12,1095,12152832,6,128
63,1095,12155904,6,128
12,1096,12158976,6,128
63,1096,12162048,6,128
12,1097,12165120,6,128
63,1097,12168192,6,128
95,1091,12171264,6,128
95,1092,12174336,6,128
95,1093,12177408,6,128
95,1094,12180480,6,128
95,1095,12183552,6,128
95,1096,12186624,6,128
95,1097,12189696,6,128
12,1098,12192768,6,128
63,1098,12195840,6,128
95,1098,12198912,6,128
12,1099,12201984,6,128
63,1099,12205056,6,128
95,1099,12208128,6,128
12,1100,12211200,6,128
63,1100,12214272,6,128
95,1100,12217344,6,128
12,1101,12220416,6,128
63,1101,12223488,6,128
95,1101,12226560,6,128
12,1102,12229632,6,128
75,1096,12232704,6,128
75,1097,12235776,6,128
75,1098,12238848,6,128
75,1099,12241920,6,128
75,1100,12244992,6,128
75,1101,12248064,6,128
75,1102,12251136,6,128
95,1102,12254208,6,128
12,1103,12257280,6,128
75,1103,12260352,6,128
85,1097,12263424,6,128
85,1098,12266496,6,128
85,1099,12269568,6,128
85,1100,12272640,6,128
85,1101,12275712,6,128
85,1102,12278784,6,128
85,1103,12281856,6,128
95,1103,12284928,6,128
12,1104,12288000,6,128
75,1104,12291072,6,128
85,1104,12294144,6,128
95,1104,12297216,6,128
12,1105,12300288,6,128
68,1099,12303360,6,128
68,1100,12306432,6,128
68,1101,12309504,6,128
68,1102,12312576,6,128
68,1103,12315648,6,128
68,1104,12318720,6,128
68,1105,12321792,6,128
75,1105,12324864,6,128
85,1105,12327936,6,128
95,1105,12331008,6,128
12,1106,12334080,6,128
68,1106,12337152,6,128
75,1106,12340224,6,128
85,1106,12343296,6,128
95,1106,12346368,6,128
12,1107,12349440,6,128
68,1107,12352512,6,128
75,1107,12355584,6,128
85,1107,12358656,6,128
95,1107,12361728,6,128
12,1108,12364800,6,128
68,1108,12367872,6,128
75,1108,12370944,6,128
85,1108,12374016,6,128
95,1108,12377088,6,128
12,1109,12380160,6,128
68,1109,12383232,6,128
75,1109,12386304,6,128
85,1109,12389376,6,128
95,1109,12392448,6,128
68,1110,12395520,6,128
75,1110,12398592,6,128
85,1110,12401664,6,128
95,1110,12404736,6,128
68,1111,12407808,6,128
75,1111,12410880,6,128
85,1111,12413952,6,128
95,1111,12417024,6,128
68,1112,12420096,6,128
75,1112,12423168,6,128
85,1112,12426240,6,128
95,1112,12429312,6,128
68,1113,12432384,6,128
75,1113,12435456,6,128
85,1113,12438528,6,128
95,1113,12441600,6,128
68,1114,12444672,6,128
75,1114,12447744,6,128
85,1114,12450816,6,128
95,1114,12453888,6,128
16,1109,12456960,6,128
16,1110,12460032,6,128
16,1111,12463104,6,128
16,1112,12466176,6,128
16,1113,12469248,6,128
16,1114,12472320,6,128
16,1115,12475392,6,128
30,1109,12478464,6,128
30,1110,12481536,6,128
30,1111,12484608,6,128
30,1112,12487680,6,128
30,1113,12490752,6,128
30,1114,12493824,6,128
30,1115,12496896,6,128
68,1115,12499968,6,128
75,1115,12503040,6,128
85,1115,12506112,6,128
16,1116,12509184,6,128
30,1116,12512256,6,128
68,1116,12515328,6,128
75,1116,12518400,6,128
85,1116,12521472,6,128
16,1117,12524544,6,128
30,1117,12527616,6,128
68,1117,12530688,6,128
75,1117,12533760,6,128
85,1117,12536832,6,128
16,1118,12539904,6,128
30,1118,12542976,6,128
68,1118,12546048,6,128
75,1118,12549120,6,128
85,1118,12552192,6,128
16,1119,12555264,6,128
30,1119,12558336,6,128
68,1119,12561408,6,128
75,1119,12564480,6,128
78,1113,12567552,6,128
78,1114,12570624,6,128
78,1115,12573696,6,128
78,1116,12576768,6,128
78,1117,12579840,6,128
78,1118,12582912,6,128
78,1119,12585984,6,128
85,1119,12589056,6,128
16,1120,12592128,6,128
30,1120,12595200,6,128
68,1120,12598272,6,128
78,1120,12601344,6,128
85,1120,12604416,6,128
16,1121,12607488,6,128
20,1115,12610560,6,128
20,1116,12613632,6,128
20,1117,12616704,6,128
20,1118,12619776,6,128
20,1119,12622848,6,128
20,1120,12625920,6,128
20,1121,12628992,6,128
30,1121,12632064,6,128
68,1121,12635136,6,128
78,1121,12638208,6,128
16,1122,12641280,6,128
20,1122,12644352,6,128
30,1122,12647424,6,128
68,1122,12650496,6,128
78,1122,12653568,6,128
16,1123,12656640,6,128
20,1123,12659712,6,128
30,1123,12662784,6,128
78,1123,12665856,6,128
16,1124,12668928,6,128
20,1124,12672000,6,128
30,1124,12675072,6,128
78,1124,12678144,6,128
16,1125,12681216,6,128
20,1125,12684288,6,128
30,1125,12687360,6,128
78,1125,12690432,6,128
16,1126,12693504,6,128
20,1126,12696576,6,128
30,1126,12699648,6,128
78,1126,12702720,6,128
16,1127,12705792,6,128
20,1127,12708864,6,128
30,1127,12711936,6,128
78,1127,12715008,6,128
16,1128,12718080,6,128
20,1128,12721152,6,128
30,1128,12724224,6,128
78,1128,12727296,6,128
16,1129,12730368,6,128
20,1129,12733440,6,128
30,1129,12736512,6,128
78,1129,12739584,6,128
16,1130,12742656,6,128
20,1130,12745728,6,128
30,1130,12748800,6,128
78,1130,12751872,6,128
16,1131,12754944,6,128
20,1131,12758016,6,128
30,1131,12761088,6,128
78,1131,12764160,6,128
16,1132,12767232,6,128
20,1132,12770304,6,128
30,1132,12773376,6,128
78,1132,12776448,6,128
20,1133,12779520,6,128
78,1133,12782592,6,128
20,1134,12785664,6,128
78,1134,12788736,6,128
20,1135,12791808,6,128
20,1136,12794880,6,128
59,1133,12797952,6,128
59,1134,12801024,6,128
59,1135,12804096,6,128
59,1136,12807168,6,128
59,1137,12810240,6,128
59,1138,12813312,6,128
59,1139,12816384,6,128
59,1140,12819456,6,128
59,1141,12822528,6,128
59,1142,12825600,6,128
59,1143,12828672,6,128
59,1144,12831744,6,128
59,1145,12834816,6,128
59,1146,12837888,6,128
59,1147,12840960,6,128
59,1148,12844032,6,128
59,1149,12847104,6,128
59,1150,12850176,6,128
59,1151,12853248,6,128
59,1152,12856320,6,128
89,1146,12859392,6,128
89,1147,12862464,6,128
89,1148,12865536,6,128
89,1149,12868608,6,128
89,1150,12871680,6,128
89,1151,12874752,6,128
89,1152,12877824,6,128
59,1153,12880896,6,128
89,1153,12883968,6,128
59,1154,12887040,6,128
89,1154,12890112,6,128
89,1155,12893184,6,128
51,1150,12896256,6,128
51,1151,12899328,6,128
51,1152,12902400,6,128
51,1153,12905472,6,128
51,1154,12908544,6,128
51,1155,12911616,6,128
51,1156,12914688,6,128
89,1156,12917760,6,128
29,1151,12920832,6,128
29,1152,12923904,6,128
29,1153,12926976,6,128
29,1154,12930048,6,128
29,1155,12933120,6,128
29,1156,12936192,6,128
29,1157,12939264,6,128
51,1157,12942336,6,128
89,1157,12945408,6,128
29,1158,12948480,6,128
51,1158,12951552,6,128
89,1158,12954624,6,128
29,1159,12957696,6,128
51,1159,12960768,6,128
89,1159,12963840,6,128
29,1160,12966912,6,128
51,1160,12969984,6,128
89,1160,12973056,6,128
29,1161,12976128,6,128
51,1161,12979200,6,128
89,1161,12982272,6,128
29,1162,12985344,6,128
51,1162,12988416,6,128
89,1162,12991488,6,128
15,1157,12994560,6,128
15,1158,12997632,6,128
15,1159,13000704,6,128
15,1160,13003776,6,128
15,1161,13006848,6,128
15,1162,13009920,6,128
15,1163,13012992,6,128
29,1163,13016064,6,128
51,1163,13019136,6,128
89,1163,13022208,6,128
15,1164,13025280,6,128
29,1164,13028352,6,128
51,1164,13031424,6,128
89,1164,13034496,6,128
15,1165,13037568,6,128
29,1165,13040640,6,128
51,1165,13043712,6,128
89,1165,13046784,6,128
15,1166,13049856,6,128
29,1166,13052928,6,128
51,1166,13056000,6,128
89,1166,13059072,6,128
15,1167,13062144,6,128
29,1167,13065216,6,128
51,1167,13068288,6,128
89,1167,13071360,6,128
15,1168,13074432,6,128
29,1168,13077504,6,128
51,1168,13080576,6,128
89,1168,13083648,6,128
15,1169,13086720,6,128
29,1169,13089792,6,128
51,1169,13092864,6,128
89,1169,13095936,6,128
15,1170,13099008,6,128
29,1170,13102080,6,128
51,1170,13105152,6,128
15,1171,13108224,6,128
29,1171,13111296,6,128
51,1171,13114368,6,128
15,1172,13117440,6,128
29,1172,13120512,6,128
51,1172,13123584,6,128
15,1173,13126656,6,128
29,1173,13129728,6,128
51,1173,13132800,6,128
15,1174,13135872,6,128
29,1174,13138944,6,128
15,1175,13142016,6,128
15,1176,13145088,6,128
56,1170,13148160,6,128
56,1171,13151232,6,128
56,1172,13154304,6,128
56,1173,13157376,6,128
56,1174,13160448,6,128
56,1175,13163520,6,128
56,1176,13166592,6,128
15,1177,13169664,6,128
56,1177,13172736,6,128
15,1178,13175808,6,128
56,1178,13178880,6,128
56,1179,13181952,6,128
56,1180,13185024,6,128
56,1181,13188096,6,128
56,1182,13191168,6,128
56,1183,13194240,6,128
56,1184,13197312,6,128
56,1185,13200384,6,128
56,1186,13203456,6,128
56,1187,13206528,6,128
56,1188,13209600,6,128
56,1189,13212672,6,128
56,1190,13215744,6,128
56,1191,13218816,6,128
54,1189,13221888,6,128
54,1190,13224960,6,128
54,1191,13228032,6,128
54,1192,13231104,6,128
54,1193,13234176,6,128
54,1194,13237248,6,128
54,1195,13240320,6,128
54,1196,13243392,6,128
54,1197,13246464,6,128
54,1198,13249536,6,128
0,1193,13252608,6,128
0,1194,13255680,6,128
0,1195,13258752,6,128
0,1196,13261824,6,128
0,1197,13264896,6,128
0,1198,13267968,6,128
0,1199,13271040,6,128
1,1193,13274112,6,128
1,1194,13277184,6,128
1,1195,13280256,6,128
1,1196,13283328,6,128
1,1197,13286400,6,128
1,1198,13289472,6,128
1,1199,13292544,6,128
2,1193,13295616,6,128
2,1194,13298688,6,128
2,1195,13301760,6,128
2,1196,13304832,6,128
2,1197,13307904,6,128
2,1198,13310976,6,128
2,1199,13314048,6,128
3,1193,13317120,6,128
3,1194,13320192,6,128
3,1195,13323264,6,128
3,1196,13326336,6,128
3,1197,13329408,6,128
3,1198,13332480,6,128
3,1199,13335552,6,128
4,1193,13338624,6,128
4,1194,13341696,6,128
4,1195,13344768,6,128
4,1196,13347840,6,128
4,1197,13350912,6,128
4,1198,13353984,6,128
4,1199,13357056,6,128
5,1193,13360128,6,128
5,1194,13363200,6,128
5,1195,13366272,6,128
5,1196,13369344,6,128
5,1197,13372416,6,128
5,1198,13375488,6,128
5,1199,13378560,6,128
6,1193,13381632,6,128
6,1194,13384704,6,128
6,1195,13387776,6,128
6,1196,13390848,6,128
6,1197,13393920,6,128
6,1198,13396992,6,128
6,1199,13400064,6,128
7,1193,13403136,6,128
7,1194,13406208,6,128
7,1195,13409280,6,128
7,1196,13412352,6,128
7,1197,13415424,6,128
7,1198,13418496,6,128
7,1199,13421568,6,128
8,1193,13424640,6,128
8,1194,13427712,6,128
8,1195,13430784,6,128
8,1196,13433856,6,128
8,1197,13436928,6,128
8,1198,13440000,6,128
8,1199,13443072,6,128
9,1193,13446144,6,128
9,1194,13449216,6,128
9,1195,13452288,6,128
9,1196,13455360,6,128
9,1197,13458432,6,128
9,1198,13461504,6,128
9,1199,13464576,6,128
10,1193,13467648,6,128
10,1194,13470720,6,128
10,1195,13473792,6,128
10,1196,13476864,6,128
10,1197,13479936,6,128
10,1198,13483008,6,128
10,1199,13486080,6,128
11,1193,13489152,6,128
11,1194,13492224,6,128
11,1195,13495296,6,128
11,1196,13498368,6,128
11,1197,13501440,6,128
11,1198,13504512,6,128
11,1199,13507584,6,128
12,1193,13510656,6,128
12,1194,13513728,6,128
12,1195,13516800,6,128
12,1196,13519872,6,128
12,1197,13522944,6,128
12,1198,13526016,6,128
12,1199,13529088,6,128
13,1193,13532160,6,128
13,1194,13535232,6,128
13,1195,13538304,6,128
13,1196,13541376,6,128
13,1197,13544448,6,128
13,1198,13547520,6,128
13,1199,13550592,6,128
14,1193,13553664,6,128
14,1194,13556736,6,128
14,1195,13559808,6,128
14,1196,13562880,6,128
14,1197,13565952,6,128
14,1198,13569024,6,128
14,1199,13572096,6,128
15,1193,13575168,6,128
15,1194,13578240,6,128
15,1195,13581312,6,128
15,1196,13584384,6,128
15,1197,13587456,6,128
15,1198,13590528,6,128
15,1199,13593600,6,128
16,1193,13596672,6,128
16,1194,13599744,6,128
16,1195,13602816,6,128
16,1196,13605888,6,128
16,1197,13608960,6,128
16,1198,13612032,6,128
16,1199,13615104,6,128
17,1193,13618176,6,128
17,1194,13621248,6,128
17,1195,13624320,6,128
17,1196,13627392,6,128
17,1197,13630464,6,128
17,1198,13633536,6,128
17,1199,13636608,6,128
18,1193,13639680,6,128
18,1194,13642752,6,128
18,1195,13645824,6,128
18,1196,13648896,6,128
18,1197,13651968,6,128
18,1198,13655040,6,128
18,1199,13658112,6,128
19,1193,13661184,6,128
19,1194,13664256,6,128
19,1195,13667328,6,128
19,1196,13670400,6,128
19,1197,13673472,6,128
19,1198,13676544,6,128
19,1199,13679616,6,128
20,1193,13682688,6,128
20,1194,13685760,6,128
20,1195,13688832,6,128
20,1196,13691904,6,128
20,1197,13694976,6,128
20,1198,13698048,6,128
20,1199,13701120,6,128
21,1193,13704192,6,128
21,1194,13707264,6,128
21,1195,13710336,6,128
21,1196,13713408,6,128
21,1197,13716480,6,128
21,1198,13719552,6,128
21,1199,13722624,6,128
22,1193,13725696,6,128
22,1194,13728768,6,128
22,1195,13731840,6,128
22,1196,13734912,6,128
22,1197,13737984,6,128
22,1198,13741056,6,128
22,1199,13744128,6,128
23,1193,13747200,6,128
23,1194,13750272,6,128
23,1195,13753344,6,128
23,1196,13756416,6,128
23,1197,13759488,6,128
23,1198,13762560,6,128
23,1199,13765632,6,128
24,1193,13768704,6,128
24,1194,13771776,6,128
24,1195,13774848,6,128
24,1196,13777920,6,128
24,1197,13780992,6,128
24,1198,13784064,6,128
24,1199,13787136,6,128
25,1193,13790208,6,128
25,1194,13793280,6,128
25,1195,13796352,6,128
25,1196,13799424,6,128
25,1197,13802496,6,128
25,1198,13805568,6,128
25,1199,13808640,6,128
26,1193,13811712,6,128
26,1194,13814784,6,128
26,1195,13817856,6,128
26,1196,13820928,6,128
26,1197,13824000,6,128
26,1198,13827072,6,128
26,1199,13830144,6,128
27,1193,13833216,6,128
27,1194,13836288,6,128
27,1195,13839360,6,128
27,1196,13842432,6,128
27,1197,13845504,6,128
27,1198,13848576,6,128
27,1199,13851648,6,128
28,1193,13854720,6,128
28,1194,13857792,6,128
28,1195,13860864,6,128
28,1196,13863936,6,128
28,1197,13867008,6,128
28,1198,13870080,6,128
28,1199,13873152,6,128
29,1193,13876224,6,128
29,1194,13879296,6,128
29,1195,13882368,6,128
29,1196,13885440,6,128
29,1197,13888512,6,128
29,1198,13891584,6,128
29,1199,13894656,6,128
30,1193,13897728,6,128
30,1194,13900800,6,128
30,1195,13903872,6,128
30,1196,13906944,6,128
30,1197,13910016,6,128
30,1198,13913088,6,128
30,1199,13916160,6,128
31,1193,13919232,6,128
31,1194,13922304,6,128
31,1195,13925376,6,128
31,1196,13928448,6,128
31,1197,13931520,6,128
31,1198,13934592,6,128
31,1199,13937664,6,128
32,1193,13940736,6,128
32,1194,13943808,6,128
32,1195,13946880,6,128
32,1196,13949952,6,128
32,1197,13953024,6,128
32,1198,13956096,6,128
32,1199,13959168,6,128
33,1193,13962240,6,128
33,1194,13965312,6,128
33,1195,13968384,6,128
33,1196,13971456,6,128
33,1197,13974528,6,128
33,1198,13977600,6,128
33,1199,13980672,6,128
34,1193,13983744,6,128
34,1194,13986816,6,128
34,1195,13989888,6,128
34,1196,13992960,6,128
34,1197,13996032,6,128
34,1198,13999104,6,128
34,1199,14002176,6,128
35,1193,14005248,6,128
35,1194,14008320,6,128
35,1195,14011392,6,128
35,1196,14014464,6,128
35,1197,14017536,6,128
35,1198,14020608,6,128
35,1199,14023680,6,128
36,1193,14026752,6,128
36,1194,14029824,6,128
36,1195,14032896,6,128
36,1196,14035968,6,128
36,1197,14039040,6,128
36,1198,14042112,6,128
36,1199,14045184,6,128
37,1193,14048256,6,128
37,1194,14051328,6,128
37,1195,14054400,6,128
37,1196,14057472,6,128
37,1197,14060544,6,128
37,1198,14063616,6,128
37,1199,14066688,6,128
38,1193,14069760,6,128
38,1194,14072832,6,128
38,1195,14075904,6,128
38,1196,14078976,6,128
38,1197,14082048,6,128
38,1198,14085120,6,128
38,1199,14088192,6,128
39,1193,14091264,6,128
39,1194,14094336,6,128
39,1195,14097408,6,128
39,1196,14100480,6,128
39,1197,14103552,6,128
39,1198,14106624,6,128
39,1199,14109696,6,128
40,1193,14112768,6,128
40,1194,14115840,6,128
40,1195,14118912,6,128
40,1196,14121984,6,128
40,1197,14125056,6,128
40,1198,14128128,6,128
40,1199,14131200,6,128
41,1193,14134272,6,128
41,1194,14137344,6,128
41,1195,14140416,6,128
41,1196,14143488,6,128
41,1197,14146560,6,128
41,1198,14149632,6,128
41,1199,14152704,6,128
42,1193,14155776,6,128
42,1194,14158848,6,128
42,1195,14161920,6,128
42,1196,14164992,6,128
42,1197,14168064,6,128
42,1198,14171136,6,128
42,1199,14174208,6,128
43,1193,14177280,6,128
43,1194,14180352,6,128
43,1195,14183424,6,128
43,1196,14186496,6,128
43,1197,14189568,6,128
43,1198,14192640,6,128
43,1199,14195712,6,128
44,1193,14198784,6,128
44,1194,14201856,6,128
44,1195,14204928,6,128
44,1196,14208000,6,128
44,1197,14211072,6,128
44,1198,14214144,6,128
44,1199,14217216,6,128
45,1193,14220288,6,128
45,1194,14223360,6,128
45,1195,14226432,6,128
45,1196,14229504,6,128
45,1197,14232576,6,128
45,1198,14235648,6,128
45,1199,14238720,6,128
46,1193,14241792,6,128
46,1194,14244864,6,128
46,1195,14247936,6,128
46,1196,14251008,6,128
46,1197,14254080,6,128
46,1198,14257152,6,128
46,1199,14260224,6,128
47,1193,14263296,6,128
47,1194,14266368,6,128
47,1195,14269440,6,128
47,1196,14272512,6,128
47,1197,14275584,6,128
47,1198,14278656,6,128
47,1199,14281728,6,128
48,1193,14284800,6,128
48,1194,14287872,6,128
48,1195,14290944,6,128
48,1196,14294016,6,128
48,1197,14297088,6,128
48,1198,14300160,6,128
48,1199,14303232,6,128
49,1193,14306304,6,128
49,1194,14309376,6,128
49,1195,14312448,6,128
49,1196,14315520,6,128
49,1197,14318592,6,128
49,1198,14321664,6,128
49,1199,14324736,6,128
50,1193,14327808,6,128
50,1194,14330880,6,128
50,1195,14333952,6,128
50,1196,14337024,6,128
50,1197,14340096,6,128
50,1198,14343168,6,128
50,1199,14346240,6,128
51,1193,14349312,6,128
51,1194,14352384,6,128
51,1195,14355456,6,128
51,1196,14358528,6,128
51,1197,14361600,6,128
51,1198,14364672,6,128
51,1199,14367744,6,128
52,1193,14370816,6,128
52,1194,14373888,6,128
52,1195,14376960,6,128
52,1196,14380032,6,128
52,1197,14383104,6,128
52,1198,14386176,6,128
52,1199,14389248,6,128
53,1193,14392320,6,128
53,1194,14395392,6,128
53,1195,14398464,6,128
53,1196,14401536,6,128
53,1197,14404608,6,128
53,1198,14407680,6,128
53,1199,14410752,6,128
54,1199,14413824,6,128
55,1193,14416896,6,128
55,1194,14419968,6,128
55,1195,14423040,6,128
55,1196,14426112,6,128
55,1197,14429184,6,128
55,1198,14432256,6,128
55,1199,14435328,6,128
56,1193,14438400,6,128
56,1194,14441472,6,128
56,1195,14444544,6,128
56,1196,14447616,6,128
56,1197,14450688,6,128
56,1198,14453760,6,128
56,1199,14456832,6,128
57,1193,14459904,6,128
57,1194,14462976,6,128
57,1195,14466048,6,128
57,1196,14469120,6,128
57,1197,14472192,6,128
57,1198,14475264,6,128
57,1199,14478336,6,128
58,1193,14481408,6,128
58,1194,14484480,6,128
58,1195,14487552,6,128
58,1196,14490624,6,128
58,1197,14493696,6,128
58,1198,14496768,6,128
58,1199,14499840,6,128
59,1193,14502912,6,128
59,1194,14505984,6,128
59,1195,14509056,6,128
59,1196,14512128,6,128
59,1197,14515200,6,128
59,1198,14518272,6,128
59,1199,14521344,6,128
60,1193,14524416,6,128
60,1194,14527488,6,128
60,1195,14530560,6,128
60,1196,14533632,6,128
60,1197,14536704,6,128
60,1198,14539776,6,128
60,1199,14542848,6,128
61,1193,14545920,6,128
61,1194,14548992,6,128
61,1195,14552064,6,128
61,1196,14555136,6,128
61,1197,14558208,6,128
61,1198,14561280,6,128
61,1199,14564352,6,128
62,1193,14567424,6,128
62,1194,14570496,6,128
62,1195,14573568,6,128
62,1196,14576640,6,128
62,1197,14579712,6,128
62,1198,14582784,6,128
62,1199,14585856,6,128
63,1193,14588928,6,128
63,1194,14592000,6,128
63,1195,14595072,6,128
63,1196,14598144,6,128
63,1197,14601216,6,128
63,1198,14604288,6,128
63,1199,14607360,6,128
64,1193,14610432,6,128
64,1194,14613504,6,128
64,1195,14616576,6,128
64,1196,14619648,6,128
64,1197,14622720,6,128
64,1198,14625792,6,128
64,1199,14628864,6,128
65,1193,14631936,6,128
65,1194,14635008,6,128
65,1195,14638080,6,128
65,1196,14641152,6,128
65,1197,14644224,6,128
65,1198,14647296,6,128
65,1199,14650368,6,128
66,1193,14653440,6,128
66,1194,14656512,6,128
66,1195,14659584,6,128
66,1196,14662656,6,128
66,1197,14665728,6,128
66,1198,14668800,6,128
66,1199,14671872,6,128
67,1193,14674944,6,128
67,1194,14678016,6,128
67,1195,14681088,6,128
67,1196,14684160,6,128
67,1197,14687232,6,128
67,1198,14690304,6,128
67,1199,14693376,6,128
68,1193,14696448,6,128
68,1194,14699520,6,128
68,1195,14702592,6,128
68,1196,14705664,6,128
68,1197,14708736,6,128
68,1198,14711808,6,128
68,1199,14714880,6,128
69,1193,14717952,6,128
69,1194,14721024,6,128
69,1195,14724096,6,128
69,1196,14727168,6,128
69,1197,14730240,6,128
69,1198,14733312,6,128
69,1199,14736384,6,128
70,1193,14739456,6,128
70,1194,14742528,6,128
70,1195,14745600,6,128
70,1196,14748672,6,128
70,1197,14751744,6,128
70,1198,14754816,6,128
70,1199,14757888,6,128
71,1193,14760960,6,128
71,1194,14764032,6,128
71,1195,14767104,6,128
71,1196,14770176,6,128
71,1197,14773248,6,128
71,1198,14776320,6,128
71,1199,14779392,6,128
72,1193,14782464,6,128
72,1194,14785536,6,128
72,1195,14788608,6,128
72,1196,14791680,6,128
72,1197,14794752,6,128
72,1198,14797824,6,128
72,1199,14800896,6,128
73,1193,14803968,6,128
73,1194,14807040,6,128
73,1195,14810112,6,128
73,1196,14813184,6,128
73,1197,14816256,6,128
73,1198,14819328,6,128
73,1199,14822400,6,128
74,1193,14825472,6,128
74,1194,14828544,6,128
74,1195,14831616,6,128
74,1196,14834688,6,128
74,1197,14837760,6,128
74,1198,14840832,6,128
74,1199,14843904,6,128
75,1193,14846976,6,128
75,1194,14850048,6,128
75,1195,14853120,6,128
75,1196,14856192,6,128
75,1197,14859264,6,128
75,1198,14862336,6,128
75,1199,14865408,6,128
76,1193,14868480,6,128
76,1194,14871552,6,128
76,1195,14874624,6,128
76,1196,14877696,6,128
76,1197,14880768,6,128
76,1198,14883840,6,128
76,1199,14886912,6,128
77,1193,14889984,6,128
77,1194,14893056,6,128
77,1195,14896128,6,128
77,1196,14899200,6,128
77,1197,14902272,6,128
77,1198,14905344,6,128
77,1199,14908416,6,128
78,1193,14911488,6,128
78,1194,14914560,6,128
78,1195,14917632,6,128
78,1196,14920704,6,128
78,1197,14923776,6,128
78,1198,14926848,6,128
78,1199,14929920,6,128
79,1193,14932992,6,128
79,1194,14936064,6,128
79,1195,14939136,6,128
79,1196,14942208,6,128
79,1197,14945280,6,128
79,1198,14948352,6,128
79,1199,14951424,6,128
80,1193,14954496,6,128
80,1194,14957568,6,128
80,1195,14960640,6,128
80,1196,14963712,6,128
80,1197,14966784,6,128
80,1198,14969856,6,128
80,1199,14972928,6,128
81,1193,14976000,6,128
81,1194,14979072,6,128
81,1195,14982144,6,128
81,1196,14985216,6,128
81,1197,14988288,6,128
81,1198,14991360,6,128
81,1199,14994432,6,128
82,1193,14997504,6,128
82,1194,15000576,6,128
82,1195,15003648,6,128
82,1196,15006720,6,128
82,1197,15009792,6,128
82,1198,15012864,6,128
82,1199,15015936,6,128
83,1193,15019008,6,128
83,1194,15022080,6,128
83,1195,15025152,6,128
83,1196,15028224,6,128
83,1197,15031296,6,128
83,1198,15034368,6,128
83,1199,15037440,6,128
84,1193,15040512,6,128
84,1194,15043584,6,128
84,1195,15046656,6,128
84,1196,15049728,6,128
84,1197,15052800,6,128
84,1198,15055872,6,128
84,1199,15058944,6,128
85,1193,15062016,6,128
85,1194,15065088,6,128
85,1195,15068160,6,128
85,1196,15071232,6,128
85,1197,15074304,6,128
85,1198,15077376,6,128
85,1199,15080448,6,128
86,1193,15083520,6,128
86,1194,15086592,6,128
86,1195,15089664,6,128
86,1196,15092736,6,128
86,1197,15095808,6,128
86,1198,15098880,6,128
86,1199,15101952,6,128
87,1193,15105024,6,128
87,1194,15108096,6,128
87,1195,15111168,6,128
87,1196,15114240,6,128
87,1197,15117312,6,128
87,1198,15120384,6,128
87,1199,15123456,6,128
88,1193,15126528,6,128
88,1194,15129600,6,128
88,1195,15132672,6,128
88,1196,15135744,6,128
88,1197,15138816,6,128
88,1198,15141888,6,128
88,1199,15144960,6,128
89,1193,15148032,6,128
89,1194,15151104,6,128
89,1195,15154176,6,128
89,1196,15157248,6,128
89,1197,15160320,6,128
89,1198,15163392,6,128
89,1199,15166464,6,128
90,1193,15169536,6,128
90,1194,15172608,6,128
90,1195,15175680,6,128
90,1196,15178752,6,128
90,1197,15181824,6,128
90,1198,15184896,6,128
90,1199,15187968,6,128
91,1193,15191040,6,128
91,1194,15194112,6,128
91,1195,15197184,6,128
91,1196,15200256,6,128
91,1197,15203328,6,128
91,1198,15206400,6,128
91,1199,15209472,6,128
92,1193,15212544,6,128
92,1194,15215616,6,128
92,1195,15218688,6,128
92,1196,15221760,6,128
92,1197,15224832,6,128
92,1198,15227904,6,128
92,1199,15230976,6,128
93,1193,15234048,6,128
93,1194,15237120,6,128
93,1195,15240192,6,128
93,1196,15243264,6,128
93,1197,15246336,6,128
93,1198,15249408,6,128
93,1199,15252480,6,128
94,1193,15255552,6,128
94,1194,15258624,6,128
94,1195,15261696,6,128
94,1196,15264768,6,128
94,1197,15267840,6,128
94,1198,15270912,6,128
94,1199,15273984,6,128
95,1193,15277056,6,128
95,1194,15280128,6,128
95,1195,15283200,6,128
95,1196,15286272,6,128
95,1197,15289344,6,128
95,1198,15292416,6,128
95,1199,15295488,6,128
