Time µs,Current.Ia,Current.Ib,Current.Ic,Current.In,Voltage.Va,Voltage.Vb,Voltage.Vc
1154390400000000000,-11.8444795608521,-3082.0869140625,3276.28955078125,5.91223001480103,78.8388290405273,-9893.931640625,10340.3701171875
1154390400000130048,142.133758544922,-3170.9931640625,3199.40893554688,0.0,604.431030273438,-10207.748046875,10087.1005859375
1154390400000260096,302.034240722656,-3248.04541015625,3104.78686523438,0.0,1147.54296875,-10486.6953125,9807.630859375
1154390400000389888,461.934692382813,-3319.17041015625,2998.33715820313,0.0,1716.93444824219,-10722.0576171875,9519.427734375
1154390400000519936,621.835205078125,-3384.36840820313,2885.97338867188,5.91223001480103,2312.60546875,-10896.400390625,9222.4921875
1154390400000651008,769.891174316406,-3443.63940429688,2767.69580078125,0.0,2934.55639648438,-11009.72265625,8916.822265625
1154390400000781056,929.791625976563,-3491.05615234375,2631.67651367188,0.0,3530.2275390625,-11070.7421875,8567.4853515625
1154390400000911104,1071.92541503906,-3538.47290039063,2501.5712890625,0.0,4082.09912109375,-11131.7626953125,8165.748046875
1154390400001040896,1225.90368652344,-3585.8896484375,2359.63818359375,0.0,4590.171875,-11201.4990234375,7711.6103515625
1154390400001170944,1368.03735351563,-3621.4521484375,2205.87719726563,0.0,5080.72412109375,-11245.0849609375,7222.53857421875
1154390400001302016,1516.09338378906,-3651.08764648438,2052.1162109375,0.0,5527.4775390625,-11262.51953125,6716.00048828125
1154390400001432064,1658.22717285156,-3680.72290039063,1898.35546875,0.0,5974.23095703125,-11245.0849609375,6183.26171875
1154390400001562112,1812.20532226563,-3692.5771484375,1744.59460449219,0.0,6429.744140625,-11227.650390625,5624.32275390625
1154390400001691904,1948.41687011719,-3698.50415039063,1584.91979980469,0.0,6876.49755859375,-11210.216796875,5030.4501953125
1154390400001821952,2084.62841796875,-3704.43139648438,1425.24499511719,5.91223001480103,7323.2509765625,-11140.4794921875,4427.84423828125
1154390400001953024,2208.99536132813,-3692.5771484375,1265.5703125,5.91223001480103,7752.484375,-11123.044921875,3807.77124023438
1154390400002083072,2333.36254882813,-3680.72290039063,1117.72326660156,5.91223001480103,8172.95849609375,-11053.30859375,3178.96508789063
1154390400002213120,2457.7294921875,-3639.2333984375,958.048522949219,5.91223001480103,8575.912109375,-11001.005859375,2576.35913085938
1154390400002342912,2564.32983398438,-3603.6708984375,798.373779296875,0.0,8961.3466796875,-10870.2490234375,1973.75305175781
1154390400002472960,2665.0078125,-3550.32690429688,638.699035644531,0.0,9320.5009765625,-10739.4921875,1397.34729003906
1154390400002604032,2765.68603515625,-3491.05615234375,479.024261474609,5.91223001480103,9670.896484375,-10582.583984375,838.408325195313
1154390400002734080,2854.51953125,-3414.00390625,319.349517822266,5.91223001480103,10003.771484375,-10373.373046875,296.936279296875
1154390400002864128,2937.43090820313,-3313.24340820313,141.933120727539,5.91223001480103,10319.1259765625,-10129.2939453125,-253.269195556641
1154390400002993920,3002.57568359375,-3218.40991210938,-29.5693988800049,0.0,10625.7216796875,-9850.345703125,-786.0078125
1154390400003124992,3067.72021484375,-3111.72241210938,-201.071914672852,0.0,10870.998046875,-9562.6806640625,-1344.94677734375
1154390400003255040,3126.94262695313,-2999.10766601563,-372.574432373047,5.91223001480103,11063.71484375,-9275.015625,-1921.3525390625
1154390400003385088,3180.24267578125,-2874.638671875,-538.1630859375,0.0,11195.11328125,-8987.3505859375,-2532.69189453125
1154390400003514880,3221.69848632813,-2738.31567382813,-709.665588378906,-11.8244600296021,11238.9130859375,-8673.5341796875,-3144.03125
1154390400003644928,3257.23193359375,-2590.13842773438,-875.254211425781,0.0,11282.7119140625,-8307.4150390625,-3711.70361328125
1154390400003776000,3292.76538085938,-2441.96118164063,-1034.92895507813,-5.91223001480103,11352.791015625,-7880.27685546875,-4235.708984375
1154390400003906048,3322.37646484375,-2287.85668945313,-1200.517578125,0.0,11422.8701171875,-7409.55224609375,-4716.046875
1154390400004036096,3340.14331054688,-2121.89819335938,-1366.10620117188,0.0,11484.189453125,-6903.958984375,-5187.65185546875
1154390400004165888,3357.90991210938,-1967.7939453125,-1513.95324707031,0.0,11501.708984375,-6389.64892578125,-5633.05615234375
1154390400004295936,3369.75439453125,-1789.98120117188,-1685.45581054688,0.0,11492.94921875,-5805.60205078125,-6104.66064453125
1154390400004427008,3375.6767578125,-1624.02270507813,-1845.13049316406,-5.91223001480103,11396.58984375,-5230.27197265625,-6558.798828125
1154390400004557056,3369.75439453125,-1458.06420898438,-1998.89135742188,0.0,11352.791015625,-4620.07373046875,-7004.203125
1154390400004687104,3363.83227539063,-1286.17858886719,-2146.73828125,-5.91223001480103,11300.2314453125,-4001.158203125,-7458.3408203125
1154390400004816896,3340.14331054688,-1132.07421875,-2276.84375,0.0,11230.15234375,-3408.39404296875,-7842.611328125
1154390400004946944,3304.60986328125,-966.11572265625,-2412.86303710938,0.0,11142.5537109375,-2806.91259765625,-8270.548828125
1154390400005078016,3269.07641601563,-800.157165527344,-2537.05444335938,-5.91223001480103,11037.435546875,-2214.1484375,-8672.2861328125
1154390400005208064,3215.77612304688,-634.198669433594,-2655.33203125,0.0,10906.0380859375,-1621.38439941406,-9047.8232421875
1154390400005338112,3162.47607421875,-468.240112304688,-2767.69580078125,0.0,10748.3603515625,-1054.771484375,-9405.8935546875
1154390400005467904,3079.56469726563,-290.427429199219,-2868.23168945313,0.0,10546.8828125,-496.875854492188,-9746.4970703125
1154390400005597952,2990.73120117188,-124.468894958496,-2962.85375976563,-5.91223001480103,10310.3662109375,34.868480682373,-10060.900390625
1154390400005729024,2901.8974609375,59.2709007263184,-3051.56201171875,-5.91223001480103,10047.5703125,566.61279296875,-10357.8369140625
1154390400005859072,2795.29711914063,237.083602905273,-3128.4423828125,-11.8244600296021,9740.974609375,1133.2255859375,-10619.8388671875
1154390400005989120,2682.77465820313,420.823394775391,-3199.40893554688,-11.8244600296021,9434.3798828125,1699.83837890625,-10829.44140625
1154390400006118912,2570.251953125,586.781921386719,-3264.46166992188,-11.8244600296021,9101.5048828125,2301.31982421875,-10986.642578125
1154390400006249984,2434.04052734375,770.521728515625,-3317.6865234375,-5.91223001480103,8759.869140625,2902.80102539063,-11100.177734375
1154390400006380032,2297.8291015625,942.407348632813,-3376.82543945313,-5.91223001480103,8383.1953125,3478.130859375,-11170.044921875
1154390400006510080,2155.6953125,1108.36584472656,-3424.13647460938,-5.91223001480103,7971.4814453125,4009.87524414063,-11239.912109375
1154390400006640128,2007.63928222656,1280.25146484375,-3471.44750976563,0.0,7524.72802734375,4515.46826171875,-11257.37890625
1154390400006769920,1859.58325195313,1446.2099609375,-3506.9306640625,-5.91223001480103,7016.65576171875,4977.4755859375,-11292.3125
1154390400006900992,1705.60510253906,1612.16857910156,-3536.50024414063,-5.91223001480103,6499.8232421875,5448.2001953125,-11292.3125
1154390400007031040,1545.70458984375,1772.19995117188,-3566.06958007813,0.0,5947.95166015625,5892.7734375,-11283.5791015625
1154390400007161088,1391.72631835938,1938.15844726563,-3571.9833984375,-11.8244600296021,5378.56005859375,6354.78076171875,-11257.37890625
1154390400007290880,1237.74816894531,2092.26293945313,-3583.81127929688,-5.91223001480103,4765.369140625,6799.353515625,-11239.912109375
1154390400007420928,1077.84765625,2240.44018554688,-3583.81127929688,-5.91223001480103,4143.41845703125,7243.9267578125,-11204.978515625
1154390400007552000,929.791625976563,2388.61743164063,-3577.89721679688,-5.91223001480103,3486.42797851563,7679.78271484375,-11152.578125
1154390400007682048,769.891174316406,2524.9404296875,-3554.24169921875,-11.8244600296021,2846.95751953125,8089.4873046875,-11082.7109375
1154390400007812096,621.835205078125,2655.33642578125,-3524.67236328125,-11.8244600296021,2216.2470703125,8481.7578125,-10995.3759765625
1154390400007941888,473.779174804688,2779.80517578125,-3483.27514648438,-11.8244600296021,1594.29626464844,8856.59375,-10881.841796875
1154390400008071936,319.800933837891,2886.49291992188,-3424.13647460938,0.0,1016.14489746094,9213.99609375,-10724.640625
1154390400008203008,171.74494934082,2993.18041992188,-3364.99755859375,-5.91223001480103,455.513214111328,9553.9638671875,-10558.705078125
1154390400008333056,11.8444795608521,3088.01391601563,-3294.03100585938,-5.91223001480103,-78.8388290405273,9885.2138671875,-10340.3701171875
1154390400008463104,-136.211517333984,3176.92041015625,-3205.32299804688,-5.91223001480103,-613.190856933594,10181.5966796875,-10087.1005859375
1154390400008592896,-296.111999511719,3253.97241210938,-3116.61474609375,-5.91223001480103,-1156.302734375,10460.5439453125,-9798.8974609375
1154390400008722944,-450.090209960938,3325.09765625,-3016.07861328125,-5.91223001480103,-1725.6943359375,10704.6240234375,-9519.427734375
1154390400008854016,-604.068481445313,3396.22265625,-2897.80102539063,-5.91223001480103,-2321.36547851563,10861.53125,-9213.7587890625
1154390400008984064,-763.968933105469,3449.56640625,-2773.60961914063,-5.91223001480103,-2934.55639648438,10974.8544921875,-8908.0888671875
1154390400009114112,-917.947143554688,3502.91040039063,-2643.50439453125,-5.91223001480103,-3538.9873046875,11053.30859375,-8576.21875
1154390400009243904,-1066.00317382813,3550.32690429688,-2507.48510742188,-5.91223001480103,-4099.619140625,11105.611328125,-8183.21484375
1154390400009374976,-1214.05920410156,3591.81665039063,-2365.55200195313,-11.8244600296021,-4607.69140625,11166.630859375,-7720.34375
1154390400009505024,-1362.11511230469,3627.37915039063,-2217.70483398438,-11.8244600296021,-5080.72412109375,11201.4990234375,-7231.27197265625
1154390400009635072,-1510.17114257813,3657.0146484375,-2058.0302734375,-11.8244600296021,-5536.23779296875,11218.93359375,-6716.00048828125
1154390400009765120,-1658.22717285156,3674.7958984375,-1910.18322753906,-5.91223001480103,-5991.7509765625,11210.216796875,-6191.9951171875
1154390400009894912,-1800.36083984375,3698.50415039063,-1744.59460449219,-5.91223001480103,-6438.50390625,11184.0654296875,-5633.05615234375
1154390400010025984,-1936.57238769531,3710.3583984375,-1596.74755859375,-5.91223001480103,-6876.49755859375,11166.630859375,-5039.18359375
1154390400010156032,-2072.78393554688,3704.43139648438,-1437.07275390625,-5.91223001480103,-7332.0107421875,11131.7626953125,-4436.57763671875
1154390400010286080,-2203.0732421875,3692.5771484375,-1271.48413085938,-5.91223001480103,-7761.24462890625,11088.1767578125,-3816.50463867188
1154390400010416128,-2327.44018554688,3674.7958984375,-1117.72326660156,0.0,-8181.71826171875,11027.1572265625,-3187.69848632813
1154390400010545920,-2445.88500976563,3645.16040039063,-963.96240234375,-5.91223001480103,-8584.671875,10966.13671875,-2576.35913085938
1154390400010676992,-2558.40747070313,3603.6708984375,-804.287658691406,-5.91223001480103,-8970.1064453125,10861.53125,-1973.75305175781
1154390400010807040,-2659.08569335938,3550.32690429688,-644.612915039063,-5.91223001480103,-9329.2607421875,10730.775390625,-1388.61389160156
1154390400010937088,-2753.84155273438,3479.20190429688,-479.024261474609,0.0,-9679.65625,10565.1494140625,-829.674926757813
1154390400011066880,-2842.67504882813,3408.07690429688,-325.263397216797,0.0,-10012.53125,10364.65625,-288.202880859375
1154390400011196928,-2919.66430664063,3319.17041015625,-153.760879516602,0.0,-10327.8857421875,10129.2939453125,235.802352905273
1154390400011328000,-2996.6533203125,3224.33715820313,17.7416400909424,-5.91223001480103,-10625.7216796875,9841.62890625,759.807556152344
1154390400011458048,-3055.87573242188,3123.57641601563,189.244155883789,0.0,-10879.7578125,9562.6806640625,1310.01306152344
1154390400011588096,-3115.09814453125,2999.10766601563,366.660552978516,-5.91223001480103,-11072.4755859375,9275.015625,1895.15222167969
1154390400011717888,-3162.47607421875,2874.638671875,532.249206542969,5.91223001480103,-11203.873046875,8996.068359375,2506.49169921875
1154390400011847936,-3209.85400390625,2744.24267578125,697.837829589844,5.91223001480103,-11238.9130859375,8673.5341796875,3117.8310546875
1154390400011979008,-3251.3095703125,2596.0654296875,869.34033203125,5.91223001480103,-11300.2314453125,8316.1328125,3694.23681640625
1154390400012109056,-3280.9208984375,2447.88818359375,1034.92895507813,0.0,-11370.310546875,7888.99365234375,4218.2421875
1154390400012239104,-3316.45434570313,2287.85668945313,1200.517578125,0.0,-11440.3896484375,7418.26904296875,4716.046875
1154390400012368896,-3340.14331054688,2127.82543945313,1360.1923828125,5.91223001480103,-11492.94921875,6895.2421875,5170.18505859375
1154390400012499968,-3351.98779296875,1961.86682128906,1519.8671875,5.91223001480103,-11519.228515625,6380.93212890625,5641.78955078125
1154390400012630016,-3363.83227539063,1801.83544921875,1685.45581054688,0.0,-11501.708984375,5814.3193359375,6087.19384765625
1154390400012760064,-3363.83227539063,1624.02270507813,1845.13049316406,0.0,-11396.58984375,5230.27197265625,6532.5986328125
1154390400012890112,-3363.83227539063,1463.9912109375,1992.9775390625,0.0,-11361.55078125,4628.791015625,6986.736328125
1154390400013019904,-3351.98779296875,1298.03271484375,2140.82446289063,5.91223001480103,-11308.9912109375,4009.87524414063,7423.4072265625
1154390400013150976,-3340.14331054688,1132.07421875,2276.84375,0.0,-11238.9130859375,3399.6767578125,7860.078125
1154390400013281024,-3292.76538085938,972.042785644531,2418.77685546875,0.0,-11160.07421875,2780.76123046875,8279.2822265625
1154390400013411072,-3257.23193359375,800.157165527344,2542.96826171875,5.91223001480103,-11046.1953125,2187.9970703125,8681.01953125
1154390400013541120,-3203.931640625,628.271545410156,2661.24584960938,0.0,-10914.7978515625,1612.66723632813,9056.556640625
1154390400013670912,-3138.787109375,468.240112304688,2773.60961914063,0.0,-10748.3603515625,1046.05444335938,9405.8935546875
1154390400013801984,-3067.72021484375,296.354522705078,2874.1455078125,5.91223001480103,-10546.8828125,496.875854492188,9755.23046875
1154390400013932032,-2984.80883789063,118.541801452637,2962.85375976563,-5.91223001480103,-10319.1259765625,-52.3027191162109,10069.6337890625
1154390400014062080,-2890.05297851563,-53.3438110351563,3057.47583007813,5.91223001480103,-10047.5703125,-575.329956054688,10357.8369140625
1154390400014192128,-2783.45263671875,-231.156509399414,3128.4423828125,0.0,-9749.734375,-1124.50854492188,10619.8388671875
1154390400014321920,-2670.93017578125,-408.969207763672,3199.40893554688,5.91223001480103,-9443.1396484375,-1708.55554199219,10820.7080078125
1154390400014452992,-2558.40747070313,-586.781921386719,3270.37548828125,0.0,-9110.2646484375,-2292.6025390625,10977.9091796875
1154390400014583040,-2422.19604492188,-758.667541503906,3323.6005859375,0.0,-8768.6298828125,-2894.083984375,11091.4443359375
1154390400014713088,-2291.90673828125,-930.553161621094,3376.82543945313,0.0,-8400.71484375,-3478.130859375,11161.3115234375
1154390400014842880,-2143.85083007813,-1102.43872070313,3424.13647460938,0.0,-7989.0009765625,-4009.87524414063,11222.4453125
1154390400014972928,-2001.71704101563,-1268.39733886719,3471.44750976563,5.91223001480103,-7524.72802734375,-4506.7509765625,11266.1123046875
1154390400015104000,-1847.73876953125,-1440.28295898438,3501.01684570313,0.0,-7025.41552734375,-4986.19287109375,11301.0458984375
1154390400015234048,-1693.76062011719,-1606.24145507813,3530.58618164063,0.0,-6508.5830078125,-5439.48291015625,11309.779296875
1154390400015364096,-1539.78234863281,-1766.27282714844,3554.24169921875,0.0,-5965.47119140625,-5892.7734375,11301.0458984375
1154390400015493888,-1379.8818359375,-1926.30432128906,3566.06958007813,0.0,-5387.31982421875,-6354.78076171875,11283.5791015625
1154390400015624960,-1225.90368652344,-2080.40869140625,3583.81127929688,0.0,-4774.12890625,-6799.353515625,11257.37890625
1154390400015755008,-1066.00317382813,-2234.51293945313,3577.89721679688,0.0,-4134.658203125,-7252.64404296875,11204.978515625
1154390400015885056,-912.02490234375,-2382.69018554688,3571.9833984375,0.0,-3495.18798828125,-7688.5,11170.044921875
1154390400016015104,-763.968933105469,-2519.01342773438,3542.4140625,0.0,-2846.95751953125,-8106.921875,11091.4443359375
1154390400016144896,-604.068481445313,-2649.40942382813,3512.8447265625,0.0,-2216.2470703125,-8499.1923828125,10995.3759765625
1154390400016275968,-456.012451171875,-2767.951171875,3471.44750976563,0.0,-1603.05615234375,-8874.0283203125,10899.30859375
1154390400016406016,-307.956481933594,-2880.56591796875,3418.22265625,0.0,-1007.38500976563,-9231.4306640625,10733.3740234375
1154390400016536064,-159.900466918945,-2987.25341796875,3353.169921875,-5.91223001480103,-455.513214111328,-9571.3974609375,10558.705078125
1154390400016666112,-11.8444795608521,-3082.0869140625,3282.20336914063,0.0,87.5986938476563,-9902.6484375,10331.63671875
1154390400016795904,148.055999755859,-3170.9931640625,3199.40893554688,0.0,621.950744628906,-10216.46484375,10069.6337890625
1154390400016926976,307.956481933594,-3253.97241210938,3104.78686523438,0.0,1165.06262207031,-10486.6953125,9807.630859375
1154390400017057024,461.934692382813,-3319.17041015625,2998.33715820313,0.0,1725.6943359375,-10722.0576171875,9519.427734375
1154390400017187072,627.757446289063,-3384.36840820313,2885.97338867188,0.0,2312.60546875,-10896.400390625,9222.4921875
1154390400017317120,775.813415527344,-3449.56640625,2761.78198242188,0.0,2943.31616210938,-11018.439453125,8916.822265625
1154390400017446912,935.7138671875,-3502.91040039063,2637.59033203125,5.91223001480103,3530.2275390625,-11070.7421875,8567.4853515625
1154390400017577984,1077.84765625,-3550.32690429688,2501.5712890625,0.0,4099.619140625,-11131.7626953125,8157.0146484375
1154390400017708032,1225.90368652344,-3591.81665039063,2347.81030273438,0.0,4607.69140625,-11201.4990234375,7711.6103515625
1154390400017838080,1373.95959472656,-3627.37915039063,2205.87719726563,0.0,5080.72412109375,-11245.0849609375,7222.53857421875
1154390400017968128,1522.015625,-3651.08764648438,2052.1162109375,0.0,5536.23779296875,-11253.8017578125,6716.00048828125
1154390400018097920,1670.07165527344,-3680.72290039063,1898.35546875,0.0,5982.99072265625,-11245.0849609375,6174.5283203125
1154390400018228992,1806.28308105469,-3692.5771484375,1744.59460449219,0.0,6429.744140625,-11227.650390625,5615.58935546875
1154390400018359040,1954.33911132813,-3704.43139648438,1584.91979980469,0.0,6885.25732421875,-11210.216796875,5021.716796875
1154390400018489088,2084.62841796875,-3716.28564453125,1425.24499511719,0.0,7323.2509765625,-11140.4794921875,4427.84423828125
1154390400018618880,2208.99536132813,-3704.43139648438,1271.48413085938,5.91223001480103,7761.24462890625,-11105.611328125,3799.03784179688
1154390400018749952,2339.28466796875,-3686.65014648438,1117.72326660156,5.91223001480103,8181.71826171875,-11044.5908203125,3178.96508789063
1154390400018880000,2463.65185546875,-3651.08764648438,952.134643554688,0.0,8584.671875,-10966.13671875,2567.62548828125
1154390400019010048,2570.251953125,-3609.59790039063,798.373779296875,5.91223001480103,8970.1064453125,-10870.2490234375,1965.01953125
1154390400019140096,2676.85229492188,-3556.25415039063,638.699035644531,0.0,9320.5009765625,-10739.4921875,1388.61389160156
1154390400019269888,2771.60815429688,-3479.20190429688,479.024261474609,5.91223001480103,9670.896484375,-10608.7353515625,838.408325195313
1154390400019400960,2854.51953125,-3419.93090820313,319.349517822266,0.0,10012.53125,-10382.08984375,288.202880859375
1154390400019531008,2937.43090820313,-3313.24340820313,141.933120727539,5.91223001480103,10319.1259765625,-10129.2939453125,-262.002624511719
1154390400019661056,3008.49780273438,-3218.40991210938,-29.5693988800049,0.0,10616.9619140625,-9850.345703125,-786.0078125
1154390400019791104,3067.72021484375,-3111.72241210938,-201.071914672852,0.0,10870.998046875,-9562.6806640625,-1344.94677734375
1154390400019920896,3126.94262695313,-2999.10766601563,-372.574432373047,0.0,11072.4755859375,-9275.015625,-1938.8193359375
1154390400020051968,3180.24267578125,-2874.638671875,-544.076965332031,0.0,11195.11328125,-8987.3505859375,-2532.69189453125
1154390400020182016,3227.62060546875,-2732.388671875,-715.579467773438,0.0,11247.6728515625,-8673.5341796875,-3144.03125
1154390400020312064,3257.23193359375,-2590.13842773438,-881.168090820313,-5.91223001480103,11282.7119140625,-8298.6982421875,-3711.70361328125
1154390400020442112,3292.76538085938,-2441.96118164063,-1034.92895507813,0.0,11352.791015625,-7871.5595703125,-4244.4423828125
1154390400020571904,3322.37646484375,-2276.00268554688,-1200.517578125,-5.91223001480103,11431.6298828125,-7409.55224609375,-4733.513671875
1154390400020702976,3340.14331054688,-2115.97119140625,-1366.10620117188,0.0,11492.94921875,-6895.2421875,-5196.38525390625
1154390400020833024,3363.83227539063,-1961.86682128906,-1519.8671875,0.0,11510.46875,-6380.93212890625,-5633.05615234375
1154390400020963072,3375.6767578125,-1784.05419921875,-1697.28356933594,0.0,11492.94921875,-5796.884765625,-6095.92724609375
1154390400021093120,3375.6767578125,-1618.09558105469,-1851.04443359375,5.91223001480103,11396.58984375,-5221.55517578125,-6550.0654296875
1154390400021222912,3375.6767578125,-1452.13708496094,-2004.80529785156,0.0,11352.791015625,-4611.3564453125,-7004.203125
1154390400021353984,3363.83227539063,-1280.25146484375,-2152.65234375,0.0,11300.2314453125,-3992.44091796875,-7458.3408203125
1154390400021484032,3340.14331054688,-1126.14709472656,-2282.75756835938,-5.91223001480103,11238.9130859375,-3408.39404296875,-7860.078125
1154390400021614080,3310.53198242188,-966.11572265625,-2412.86303710938,0.0,11142.5537109375,-2789.478515625,-8279.2822265625
1154390400021744128,3269.07641601563,-800.157165527344,-2542.96826171875,-5.91223001480103,11046.1953125,-2187.9970703125,-8681.01953125
1154390400021874944,3215.77612304688,-628.271545410156,-2655.33203125,0.0,10906.0380859375,-1612.66723632813,-9047.8232421875
1154390400022004992,3150.63159179688,-462.313018798828,-2773.60961914063,-11.8244600296021,10739.6005859375,-1046.05444335938,-9414.626953125
1154390400022135040,3073.64233398438,-290.427429199219,-2874.1455078125,-11.8244600296021,10538.123046875,-496.875854492188,-9755.23046875
1154390400022265088,2990.73120117188,-112.614715576172,-2968.767578125,-11.8244600296021,10301.6064453125,43.5856018066406,-10069.6337890625
1154390400022394880,2895.97534179688,65.1979904174805,-3057.47583007813,-5.91223001480103,10047.5703125,584.047058105469,-10366.5703125
1154390400022525952,2789.375,237.083602905273,-3140.27026367188,-5.91223001480103,9740.974609375,1133.2255859375,-10619.8388671875
1154390400022656000,2682.77465820313,420.823394775391,-3205.32299804688,0.0,9434.3798828125,1708.55554199219,-10829.44140625
1154390400022786048,2570.251953125,592.709045410156,-3264.46166992188,-11.8244600296021,9101.5048828125,2310.03686523438,-10986.642578125
1154390400022916096,2434.04052734375,770.521728515625,-3329.51440429688,-5.91223001480103,8759.869140625,2902.80102539063,-11091.4443359375
1154390400023045888,2303.75122070313,942.407348632813,-3376.82543945313,0.0,8383.1953125,3478.130859375,-11170.044921875
1154390400023176960,2155.6953125,1114.29296875,-3430.05029296875,-5.91223001480103,7971.4814453125,4018.59228515625,-11248.6455078125
1154390400023307008,2013.5615234375,1286.17858886719,-3471.44750976563,-5.91223001480103,7515.96826171875,4524.185546875,-11292.3125
1154390400023437056,1853.66101074219,1446.2099609375,-3518.75854492188,-5.91223001480103,7025.41552734375,4986.19287109375,-11283.5791015625
1154390400023567104,1705.60510253906,1612.16857910156,-3542.4140625,-11.8244600296021,6499.8232421875,5448.2001953125,-11301.0458984375
1154390400023696896,1545.70458984375,1778.12707519531,-3566.06958007813,-11.8244600296021,5939.19140625,5901.490234375,-11292.3125
1154390400023827968,1385.80407714844,1938.15844726563,-3577.89721679688,0.0,5369.80029296875,6363.49755859375,-11266.1123046875
1154390400023958016,1231.82592773438,2098.18994140625,-3589.72509765625,0.0,4756.609375,6808.07080078125,-11231.1787109375
1154390400024088064,1071.92541503906,2246.3671875,-3589.72509765625,-5.91223001480103,4125.8984375,7252.64404296875,-11204.978515625
1154390400024218112,923.869384765625,2394.54443359375,-3577.89721679688,-11.8244600296021,3477.66821289063,7688.5,-11161.3115234375
1154390400024347904,769.891174316406,2524.9404296875,-3554.24169921875,-5.91223001480103,2829.43798828125,8098.20458984375,-11091.4443359375
1154390400024478976,621.835205078125,2655.33642578125,-3524.67236328125,-5.91223001480103,2198.72729492188,8490.474609375,-10995.3759765625
1154390400024609024,467.85693359375,2779.80517578125,-3477.361328125,-11.8244600296021,1603.05615234375,8865.3115234375,-10881.841796875
1154390400024739072,319.800933837891,2892.419921875,-3430.05029296875,-11.8244600296021,998.625122070313,9222.712890625,-10733.3740234375
1154390400024869120,165.822708129883,2993.18041992188,-3364.99755859375,-5.91223001480103,437.993469238281,9562.6806640625,-10549.9716796875
1154390400024999936,17.7667198181152,3088.01391601563,-3294.03100585938,-5.91223001480103,-105.118438720703,9885.2138671875,-10331.63671875
1154390400025129984,-142.133758544922,3170.9931640625,-3211.23681640625,-5.91223001480103,-630.710632324219,10199.0302734375,-10078.3671875
1154390400025260032,-296.111999511719,3253.97241210938,-3116.61474609375,0.0,-1165.06262207031,10460.5439453125,-9807.630859375
1154390400025390080,-456.012451171875,3331.02465820313,-3010.16479492188,-5.91223001480103,-1734.45422363281,10695.90625,-9510.6943359375
1154390400025520128,-615.912963867188,3390.29565429688,-2891.88720703125,-5.91223001480103,-2321.36547851563,10861.53125,-9213.7587890625
1154390400025650944,-769.891174316406,3449.56640625,-2773.60961914063,-5.91223001480103,-2943.31616210938,10966.13671875,-8916.822265625
1154390400025780992,-917.947143554688,3508.83740234375,-2643.50439453125,0.0,-3547.7470703125,11044.5908203125,-8576.21875
1154390400025911040,-1066.00317382813,3550.32690429688,-2507.48510742188,-5.91223001480103,-4108.37890625,11114.328125,-8174.4814453125
1154390400026041088,-1214.05920410156,3591.81665039063,-2359.63818359375,0.0,-4607.69140625,11166.630859375,-7711.6103515625
1154390400026170880,-1362.11511230469,3627.37915039063,-2217.70483398438,-11.8244600296021,-5080.72412109375,11210.216796875,-7231.27197265625
1154390400026301952,-1510.17114257813,3657.0146484375,-2052.1162109375,0.0,-5544.99755859375,11218.93359375,-6716.00048828125
1154390400026432000,-1658.22717285156,3680.72290039063,-1904.26928710938,0.0,-5991.7509765625,11210.216796875,-6183.26171875
1154390400026562048,-1800.36083984375,3692.5771484375,-1750.50842285156,0.0,-6456.02392578125,11184.0654296875,-5624.32275390625
1154390400026692096,-1942.49462890625,3704.43139648438,-1590.83374023438,-5.91223001480103,-6894.017578125,11157.9140625,-5030.4501953125
1154390400026821888,-2072.78393554688,3698.50415039063,-1437.07275390625,0.0,-7340.7705078125,11131.7626953125,-4427.84423828125
1154390400026952960,-2208.99536132813,3692.5771484375,-1271.48413085938,-5.91223001480103,-7778.76416015625,11088.1767578125,-3807.77124023438
1154390400027083008,-2333.36254882813,3668.86889648438,-1117.72326660156,-5.91223001480103,-8199.23828125,11035.8740234375,-3178.96508789063
1154390400027213056,-2445.88500976563,3645.16040039063,-963.96240234375,-11.8244600296021,-8593.431640625,10966.13671875,-2567.62548828125
1154390400027343104,-2558.40747070313,3603.6708984375,-804.287658691406,-5.91223001480103,-8970.1064453125,10852.814453125,-1965.01953125
1154390400027472896,-2665.0078125,3544.39990234375,-638.699035644531,0.0,-9338.0205078125,10730.775390625,-1379.88037109375
1154390400027603968,-2753.84155273438,3479.20190429688,-479.024261474609,0.0,-9688.416015625,10565.1494140625,-829.674926757813
1154390400027734016,-2842.67504882813,3402.14965820313,-313.435638427734,-11.8244600296021,-10021.291015625,10355.9384765625,-279.469451904297
1154390400027864064,-2925.58642578125,3319.17041015625,-147.84700012207,0.0,-10327.8857421875,10120.576171875,235.802352905273
1154390400027994112,-2996.6533203125,3224.33715820313,17.7416400909424,-5.91223001480103,-10634.4814453125,9841.62890625,768.541015625
1154390400028124928,-3061.7978515625,3117.6494140625,189.244155883789,0.0,-10888.517578125,9553.9638671875,1318.74645996094
1154390400028254976,-3115.09814453125,2999.10766601563,360.746673583984,-5.91223001480103,-11072.4755859375,9266.298828125,1903.88562011719
1154390400028385024,-3174.32055664063,2874.638671875,538.1630859375,5.91223001480103,-11203.873046875,8987.3505859375,2515.22509765625
1154390400028515072,-3209.85400390625,2744.24267578125,703.751708984375,0.0,-11256.4326171875,8664.8173828125,3126.564453125
1154390400028645120,-3245.38745117188,2590.13842773438,869.34033203125,0.0,-11308.9912109375,8307.4150390625,3694.23681640625
1154390400028775936,-3280.9208984375,2441.96118164063,1040.84289550781,0.0,-11370.310546875,7880.27685546875,4226.9755859375
1154390400028905984,-3316.45434570313,2281.9296875,1194.60375976563,0.0,-11440.3896484375,7400.8349609375,4724.7802734375
1154390400029036032,-3340.14331054688,2121.89819335938,1366.10620117188,0.0,-11501.708984375,6895.2421875,5178.91845703125
1154390400029166080,-3351.98779296875,1961.86682128906,1525.78100585938,0.0,-11519.228515625,6363.49755859375,5641.78955078125
1154390400029296128,-3363.83227539063,1795.90832519531,1691.36962890625,0.0,-11501.708984375,5805.60205078125,6095.92724609375
1154390400029426944,-3363.83227539063,1629.94982910156,1845.13049316406,0.0,-11414.1103515625,5221.55517578125,6550.0654296875
1154390400029556992,-3363.83227539063,1458.06420898438,1992.9775390625,0.0,-11370.310546875,4628.791015625,6995.4697265625
1154390400029687040,-3351.98779296875,1292.10571289063,2140.82446289063,0.0,-11308.9912109375,4001.158203125,7449.607421875
1154390400029817088,-3328.298828125,1132.07421875,2282.75756835938,0.0,-11247.6728515625,3390.95971679688,7868.8115234375
1154390400029946880,-3298.6875,972.042785644531,2418.77685546875,5.91223001480103,-11151.314453125,2772.04418945313,8296.7490234375
1154390400030077952,-3257.23193359375,806.084289550781,2537.05444335938,5.91223001480103,-11046.1953125,2187.9970703125,8681.01953125
1154390400030208000,-3203.931640625,634.198669433594,2661.24584960938,0.0,-10914.7978515625,1595.23303222656,9065.2900390625
1154390400030338048,-3138.787109375,462.313018798828,2773.60961914063,0.0,-10748.3603515625,1037.33728027344,9423.3603515625
1154390400030468096,-3061.7978515625,290.427429199219,2874.1455078125,0.0,-10555.642578125,479.441619873047,9763.9638671875
1154390400030597888,-2984.80883789063,124.468894958496,2962.85375976563,0.0,-10310.3662109375,-52.3027191162109,10069.6337890625
1154390400030728960,-2878.20849609375,-65.1979904174805,3051.56201171875,0.0,-10047.5703125,-584.047058105469,10366.5703125
1154390400030859008,-2783.45263671875,-237.083602905273,3128.4423828125,0.0,-9749.734375,-1133.2255859375,10619.8388671875
1154390400030989056,-2665.0078125,-408.969207763672,3199.40893554688,5.91223001480103,-9434.3798828125,-1717.27270507813,10829.44140625
1154390400031119104,-2546.56298828125,-592.709045410156,3264.46166992188,0.0,-9110.2646484375,-2310.03686523438,10986.642578125
1154390400031249920,-2416.27392578125,-764.594604492188,3329.51440429688,0.0,-8768.6298828125,-2902.80102539063,11100.177734375
1154390400031379968,-2285.98461914063,-942.407348632813,3376.82543945313,0.0,-8383.1953125,-3478.130859375,11170.044921875
1154390400031510016,-2143.85083007813,-1108.36584472656,3424.13647460938,5.91223001480103,-7980.2412109375,-4018.59228515625,11222.4453125
1154390400031640064,-1995.79479980469,-1274.32434082031,3471.44750976563,0.0,-7515.96826171875,-4515.46826171875,11266.1123046875
1154390400031770112,-1847.73876953125,-1440.28295898438,3501.01684570313,0.0,-7025.41552734375,-4994.90966796875,11301.0458984375
1154390400031900928,-1687.83837890625,-1606.24145507813,3530.58618164063,0.0,-6508.5830078125,-5448.2001953125,11309.779296875
1154390400032030976,-1533.86010742188,-1772.19995117188,3554.24169921875,0.0,-5956.71142578125,-5910.20751953125,11301.0458984375
1154390400032161024,-1373.95959472656,-1938.15844726563,3571.9833984375,0.0,-5378.56005859375,-6363.49755859375,11283.5791015625
1154390400032291072,-1219.9814453125,-2086.33569335938,3577.89721679688,5.91223001480103,-4765.369140625,-6808.07080078125,11248.6455078125
1154390400032421120,-1066.00317382813,-2246.3671875,3583.81127929688,0.0,-4125.8984375,-7261.361328125,11213.7119140625
1154390400032551936,-912.02490234375,-2388.61743164063,3571.9833984375,0.0,-3477.66821289063,-7688.5,11161.3115234375
1154390400032681984,-763.968933105469,-2524.9404296875,3548.32788085938,0.0,-2838.19775390625,-8115.638671875,11091.4443359375
1154390400032812032,-604.068481445313,-2649.40942382813,3512.8447265625,0.0,-2198.72729492188,-8507.9091796875,10995.3759765625
1154390400032942080,-461.934692382813,-2767.951171875,3465.53369140625,0.0,-1594.29626464844,-8882.7451171875,10881.841796875
1154390400033072128,-307.956481933594,-2880.56591796875,3412.30859375,0.0,-1007.38500976563,-9240.1474609375,10733.3740234375
1154390400033202944,-165.822708129883,-2987.25341796875,3347.25610351563,0.0,-437.993469238281,-9571.3974609375,10549.9716796875
1154390400033332992,-5.92223978042603,-3082.0869140625,3276.28955078125,0.0,96.3585662841797,-9902.6484375,10340.3701171875
1154390400033463040,153.978240966797,-3170.9931640625,3199.40893554688,0.0,613.190856933594,-10216.46484375,10087.1005859375
1154390400033593088,313.878723144531,-3253.97241210938,3098.873046875,0.0,1165.06262207031,-10486.6953125,9798.8974609375
1154390400033722880,467.85693359375,-3325.09765625,2992.42309570313,0.0,2102.36865234375,-10321.0703125,9851.2978515625
1154390400033853952,598.146240234375,-3431.78515625,2856.40405273438,0.0,3442.62866210938,-9527.8125,10314.169921875
1154390400033984000,710.668762207031,-3538.47290039063,2702.64306640625,0.0,4353.6552734375,-9074.5224609375,10156.9677734375
1154390400034114048,829.113586425781,-3674.7958984375,2560.7099609375,0.0,4581.41162109375,-9118.107421875,9309.826171875
1154390400034244096,977.169555664063,-3817.04614257813,2436.5185546875,0.0,4528.8525390625,-9414.490234375,8226.8818359375
1154390400034374912,1131.14782714844,-3953.369140625,2318.24096679688,0.0,4546.3720703125,-9641.134765625,7257.47216796875
1154390400034504960,1302.89270019531,-4083.76513671875,2217.70483398438,0.0,4861.7275390625,-9527.8125,6698.533203125
1154390400034635008,1474.6376953125,-4220.08837890625,2111.25512695313,5.91223001480103,5474.91845703125,-9144.2587890625,6515.1318359375
1154390400034765056,1646.38269042969,-4362.33837890625,1975.23583984375,0.0,6237.02734375,-8682.251953125,6462.73095703125
1154390400034895104,1812.20532226563,-4522.36962890625,1833.302734375,0.0,6920.296875,-8385.869140625,6279.3291015625
1154390400035025920,1960.26135253906,-4670.546875,1673.62805175781,5.91223001480103,7419.609375,-8298.6982421875,5798.9912109375
1154390400035155968,2114.23950195313,-4818.72412109375,1508.03930664063,0.0,7778.76416015625,-8351.0009765625,5091.583984375
1154390400035286016,2268.2177734375,-4937.26611328125,1354.27844238281,5.91223001480103,8094.11962890625,-8490.474609375,4244.4423828125
1154390400035416064,2416.27392578125,-5049.880859375,1224.17309570313,5.91223001480103,8374.435546875,-8595.080078125,3327.43310546875
1154390400035546112,2558.40747070313,-5144.71435546875,1099.98168945313,5.91223001480103,8663.5107421875,-8612.5146484375,2436.62426757813
1154390400035676928,2688.69677734375,-5233.62060546875,975.790161132813,5.91223001480103,9013.90625,-8490.474609375,1703.01696777344
1154390400035806976,2807.1416015625,-5310.6728515625,863.426452636719,0.0,9495.6982421875,-8263.830078125,1257.61254882813
1154390400035937024,2913.74194335938,-5375.87060546875,733.321105957031,0.0,10038.810546875,-8045.90185546875,960.67626953125
1154390400036067072,3020.34228515625,-5417.3603515625,585.47412109375,5.91223001480103,10503.083984375,-7915.14501953125,646.273132324219
1154390400036197120,3103.25366210938,-5441.06884765625,419.885467529297,0.0,10774.6396484375,-7862.84228515625,148.468139648438
1154390400036327936,3198.00952148438,-5452.9228515625,266.124603271484,5.91223001480103,10897.27734375,-7819.2568359375,-480.338134765625
1154390400036457984,3269.07641601563,-5441.06884765625,100.535957336426,0.0,10993.63671875,-7705.93408203125,-1144.078125
1154390400036588032,3340.14331054688,-5417.3603515625,-59.1387977600098,0.0,11151.314453125,-7461.85498046875,-1816.55139160156
1154390400036718080,3411.21020507813,-5375.87060546875,-206.985794067383,-5.91223001480103,11265.1923828125,-7113.169921875,-2480.29150390625
1154390400036848128,3464.51025390625,-5334.38134765625,-360.746673583984,0.0,11379.0703125,-6738.333984375,-3117.8310546875
1154390400036978944,3511.88818359375,-5292.8916015625,-496.765899658203,0.0,11519.228515625,-6380.93212890625,-3720.43701171875
1154390400037108992,3553.34375,-5221.7666015625,-638.699035644531,0.0,11650.626953125,-6058.3984375,-4244.4423828125
1154390400037239040,3600.7216796875,-5156.568359375,-792.459899902344,-5.91223001480103,11711.9453125,-5709.7138671875,-4654.9130859375
1154390400037369088,3630.3330078125,-5079.51611328125,-940.306884765625,-5.91223001480103,11703.185546875,-5317.443359375,-4951.84912109375
1154390400037499904,3659.94409179688,-4990.60986328125,-1094.06774902344,-5.91223001480103,11580.5478515625,-4933.89013671875,-5231.31884765625
1154390400037629952,3689.55541992188,-4872.068359375,-1271.48413085938,0.0,11545.5078125,-4515.46826171875,-5606.85595703125
1154390400037760000,3707.32202148438,-4765.38037109375,-1448.90051269531,0.0,11440.3896484375,-4131.9150390625,-6087.19384765625
1154390400037890048,3713.24438476563,-4634.984375,-1614.4892578125,-5.91223001480103,11308.9912109375,-3704.77612304688,-6646.1328125
1154390400038020096,3725.0888671875,-4504.58837890625,-1768.25012207031,-5.91223001480103,11230.15234375,-3242.76879882813,-7205.07177734375
1154390400038150912,3719.16650390625,-4380.11962890625,-1910.18322753906,0.0,11186.353515625,-2798.19555664063,-7685.41015625
1154390400038280960,3689.55541992188,-4237.86962890625,-2046.20239257813,0.0,11125.0341796875,-2353.62255859375,-8157.0146484375
1154390400038411008,3654.02197265625,-4071.91088867188,-2176.30786132813,-5.91223001480103,11019.916015625,-1996.22045898438,-8593.685546875
1154390400038541056,3594.79956054688,-3900.025390625,-2300.49926757813,0.0,10862.23828125,-1682.40417480469,-8969.22265625
1154390400038671104,3535.5771484375,-3710.3583984375,-2418.77685546875,-5.91223001480103,10678.28125,-1377.30493164063,-9292.359375
1154390400038801920,3458.58813476563,-3508.83740234375,-2548.88232421875,-5.91223001480103,10485.5634765625,-1028.62023925781,-9571.8291015625
1154390400038931968,3369.75439453125,-3289.53515625,-2655.33203125,-5.91223001480103,10266.5673828125,-636.349792480469,-9860.03125
1154390400039062016,3269.07641601563,-3058.37841796875,-2773.60961914063,-11.8244600296021,10030.05078125,-174.342407226563,-10139.5009765625
1154390400039192064,3150.63159179688,-2827.22192382813,-2868.23168945313,-5.91223001480103,9758.4951171875,313.816314697266,-10436.4375
1154390400039322112,3026.2646484375,-2590.13842773438,-2962.85375976563,-5.91223001480103,9434.3798828125,801.975036621094,-10742.107421875
1154390400039452928,2895.97534179688,-2353.0546875,-3039.734375,-5.91223001480103,9057.705078125,1272.69958496094,-10995.3759765625
1154390400039582976,2753.84155273438,-2104.11694335938,-3110.70092773438,-5.91223001480103,8672.2705078125,1725.98974609375,-11204.978515625
1154390400039713024,2605.78540039063,-1867.03344726563,-3175.75341796875,-5.91223001480103,8260.556640625,2170.56298828125,-11344.712890625
1154390400039843072,2451.80737304688,-1618.09558105469,-3234.89233398438,-11.8244600296021,7822.5634765625,2580.267578125,-11353.4462890625
1154390400039973120,2291.90673828125,-1363.23071289063,-3288.1171875,-5.91223001480103,7305.7314453125,2937.66943359375,-11397.11328125
1154390400040103936,2132.00634765625,-1096.51171875,-3341.34204101563,-5.91223001480103,6745.099609375,3277.63720703125,-11458.2470703125
1154390400040233984,1966.18359375,-835.7197265625,-3388.65307617188,-11.8244600296021,6149.42822265625,3608.8876953125,-11449.513671875
1154390400040364032,1800.36083984375,-563.073547363281,-3430.05029296875,-5.91223001480103,5536.23779296875,3957.57250976563,-11458.2470703125
1154390400040494080,1640.46044921875,-290.427429199219,-3471.44750976563,-5.91223001480103,4905.52685546875,4323.69140625,-11466.98046875
1154390400040624896,1480.55993652344,-29.6354503631592,-3495.10302734375,-11.8244600296021,4222.25732421875,4689.810546875,-11475.71484375
1154390400040754944,1326.58166503906,243.010696411133,-3518.75854492188,0.0,3521.46752929688,5047.21240234375,-11475.71484375
1154390400040884992,1172.603515625,509.729766845703,-3524.67236328125,-5.91223001480103,2803.158203125,5378.46337890625,-11449.513671875
1154390400041015040,1024.54748535156,758.667541503906,-3530.58618164063,-11.8244600296021,2102.36865234375,5709.7138671875,-11388.3798828125
1154390400041145088,888.3359375,1013.53240966797,-3518.75854492188,-11.8244600296021,1445.37854003906,6032.2470703125,-11274.845703125
1154390400041275904,740.279968261719,1268.39733886719,-3495.10302734375,0.0,814.667846679688,6337.34619140625,-11143.8447265625
1154390400041405952,598.146240234375,1505.48095703125,-3471.44750976563,-5.91223001480103,245.276351928711,6668.59716796875,-10977.9091796875
1154390400041536000,456.012451171875,1736.63745117188,-3430.05029296875,-5.91223001480103,-280.315826416016,6991.13037109375,-10811.974609375
1154390400041666048,302.034240722656,1973.72106933594,-3376.82543945313,0.0,-753.348754882813,7287.5126953125,-10619.8388671875
1154390400041796096,142.133758544922,2198.95043945313,-3329.51440429688,0.0,-1208.86206054688,7575.17724609375,-10418.970703125
1154390400041926912,-29.611198425293,2406.39868164063,-3246.71997070313,0.0,-1664.37524414063,7819.2568359375,-10209.3681640625
1154390400042056960,-201.356155395508,2619.77392578125,-3152.09790039063,-5.91223001480103,-2146.16796875,8002.31640625,-9973.56640625
1154390400042187008,-379.023345947266,2827.22192382813,-3051.56201171875,-5.91223001480103,-2663.00024414063,8141.7900390625,-9746.4970703125
1154390400042317056,-556.690551757813,3022.81591796875,-2927.37060546875,0.0,-3206.1123046875,8263.830078125,-9475.7607421875
1154390400042447104,-746.202209472656,3212.48291015625,-2809.09301757813,-5.91223001480103,-3766.74389648438,8342.2841796875,-9152.625
1154390400042577920,-917.947143554688,3396.22265625,-2667.15991210938,-5.91223001480103,-4292.3359375,8420.73828125,-8785.8212890625
1154390400042707968,-1095.61437988281,3574.03540039063,-2525.22680664063,0.0,-4835.4482421875,8490.474609375,-8366.6171875
1154390400042838016,-1279.20373535156,3739.99389648438,-2371.4658203125,-5.91223001480103,-5343.5205078125,8560.2119140625,-7903.74560546875
1154390400042968064,-1445.02648925781,3911.87939453125,-2223.61889648438,0.0,-5834.0732421875,8603.7978515625,-7405.9404296875
1154390400043098112,-1616.771484375,4060.05688476563,-2052.1162109375,-5.91223001480103,-6324.6259765625,8638.666015625,-6873.20166015625
1154390400043228928,-1782.59411621094,4202.30712890625,-1892.44152832031,-5.91223001480103,-6815.1787109375,8629.94921875,-6314.2626953125
1154390400043358976,-1942.49462890625,4332.703125,-1738.6806640625,-5.91223001480103,-7305.7314453125,8621.2314453125,-5720.39013671875
1154390400043489024,-2096.47290039063,4457.171875,-1573.09204101563,0.0,-7778.76416015625,8595.080078125,-5109.05078125
1154390400043619072,-2238.60668945313,4563.859375,-1413.41723632813,0.0,-8260.556640625,8542.77734375,-4471.51123046875
1154390400043749888,-2374.81811523438,4664.6201171875,-1259.65637207031,0.0,-8724.830078125,8481.7578125,-3825.23803710938
1154390400043879936,-2499.18530273438,4759.45361328125,-1105.8955078125,-5.91223001480103,-9145.3037109375,8412.0205078125,-3196.43188476563
1154390400044009984,-2617.6298828125,4842.4326171875,-946.220764160156,-5.91223001480103,-9548.2578125,8316.1328125,-2567.62548828125
1154390400044140032,-2724.23022460938,4901.70361328125,-798.373779296875,-5.91223001480103,-9916.171875,8211.52734375,-1947.552734375
1154390400044270080,-2818.98608398438,4955.04736328125,-644.612915039063,5.91223001480103,-10240.287109375,8072.05322265625,-1336.21325683594
1154390400044400896,-2913.74194335938,5002.4638671875,-490.852020263672,-5.91223001480103,-10529.36328125,7941.29638671875,-724.873901367188
1154390400044530944,-3008.49780273438,5020.24560546875,-331.177276611328,0.0,-10792.1591796875,7766.9541015625,-122.267883300781
1154390400044660992,-3091.4091796875,5043.95361328125,-183.330276489258,0.0,-11011.15625,7566.46044921875,489.071533203125
1154390400044791040,-3168.39819335938,5049.880859375,-23.6555194854736,0.0,-11177.59375,7357.24951171875,1091.67749023438
1154390400044921088,-3239.46508789063,5038.02685546875,136.019241333008,0.0,-11317.751953125,7121.88720703125,1676.81665039063
1154390400045051904,-3304.60986328125,5020.24560546875,289.780120849609,0.0,-11405.3505859375,6895.2421875,2253.22241210938
1154390400045181952,-3363.83227539063,4978.755859375,455.368743896484,0.0,-11457.9091796875,6625.01123046875,2794.69458007813
1154390400045312000,-3423.0546875,4937.26611328125,609.129638671875,0.0,-11510.46875,6346.0634765625,3301.23291015625
1154390400045442048,-3470.4326171875,4877.9951171875,768.804382324219,5.91223001480103,-11554.267578125,6023.5302734375,3799.03784179688
1154390400045572096,-3517.810546875,4806.8701171875,946.220764160156,0.0,-11598.0673828125,5683.5625,4270.642578125
1154390400045702912,-3553.34375,4723.890625,1111.80944824219,0.0,-11615.5869140625,5317.443359375,4759.7138671875
1154390400045832960,-3588.87719726563,4623.13037109375,1271.48413085938,5.91223001480103,-11563.0283203125,4942.60693359375,5240.05224609375
1154390400045963008,-3618.48852539063,4522.36962890625,1448.90051269531,5.91223001480103,-11492.94921875,4567.77099609375,5720.39013671875
1154390400046093056,-3636.25512695313,4403.828125,1614.4892578125,5.91223001480103,-11449.1494140625,4184.2177734375,6209.4619140625
1154390400046223104,-3648.099609375,4279.35888671875,1774.16394042969,0.0,-11379.0703125,3800.66430664063,6698.533203125
1154390400046353920,-3642.17749023438,4137.10888671875,1933.83874511719,0.0,-11326.51171875,3417.11108398438,7170.13818359375
1154390400046483968,-3636.25512695313,3988.931640625,2087.599609375,0.0,-11230.15234375,3050.99194335938,7633.00927734375
1154390400046614016,-3600.7216796875,3822.97314453125,2229.53271484375,0.0,-11142.5537109375,2676.15600585938,8087.1474609375
1154390400046744064,-3565.18823242188,3645.16040039063,2371.4658203125,0.0,-11002.396484375,2283.88549804688,8497.6181640625
1154390400046874880,-3517.810546875,3461.42065429688,2501.5712890625,0.0,-10827.19921875,1891.61511230469,8890.6220703125
1154390400047004928,-3446.74365234375,3265.82666015625,2625.7626953125,0.0,-10634.4814453125,1490.62756347656,9274.892578125
1154390400047134976,-3369.75439453125,3058.37841796875,2749.9541015625,0.0,-10406.724609375,1080.9228515625,9650.4296875
1154390400047265024,-3286.84301757813,2839.076171875,2862.31787109375,0.0,-10135.1689453125,671.21826171875,9991.033203125
1154390400047395072,-3198.00952148438,2613.8466796875,2968.767578125,5.91223001480103,-9819.8134765625,261.513610839844,10296.7021484375
1154390400047525888,-3097.33129882813,2388.61743164063,3063.38989257813,0.0,-9486.9384765625,-156.908157348633,10567.4384765625
1154390400047655936,-2984.80883789063,2145.60668945313,3152.09790039063,0.0,-9127.7841796875,-592.76416015625,10811.974609375
1154390400047785984,-2866.36401367188,1896.66882324219,3234.89233398438,0.0,-8742.349609375,-1019.90307617188,11004.109375
1154390400047916032,-2736.07470703125,1647.73107910156,3311.77270507813,0.0,-8339.3955078125,-1447.0419921875,11135.111328125
1154390400048046080,-2605.78540039063,1398.79333496094,3388.65307617188,0.0,-7910.162109375,-1882.89794921875,11248.6455078125
1154390400048176896,-2463.65185546875,1138.00134277344,3453.70581054688,0.0,-7480.9287109375,-2283.88549804688,11353.4462890625
1154390400048306944,-2321.51806640625,871.2822265625,3518.75854492188,5.91223001480103,-6999.1357421875,-2667.43872070313,11423.3134765625
1154390400048436992,-2167.53979492188,598.636108398438,3577.89721679688,5.91223001480103,-6473.54345703125,-3007.40649414063,11475.71484375
1154390400048567040,-2013.5615234375,325.989959716797,3631.12231445313,0.0,-5956.71142578125,-3347.3740234375,11510.6484375
1154390400048697088,-1859.58325195313,47.4167213439941,3666.60546875,0.0,-5396.07958984375,-3678.62475585938,11519.3818359375
1154390400048827904,-1699.68286132813,-237.083602905273,3702.0888671875,0.0,-4817.92822265625,-3992.44091796875,11528.115234375
1154390400048957952,-1539.78234863281,-515.656860351563,3731.658203125,5.91223001480103,-4222.25732421875,-4297.5400390625,11519.3818359375
1154390400049088000,-1368.03735351563,-812.011352539063,3761.2275390625,0.0,-3617.826171875,-4602.6396484375,11501.9150390625
1154390400049218048,-1208.13696289063,-1096.51171875,3767.14135742188,5.91223001480103,-2978.35571289063,-4925.1728515625,11458.2470703125
1154390400049348096,-1042.31420898438,-1375.0849609375,3773.05541992188,0.0,-2330.12524414063,-5256.42333984375,11405.8466796875
1154390400049478912,-882.413757324219,-1659.58520507813,3761.2275390625,0.0,-1690.65478515625,-5587.673828125,11353.4462890625
1154390400049608960,-722.513244628906,-1926.30432128906,3743.48583984375,0.0,-1051.18432617188,-5927.6416015625,11266.1123046875
1154390400049739008,-556.690551757813,-2198.95043945313,3702.0888671875,0.0,-420.473754882813,-6250.17529296875,11152.578125
1154390400049869056,-390.867828369141,-2459.74243164063,3660.69165039063,0.0,192.717132568359,-6555.2744140625,11021.576171875
1154390400049999872,-242.811828613281,-2702.75317382813,3595.63891601563,0.0,770.868530273438,-6860.37353515625,10838.1748046875
1154390400050129920,-76.9891204833984,-2945.76391601563,3536.50024414063,0.0,1313.98046875,-7139.3212890625,10637.3056640625
1154390400050259968,94.7558364868164,-3176.92041015625,3447.7919921875,0.0,1848.33251953125,-7409.55224609375,10392.7705078125
1154390400050390016,266.500793457031,-3402.14965820313,3353.169921875,0.0,2373.92456054688,-7636.197265625,10130.767578125
1154390400050520064,426.401275634766,-3609.59790039063,3246.71997070313,0.0,2917.03662109375,-7836.69091796875,9851.2978515625
1154390400050650880,604.068481445313,-3822.97314453125,3134.3564453125,0.0,3477.66821289063,-8002.31640625,9571.8291015625
1154390400050780928,769.891174316406,-4018.56713867188,3010.16479492188,5.91223001480103,4047.05981445313,-8141.7900390625,9257.42578125
1154390400050910976,935.7138671875,-4208.23388671875,2874.1455078125,5.91223001480103,4633.97119140625,-8255.11328125,8899.35546875
1154390400051041024,1101.53662109375,-4386.046875,2726.29858398438,5.91223001480103,5185.8427734375,-8351.0009765625,8497.6181640625
1154390400051171072,1255.51489257813,-4546.078125,2572.53784179688,0.0,5711.43505859375,-8429.455078125,8026.01318359375
1154390400051301888,1415.41528320313,-4712.03662109375,2412.86303710938,5.91223001480103,6201.98779296875,-8507.9091796875,7528.20849609375
1154390400051431936,1575.31579589844,-4860.2138671875,2253.18823242188,5.91223001480103,6675.0205078125,-8542.77734375,6986.736328125
1154390400051561984,1717.44958496094,-5002.4638671875,2087.599609375,5.91223001480103,7113.01416015625,-8560.2119140625,6427.79736328125
1154390400051692032,1871.427734375,-5138.787109375,1927.9248046875,0.0,7551.0078125,-8542.77734375,5842.658203125
1154390400051822080,2001.71704101563,-5263.255859375,1750.50842285156,0.0,7971.4814453125,-8516.6259765625,5240.05224609375
1154390400051952896,2143.85083007813,-5375.87060546875,1596.74755859375,5.91223001480103,8391.955078125,-8481.7578125,4628.712890625
1154390400052082944,2280.06225585938,-5482.55859375,1431.15893554688,0.0,8786.1494140625,-8429.455078125,3982.43969726563
1154390400052212992,2410.3515625,-5571.46484375,1265.5703125,0.0,9162.8232421875,-8385.869140625,3336.16650390625
1154390400052343040,2528.79638671875,-5642.58984375,1099.98168945313,5.91223001480103,9504.4580078125,-8333.56640625,2698.626953125
1154390400052473088,2641.31884765625,-5707.78759765625,940.306884765625,5.91223001480103,9846.09375,-8255.11328125,2043.62036132813
1154390400052603904,2747.91918945313,-5755.20458984375,780.632141113281,0.0,10143.9287109375,-8141.7900390625,1397.34729003906
1154390400052733952,2842.67504882813,-5796.6943359375,620.957397460938,0.0,10415.4853515625,-8011.033203125,759.807556152344
1154390400052864000,2937.43090820313,-5820.40234375,455.368743896484,5.91223001480103,10669.521484375,-7836.69091796875,96.067626953125
1154390400052994048,3026.2646484375,-5826.32958984375,301.607879638672,5.91223001480103,10888.517578125,-7653.63134765625,-541.472045898438
1154390400053125120,3103.25366210938,-5826.32958984375,147.84700012207,5.91223001480103,11081.2353515625,-7435.70361328125,-1144.078125
1154390400053254912,3180.24267578125,-5808.54833984375,-17.7416400909424,0.0,11238.9130859375,-7217.775390625,-1737.95068359375
1154390400053384960,3245.38745117188,-5784.83984375,-171.502517700195,-5.91223001480103,11317.751953125,-6991.13037109375,-2305.623046875
1154390400053515008,3310.53198242188,-5743.3505859375,-331.177276611328,0.0,11379.0703125,-6747.05078125,-2847.09497070313
1154390400053645056,3363.83227539063,-5684.07958984375,-490.852020263672,0.0,11457.9091796875,-6494.25439453125,-3353.63330078125
1154390400053775872,3417.13232421875,-5612.95458984375,-656.440673828125,-5.91223001480103,11536.748046875,-6215.306640625,-3833.97143554688
1154390400053905920,3458.58813476563,-5524.0478515625,-827.943176269531,0.0,11580.5478515625,-5901.490234375,-4261.9091796875
1154390400054035968,3500.04370117188,-5435.1416015625,-1011.2734375,0.0,11598.0673828125,-5570.23974609375,-4698.580078125
1154390400054166016,3541.49926757813,-5316.60009765625,-1188.68981933594,0.0,11501.708984375,-5195.40380859375,-5143.984375
1154390400054296064,3565.18823242188,-5198.05810546875,-1366.10620117188,-5.91223001480103,11414.1103515625,-4820.5673828125,-5598.12255859375
1154390400054426880,3588.87719726563,-5061.73486328125,-1543.52270507813,0.0,11352.791015625,-4428.296875,-6060.99365234375
1154390400054556928,3600.7216796875,-4913.5576171875,-1720.93908691406,0.0,11273.9521484375,-4044.74365234375,-6523.865234375
1154390400054686976,3606.64404296875,-4771.3076171875,-1874.69995117188,0.0,11186.353515625,-3678.62475585938,-6969.26953125
1154390400054817024,3600.7216796875,-4611.2763671875,-2046.20239257813,0.0,11072.4755859375,-3312.50561523438,-7440.8740234375
1154390400054947072,3577.03271484375,-4433.46337890625,-2199.96337890625,-5.91223001480103,10932.3173828125,-2946.38671875,-7895.01220703125
1154390400055077888,3547.42163085938,-4231.9423828125,-2365.55200195313,-5.91223001480103,10774.6396484375,-2571.55053710938,-8340.416015625
1154390400055207936,3505.96606445313,-4030.42138671875,-2507.48510742188,-5.91223001480103,10573.162109375,-2196.71435546875,-8759.62109375
1154390400055337984,3458.58813476563,-3822.97314453125,-2643.50439453125,-5.91223001480103,10362.92578125,-1795.72680664063,-9170.091796875
1154390400055468032,3393.443359375,-3591.81665039063,-2773.60961914063,-5.91223001480103,10126.4091796875,-1386.02209472656,-9554.3623046875
1154390400055598080,3316.45434570313,-3360.66015625,-2903.71508789063,-11.8244600296021,9854.853515625,-967.600341796875,-9912.431640625
1154390400055728896,3233.54296875,-3117.6494140625,-3016.07861328125,-5.91223001480103,9574.537109375,-549.178588867188,-10244.3017578125
1154390400055858944,3138.787109375,-2868.71166992188,-3122.52856445313,-5.91223001480103,9259.1826171875,-122.039680480957,-10541.23828125
1154390400055988992,3038.10888671875,-2613.8466796875,-3217.15063476563,-11.8244600296021,8935.0673828125,305.099212646484,-10803.2412109375
1154390400056119040,2925.58642578125,-2353.0546875,-3311.77270507813,-5.91223001480103,8567.15234375,732.238098144531,-11012.8427734375
1154390400056250112,2807.1416015625,-2086.33569335938,-3388.65307617188,-5.91223001480103,8190.47802734375,1150.65991210938,-11187.51171875
1154390400056379904,2676.85229492188,-1813.68957519531,-3471.44750976563,-5.91223001480103,7787.52392578125,1577.79870605469,-11309.779296875
1154390400056509952,2534.71850585938,-1541.04345703125,-3542.4140625,0.0,7349.53076171875,1970.06921386719,-11397.11328125
1154390400056640000,2392.5849609375,-1250.61596679688,-3607.466796875,-5.91223001480103,6876.49755859375,2336.18823242188,-11466.98046875
1154390400056770048,2244.52880859375,-966.11572265625,-3666.60546875,-5.91223001480103,6350.9052734375,2684.873046875,-11545.58203125
1154390400056901120,2090.55053710938,-669.761169433594,-3719.83032226563,-11.8244600296021,5790.27392578125,3007.40649414063,-11589.2490234375
1154390400057030912,1930.65014648438,-373.406677246094,-3767.14135742188,-5.91223001480103,5212.12255859375,3329.93994140625,-11615.44921875
1154390400057160960,1782.59411621094,-77.0521697998047,-3802.62475585938,-11.8244600296021,4607.69140625,3652.47338867188,-11624.1826171875
1154390400057291008,1622.69372558594,225.229431152344,-3832.19409179688,-5.91223001480103,3968.22094726563,3948.85546875,-11597.982421875
1154390400057421056,1468.71545410156,533.438110351563,-3849.93579101563,-5.91223001480103,3328.75048828125,4253.95458984375,-11580.515625
1154390400057551872,1314.73718261719,835.7197265625,-3867.67749023438,-5.91223001480103,2671.76025390625,4576.48828125,-11528.115234375
1154390400057681920,1160.75903320313,1126.14709472656,-3873.59130859375,-5.91223001480103,2023.52990722656,4907.73876953125,-11466.98046875
1154390400057811968,1006.78076171875,1422.50158691406,-3867.67749023438,-11.8244600296021,1384.05944824219,5256.42333984375,-11388.3798828125
1154390400057942016,852.802551269531,1712.92907714844,-3849.93579101563,-11.8244600296021,762.108642578125,5613.8251953125,-11292.3125
1154390400058072064,710.668762207031,1991.50231933594,-3820.36645507813,0.0,175.197387695313,5962.51025390625,-11187.51171875
1154390400058202880,550.768310546875,2258.22143554688,-3784.88305664063,-11.8244600296021,-385.434265136719,6302.47802734375,-11056.509765625
1154390400058332928,396.790069580078,2519.01342773438,-3731.658203125,-5.91223001480103,-919.786315917969,6616.29443359375,-10899.30859375
1154390400058462976,236.889587402344,2767.951171875,-3660.69165039063,-5.91223001480103,-1410.33898925781,6886.52490234375,-10698.4404296875
1154390400058593024,71.0668792724609,3005.03466796875,-3571.9833984375,-5.91223001480103,-1900.89172363281,7139.3212890625,-10471.37109375
1154390400058723072,-100.678077697754,3248.04541015625,-3477.361328125,-5.91223001480103,-2382.6845703125,7348.5322265625,-10226.8349609375
1154390400058853888,-284.267517089844,3479.20190429688,-3376.82543945313,-5.91223001480103,-2890.75708007813,7522.87451171875,-9973.56640625
1154390400058983936,-461.934692382813,3698.50415039063,-3252.63403320313,-11.8244600296021,-3416.34912109375,7662.3486328125,-9702.830078125
1154390400059113984,-633.679626464844,3917.806640625,-3116.61474609375,-11.8244600296021,-3959.4609375,7784.38818359375,-9405.8935546875
1154390400059244032,-817.269104003906,4119.32763671875,-2980.59545898438,0.0,-4502.57275390625,7888.99365234375,-9065.2900390625
1154390400059375104,-994.936279296875,4314.921875,-2826.83447265625,-5.91223001480103,-5028.1650390625,7984.8818359375,-8663.552734375
1154390400059504896,-1172.603515625,4510.515625,-2667.15991210938,-5.91223001480103,-5544.99755859375,8072.05322265625,-8209.4150390625
1154390400059634944,-1344.34838867188,4682.4013671875,-2501.5712890625,0.0,-6026.7900390625,8159.224609375,-7711.6103515625
1154390400059764992,-1516.09338378906,4854.28662109375,-2335.98266601563,-5.91223001480103,-6499.8232421875,8211.52734375,-7178.87158203125
1154390400059895040,-1681.91613769531,5008.39111328125,-2164.47998046875,-5.91223001480103,-6964.09619140625,8237.6787109375,-6611.19921875
1154390400060026112,-1835.89428710938,5144.71435546875,-1987.06359863281,0.0,-7428.36962890625,8246.3955078125,-6017.32666015625
1154390400060155904,-1989.87255859375,5286.96435546875,-1815.56115722656,0.0,-7892.642578125,8220.244140625,-5397.25390625
1154390400060285952,-2137.92846679688,5411.43310546875,-1644.05859375,-5.91223001480103,-8339.3955078125,8202.810546875,-4777.18115234375
1154390400060416000,-2280.06225585938,5524.0478515625,-1478.46997070313,-5.91223001480103,-8759.869140625,8194.0927734375,-4148.37451171875
1154390400060546048,-2416.27392578125,5624.80859375,-1306.96740722656,-5.91223001480103,-9171.5830078125,8159.224609375,-3519.568359375
1154390400060677120,-2534.71850585938,5701.86083984375,-1141.37878417969,-5.91223001480103,-9557.017578125,8115.638671875,-2873.29541015625
1154390400060806912,-2653.16333007813,5778.9130859375,-969.876281738281,0.0,-9907.412109375,8045.90185546875,-2235.75561523438
1154390400060936960,-2759.763671875,5826.32958984375,-804.287658691406,0.0,-10222.767578125,7967.44775390625,-1606.94934082031
1154390400061067008,-2854.51953125,5873.74658203125,-632.78515625,-5.91223001480103,-10511.84375,7862.84228515625,-969.40966796875
1154390400061197056,-2949.275390625,5897.45458984375,-455.368743896484,0.0,-10765.8798828125,7740.802734375,-349.336822509766
1154390400061327872,-3032.18676757813,5909.30908203125,-289.780120849609,0.0,-10984.8759765625,7583.89453125,270.736022949219
1154390400061457920,-3115.09814453125,5909.30908203125,-118.27759552002,0.0,-11160.07421875,7418.26904296875,882.075439453125
1154390400061587968,-3186.1650390625,5885.6005859375,47.3110389709473,-5.91223001480103,-11273.9521484375,7226.49267578125,1484.68151855469
1154390400061718016,-3257.23193359375,5855.96484375,218.813552856445,0.0,-11317.751953125,7008.564453125,2069.82055664063
1154390400061848064,-3316.45434570313,5814.4755859375,396.229949951172,0.0,-11387.830078125,6773.2021484375,2637.49291992188
1154390400061978880,-3375.6767578125,5755.20458984375,567.732482910156,0.0,-11466.6689453125,6502.9716796875,3161.49829101563
1154390400062108928,-3434.89916992188,5684.07958984375,739.234985351563,0.0,-11536.748046875,6206.58935546875,3668.03662109375
1154390400062238976,-3482.27709960938,5601.10009765625,916.6513671875,5.91223001480103,-11571.7880859375,5892.7734375,4157.10791015625
1154390400062369024,-3523.73266601563,5500.33984375,1094.06774902344,0.0,-11580.5478515625,5561.5224609375,4637.4462890625
1154390400062500096,-3553.34375,5387.72509765625,1271.48413085938,5.91223001480103,-11440.3896484375,5204.12060546875,5117.7841796875
1154390400062629888,-3588.87719726563,5263.255859375,1448.90051269531,5.91223001480103,-11414.1103515625,4820.5673828125,5606.85595703125
1154390400062759936,-3600.7216796875,5126.93310546875,1626.31701660156,0.0,-11352.791015625,4463.16552734375,6095.92724609375
1154390400062889984,-3618.48852539063,4984.6826171875,1797.81945800781,5.91223001480103,-11273.9521484375,4088.32934570313,6602.4658203125
1154390400063020032,-3624.41064453125,4830.57861328125,1963.40808105469,0.0,-11168.833984375,3722.21020507813,7100.27099609375
1154390400063151104,-3612.56616210938,4664.6201171875,2123.08276367188,0.0,-11063.71484375,3347.3740234375,7598.07568359375
1154390400063280896,-3588.87719726563,4480.88037109375,2270.92993164063,0.0,-10932.3173828125,2998.689453125,8069.6806640625
1154390400063410944,-3559.26611328125,4285.2861328125,2424.69067382813,5.91223001480103,-10783.3994140625,2615.13598632813,8523.818359375
1154390400063540992,-3511.88818359375,4083.76513671875,2560.7099609375,5.91223001480103,-10590.6826171875,2231.58276367188,8943.0224609375
1154390400063671040,-3458.58813476563,3870.38989257813,2690.8154296875,0.0,-10389.205078125,1830.59521484375,9318.5595703125
1154390400063802112,-3393.443359375,3645.16040039063,2815.0068359375,0.0,-10161.4482421875,1420.890625,9685.36328125
1154390400063931904,-3316.45434570313,3414.00390625,2939.1982421875,0.0,-9898.65234375,1002.46881103516,10008.5
1154390400064061952,-3227.62060546875,3170.9931640625,3051.56201171875,0.0,-9600.8173828125,592.76416015625,10314.169921875
1154390400064192000,-3132.86474609375,2922.05541992188,3152.09790039063,0.0,-9267.9423828125,191.776641845703,10584.9052734375
1154390400064322048,-3032.18676757813,2661.26342773438,3246.71997070313,5.91223001480103,-8908.787109375,-217.928009033203,10838.1748046875
1154390400064453120,-2919.66430664063,2406.39868164063,3341.34204101563,0.0,-8540.873046875,-618.91552734375,11039.04296875
1154390400064582912,-2795.29711914063,2133.75244140625,3424.13647460938,5.91223001480103,-8155.4384765625,-1028.62023925781,11204.978515625
1154390400064712960,-2665.0078125,1855.17919921875,3495.10302734375,0.0,-7743.724609375,-1438.32482910156,11335.9794921875
1154390400064843008,-2534.71850585938,1570.67895507813,3566.06958007813,5.91223001480103,-7305.7314453125,-1848.02941894531,11432.046875
1154390400064973056,-2392.5849609375,1292.10571289063,3637.0361328125,5.91223001480103,-6832.6982421875,-2205.43139648438,11528.115234375
1154390400065103872,-2238.60668945313,995.751159667969,3690.26098632813,0.0,-6342.1455078125,-2545.39916992188,11571.7822265625
1154390400065233920,-2084.62841796875,693.469543457031,3749.39990234375,0.0,-5799.03369140625,-2867.9326171875,11615.44921875
1154390400065363968,-1918.8056640625,385.260864257813,3790.79711914063,5.91223001480103,-5255.921875,-3181.74877929688,11632.916015625
1154390400065494016,-1764.82751464844,88.9063491821289,3820.36645507813,0.0,-4686.5302734375,-3495.56518554688,11615.44921875
1154390400065625088,-1604.92700195313,-231.156509399414,3849.93579101563,0.0,-4108.37890625,-3800.66430664063,11615.44921875
1154390400065754880,-1433.18200683594,-539.365234375,3879.50512695313,0.0,-3503.94775390625,-4105.763671875,11597.982421875
1154390400065884928,-1267.35925292969,-859.428100585938,3891.3330078125,0.0,-2873.2373046875,-4410.86279296875,11571.7822265625
1154390400066014976,-1101.53662109375,-1161.70971679688,3897.24682617188,0.0,-2251.28637695313,-4733.396484375,11528.115234375
1154390400066145024,-929.791625976563,-1469.91833496094,3885.41918945313,0.0,-1611.81604003906,-5064.64697265625,11466.98046875
1154390400066276096,-769.891174316406,-1766.27282714844,3861.763671875,0.0,-972.345520019531,-5404.61474609375,11388.3798828125
1154390400066405888,-604.068481445313,-2062.62744140625,3826.2802734375,-5.91223001480103,-332.875030517578,-5727.14794921875,11274.845703125
1154390400066535936,-438.245758056641,-2347.12768554688,3784.88305664063,0.0,271.555969238281,-6067.11572265625,11143.8447265625
1154390400066665984,-272.423034667969,-2619.77392578125,3731.658203125,5.91223001480103,867.227111816406,-6363.49755859375,10969.17578125
1154390400066796032,-106.600318908691,-2886.49291992188,3654.77783203125,0.0,1419.09887695313,-6651.16259765625,10777.041015625
1154390400066927104,59.2223968505859,-3135.4306640625,3571.9833984375,0.0,1944.69104003906,-6912.67626953125,10532.5048828125
1154390400067056896,236.889587402344,-3384.36840820313,3471.44750976563,0.0,2461.5234375,-7148.03857421875,10270.501953125
1154390400067186944,402.712310791016,-3627.37915039063,3370.91162109375,0.0,2987.11547851563,-7357.24951171875,9999.7666015625
1154390400067316992,580.379516601563,-3858.53564453125,3246.71997070313,0.0,3521.46752929688,-7514.15771484375,9720.296875
1154390400067447040,758.046691894531,-4077.83813476563,3122.52856445313,-5.91223001480103,4073.33935546875,-7644.91455078125,9414.626953125
1154390400067578112,923.869384765625,-4285.2861328125,2986.50927734375,0.0,4633.97119140625,-7766.9541015625,9074.0234375
1154390400067707904,1101.53662109375,-4486.80712890625,2832.74853515625,5.91223001480103,5177.0830078125,-7854.12548828125,8672.2861328125
1154390400067837952,1267.35925292969,-4682.4013671875,2673.07373046875,0.0,5711.43505859375,-7941.29638671875,8209.4150390625
1154390400067968000,1433.18200683594,-4883.92236328125,2513.39892578125,0.0,6210.74755859375,-8019.75048828125,7711.6103515625
1154390400068098048,1599.00476074219,-5038.02685546875,2341.896484375,5.91223001480103,6675.0205078125,-8080.7705078125,7170.13818359375
1154390400068229120,1752.98303222656,-5203.9853515625,2176.30786132813,5.91223001480103,7130.53369140625,-8106.921875,6611.19921875
1154390400068358912,1906.96118164063,-5352.16259765625,2004.80529785156,0.0,7568.52734375,-8115.638671875,6017.32666015625
1154390400068488960,2055.01708984375,-5506.2666015625,1845.13049316406,0.0,7989.0009765625,-8089.4873046875,5414.720703125
1154390400068619008,2197.15087890625,-5636.66259765625,1667.71411132813,5.91223001480103,8409.474609375,-8080.7705078125,4777.18115234375
1154390400068750080,2339.28466796875,-5755.20458984375,1490.29772949219,0.0,8803.6689453125,-8063.3359375,4148.37451171875
1154390400068879872,2475.49633789063,-5861.89208984375,1330.62292480469,0.0,9171.5830078125,-8028.4677734375,3493.3681640625
1154390400069009920,2593.94091796875,-5950.79833984375,1165.03430175781,5.91223001480103,9530.73828125,-8002.31640625,2847.09497070313
1154390400069139968,2712.3857421875,-6033.77783203125,999.445678710938,0.0,9872.373046875,-7941.29638671875,2183.35498046875
1154390400069270016,2818.98608398438,-6098.9755859375,833.857055664063,0.0,10178.96875,-7871.5595703125,1528.34851074219
1154390400069401088,2925.58642578125,-6140.46533203125,668.268432617188,5.91223001480103,10459.2841796875,-7766.9541015625,882.075439453125
1154390400069530880,3020.34228515625,-6176.02783203125,502.679779052734,5.91223001480103,10722.080078125,-7618.76318359375,209.602081298828
1154390400069660928,3109.17578125,-6193.80908203125,337.091156005859,0.0,10949.8369140625,-7470.57177734375,-419.204162597656
1154390400069790976,3180.24267578125,-6199.736328125,177.416397094727,5.91223001480103,11133.7939453125,-7296.2294921875,-1021.81018066406
1154390400069921024,3257.23193359375,-6187.88232421875,11.8277597427368,0.0,11256.4326171875,-7104.453125,-1633.14965820313
1154390400070052096,3334.22094726563,-6170.10107421875,-147.84700012207,-5.91223001480103,11326.51171875,-6886.52490234375,-2209.55541992188
1154390400070181888,3399.36572265625,-6122.68408203125,-307.521759033203,0.0,11387.830078125,-6668.59716796875,-2759.7607421875
1154390400070311936,3452.66577148438,-6063.4130859375,-473.110382080078,0.0,11466.6689453125,-6415.80029296875,-3275.03271484375
1154390400070441984,3500.04370117188,-5998.21533203125,-644.612915039063,0.0,11545.5078125,-6145.56982421875,-3764.10424804688
1154390400070572032,3547.42163085938,-5909.30908203125,-816.115417480469,0.0,11598.0673828125,-5840.470703125,-4218.2421875
1154390400070703104,3588.87719726563,-5814.4755859375,-993.531799316406,-5.91223001480103,11589.3076171875,-5500.5029296875,-4672.3798828125
1154390400070832896,3624.41064453125,-5713.71484375,-1165.03430175781,0.0,11484.189453125,-5177.96923828125,-5100.3173828125
1154390400070962944,3659.94409179688,-5577.39208984375,-1354.27844238281,0.0,11405.3505859375,-4803.13330078125,-5598.12255859375
1154390400071092992,3677.7109375,-5446.99609375,-1525.78100585938,0.0,11335.271484375,-4445.7314453125,-6069.72705078125
1154390400071223040,3695.4775390625,-5304.74560546875,-1697.28356933594,-5.91223001480103,11238.9130859375,-4088.32934570313,-6550.0654296875
1154390400071354112,3701.39990234375,-5138.787109375,-1874.69995117188,-5.91223001480103,11133.7939453125,-3739.64453125,-7047.8701171875
1154390400071483904,3695.4775390625,-4978.755859375,-2028.46081542969,0.0,11019.916015625,-3408.39404296875,-7502.00830078125
1154390400071613952,3671.78857421875,-4795.01611328125,-2194.04931640625,0.0,10870.998046875,-3068.42626953125,-7991.07958984375
1154390400071744000,3642.17749023438,-4593.4951171875,-2335.98266601563,-5.91223001480103,10704.560546875,-2702.30737304688,-8436.484375
1154390400071875072,3600.7216796875,-4380.11962890625,-2483.82958984375,-5.91223001480103,10529.36328125,-2336.18823242188,-8855.6884765625
1154390400072005120,3547.42163085938,-4166.74462890625,-2619.84887695313,-5.91223001480103,10336.646484375,-1935.20068359375,-9239.958984375
1154390400072134912,3482.27709960938,-3929.66088867188,-2755.86791992188,-11.8244600296021,10117.6494140625,-1516.77893066406,-9606.7626953125
1154390400072264960,3411.21020507813,-3692.5771484375,-2874.1455078125,-5.91223001480103,9863.61328125,-1107.07421875,-9947.3662109375
1154390400072395008,3316.45434570313,-3443.63940429688,-2992.42309570313,-11.8244600296021,9583.296875,-688.652465820313,-10261.7685546875
1154390400072526080,3221.69848632813,-3182.84741210938,-3092.95922851563,0.0,9267.9423828125,-278.947845458984,-10541.23828125
1154390400072655872,3115.09814453125,-2916.12841796875,-3193.4951171875,0.0,8926.306640625,139.473922729492,-10794.5078125
1154390400072785920,2996.6533203125,-2649.40942382813,-3288.1171875,-11.8244600296021,8567.15234375,575.329956054688,-11012.8427734375
1154390400072915968,2872.28637695313,-2370.83618164063,-3376.82543945313,-11.8244600296021,8190.47802734375,1002.46881103516,-11196.2451171875
1154390400073046016,2741.9970703125,-2086.33569335938,-3447.7919921875,-5.91223001480103,7796.28369140625,1420.890625,-11335.9794921875
1154390400073177088,2599.86328125,-1801.83544921875,-3524.67236328125,-11.8244600296021,7367.05029296875,1821.87817382813,-11458.2470703125
1154390400073306880,2451.80737304688,-1511.40795898438,-3583.81127929688,-5.91223001480103,6894.017578125,2196.71435546875,-11545.58203125
1154390400073436928,2291.90673828125,-1215.05346679688,-3637.0361328125,-5.91223001480103,6377.18505859375,2545.39916992188,-11589.2490234375
1154390400073566976,2143.85083007813,-906.844787597656,-3690.26098632813,0.0,5825.3134765625,2867.9326171875,-11641.6494140625
1154390400073697024,1983.95031738281,-604.563171386719,-3737.57202148438,-11.8244600296021,5247.162109375,3164.31469726563,-11676.5830078125
1154390400073828096,1824.0498046875,-296.354522705078,-3778.96923828125,0.0,4651.49072265625,3460.69677734375,-11685.31640625
1154390400073957888,1658.22717285156,11.8541803359985,-3802.62475585938,-11.8244600296021,4038.2998046875,3748.36157226563,-11667.849609375
1154390400074087936,1492.40441894531,331.917053222656,-3826.2802734375,-5.91223001480103,3407.58935546875,4044.74365234375,-11632.916015625
1154390400074217984,1332.50390625,651.979919433594,-3832.19409179688,-11.8244600296021,2750.59912109375,4332.40869140625,-11597.982421875
1154390400074348032,1172.603515625,966.11572265625,-3838.10815429688,-11.8244600296021,2093.60888671875,4637.5078125,-11536.8486328125
1154390400074479104,1006.78076171875,1268.39733886719,-3826.2802734375,-5.91223001480103,1454.13830566406,4960.04150390625,-11449.513671875
1154390400074608896,852.802551269531,1576.60595703125,-3814.45263671875,0.0,805.908020019531,5282.57470703125,-11353.4462890625
1154390400074738944,692.902038574219,1872.96044921875,-3790.79711914063,-11.8244600296021,192.717132568359,5639.9765625,-11231.1787109375
1154390400074868992,533.001586914063,2157.4609375,-3749.39990234375,-5.91223001480103,-394.194122314453,5971.2275390625,-11082.7109375
1154390400075000064,379.023345947266,2441.96118164063,-3696.1748046875,-5.91223001480103,-928.546203613281,6302.47802734375,-10908.0419921875
1154390400075130112,213.200637817383,2708.68017578125,-3625.20825195313,-5.91223001480103,-1436.61865234375,6590.14306640625,-10698.4404296875
1154390400075259904,35.5334396362305,2957.61791992188,-3554.24169921875,-5.91223001480103,-1927.17126464844,6860.37353515625,-10462.6376953125
1154390400075389952,-136.211517333984,3212.48291015625,-3459.61962890625,-11.8244600296021,-2417.72412109375,7078.3017578125,-10218.1015625
1154390400075520000,-313.878723144531,3461.42065429688,-3359.08374023438,-11.8244600296021,-2925.79638671875,7243.9267578125,-9982.2998046875
1154390400075651072,-497.468139648438,3692.5771484375,-3240.80615234375,-5.91223001480103,-3460.1484375,7374.68359375,-9720.296875
1154390400075781120,-675.135314941406,3929.66088867188,-3110.70092773438,-5.91223001480103,-3994.50048828125,7488.00634765625,-9432.09375
1154390400075910912,-858.724792480469,4143.0361328125,-2974.681640625,-11.8244600296021,-4528.8525390625,7592.61181640625,-9100.2236328125
1154390400076040960,-1042.31420898438,4362.33837890625,-2815.0068359375,-11.8244600296021,-5054.44482421875,7688.5,-8689.7529296875
1154390400076171008,-1214.05920410156,4563.859375,-2667.15991210938,-11.8244600296021,-5571.27685546875,7766.9541015625,-8235.615234375
1154390400076302080,-1385.80407714844,4759.45361328125,-2501.5712890625,0.0,-6070.58984375,7836.69091796875,-7737.810546875
1154390400076431872,-1563.47131347656,4937.26611328125,-2330.06860351563,-5.91223001480103,-6552.38232421875,7888.99365234375,-7205.07177734375
1154390400076561920,-1723.37182617188,5109.15185546875,-2158.56616210938,-5.91223001480103,-7016.65576171875,7915.14501953125,-6637.3994140625
1154390400076691968,-1895.11669921875,5275.1103515625,-1992.9775390625,0.0,-7463.40869140625,7923.8623046875,-6043.52685546875
1154390400076822016,-2049.09497070313,5417.3603515625,-1821.47497558594,0.0,-7901.40234375,7915.14501953125,-5423.4541015625
1154390400076953088,-2197.15087890625,5559.6103515625,-1655.88635253906,0.0,-8330.6357421875,7906.42822265625,-4803.38134765625
1154390400077082880,-2345.20703125,5690.00634765625,-1484.3837890625,-5.91223001480103,-8751.109375,7888.99365234375,-4165.84130859375
1154390400077212928,-2481.41845703125,5802.62109375,-1318.79516601563,-5.91223001480103,-9145.3037109375,7862.84228515625,-3519.568359375
1154390400077342976,-2605.78540039063,5903.3818359375,-1153.20654296875,0.0,-9530.73828125,7819.2568359375,-2864.56176757813
1154390400077473024,-2724.23022460938,5986.36083984375,-987.617919921875,0.0,-9889.892578125,7758.23681640625,-2218.28881835938
1154390400077604096,-2836.7529296875,6063.4130859375,-827.943176269531,0.0,-10222.767578125,7688.5,-1572.015625
1154390400077733888,-2943.35327148438,6116.7568359375,-662.354553222656,-5.91223001480103,-10520.603515625,7592.61181640625,-943.209411621094
1154390400077863936,-3032.18676757813,6158.24658203125,-490.852020263672,0.0,-10792.1591796875,7470.57177734375,-305.669708251953
1154390400077993984,-3115.09814453125,6187.88232421875,-331.177276611328,0.0,-11019.916015625,7339.81494140625,314.403137207031
1154390400078125056,-3198.00952148438,6199.736328125,-171.502517700195,0.0,-11203.873046875,7182.9072265625,917.009155273438
1154390400078255104,-3269.07641601563,6187.88232421875,-5.91387987136841,-5.91223001480103,-11317.751953125,7008.564453125,1528.34851074219
1154390400078384896,-3340.14331054688,6164.173828125,165.588638305664,0.0,-11361.55078125,6816.7880859375,2104.75439453125
1154390400078514944,-3405.28784179688,6128.611328125,331.177276611328,5.91223001480103,-11440.3896484375,6590.14306640625,2663.69311523438
1154390400078644992,-3464.51025390625,6069.34033203125,496.765899658203,0.0,-11519.228515625,6328.62939453125,3187.69848632813
1154390400078776064,-3511.88818359375,6010.0693359375,668.268432617188,0.0,-11580.5478515625,6049.681640625,3685.50341796875
1154390400078906112,-3553.34375,5933.01708984375,845.684814453125,5.91223001480103,-11615.5869140625,5727.14794921875,4165.84130859375
1154390400079035904,-3600.7216796875,5844.11083984375,1023.10119628906,5.91223001480103,-11615.5869140625,5395.8974609375,4646.1796875
1154390400079165952,-3636.25512695313,5737.42333984375,1200.517578125,5.91223001480103,-11501.708984375,5055.9296875,5117.7841796875
1154390400079296000,-3659.94409179688,5618.88134765625,1372.02014160156,5.91223001480103,-11440.3896484375,4698.52783203125,5598.12255859375
1154390400079427072,-3695.4775390625,5494.41259765625,1549.4365234375,5.91223001480103,-11379.0703125,4332.40869140625,6087.19384765625
1154390400079557120,-3701.39990234375,5352.16259765625,1720.93908691406,0.0,-11282.7119140625,3983.72387695313,6576.265625
1154390400079686912,-3707.32202148438,5198.05810546875,1886.52770996094,0.0,-11177.59375,3643.75634765625,7091.537109375
1154390400079816960,-3701.39990234375,5032.099609375,2046.20239257813,5.91223001480103,-11063.71484375,3295.07153320313,7589.34228515625
1154390400079947008,-3671.78857421875,4854.28662109375,2194.04931640625,0.0,-10932.3173828125,2955.10375976563,8069.6806640625
1154390400080078080,-3648.099609375,4664.6201171875,2341.896484375,0.0,-10765.8798828125,2606.4189453125,8515.0849609375
1154390400080207872,-3600.7216796875,4463.09912109375,2483.82958984375,0.0,-10590.6826171875,2222.86572265625,8943.0224609375
1154390400080337920,-3541.49926757813,4249.7236328125,2619.84887695313,5.91223001480103,-10380.4453125,1839.31237792969,9318.5595703125
1154390400080467968,-3476.35473632813,4012.64013671875,2744.04028320313,5.91223001480103,-10161.4482421875,1438.32482910156,9676.6298828125
1154390400080598016,-3393.443359375,3781.48364257813,2856.40405273438,5.91223001480103,-9898.65234375,1046.05444335938,9999.7666015625
1154390400080729088,-3304.60986328125,3538.47290039063,2974.681640625,5.91223001480103,-9618.3369140625,653.783996582031,10305.4365234375
1154390400080858880,-3209.85400390625,3283.60791015625,3075.21752929688,5.91223001480103,-9294.2216796875,261.513610839844,10567.4384765625
1154390400080988928,-3103.25366210938,3022.81591796875,3175.75341796875,0.0,-8935.0673828125,-130.756805419922,10811.974609375
1154390400081118976,-2984.80883789063,2750.169921875,3270.37548828125,5.91223001480103,-8567.15234375,-540.46142578125,11021.576171875
1154390400081250048,-2866.36401367188,2471.5966796875,3347.25610351563,0.0,-8190.47802734375,-958.883239746094,11196.2451171875
1154390400081380096,-2724.23022460938,2187.09619140625,3424.13647460938,5.91223001480103,-7787.52392578125,-1386.02209472656,11318.5126953125
1154390400081509888,-2593.94091796875,1908.52307128906,3495.10302734375,0.0,-7358.29052734375,-1804.44384765625,11414.580078125
1154390400081639936,-2445.88500976563,1618.09558105469,3566.06958007813,0.0,-6894.017578125,-2196.71435546875,11484.4482421875
1154390400081769984,-2291.90673828125,1321.74108886719,3625.20825195313,5.91223001480103,-6394.70458984375,-2554.1162109375,11554.3154296875
1154390400081901056,-2132.00634765625,1025.38659667969,3684.34716796875,0.0,-5851.5927734375,-2876.64965820313,11606.7158203125
1154390400082031104,-1978.02807617188,717.177917480469,3719.83032226563,0.0,-5282.201171875,-3199.18310546875,11650.3828125
1154390400082160896,-1812.20532226563,408.969207763672,3749.39990234375,0.0,-4712.81005859375,-3504.2822265625,11659.1162109375
1154390400082290944,-1640.46044921875,100.760536193848,3784.88305664063,5.91223001480103,-4108.37890625,-3800.66430664063,11659.1162109375
1154390400082420992,-1474.6376953125,-219.302337646484,3796.7109375,0.0,-3495.18798828125,-4097.04638671875,11650.3828125
1154390400082552064,-1308.81494140625,-521.583923339844,3814.45263671875,0.0,-2873.2373046875,-4375.994140625,11615.44921875
1154390400082682112,-1142.99230957031,-841.646789550781,3820.36645507813,0.0,-2233.76684570313,-4663.6591796875,11571.7822265625
1154390400082811904,-977.169555664063,-1155.78259277344,3802.62475585938,5.91223001480103,-1576.77648925781,-4960.04150390625,11484.4482421875
1154390400082941952,-811.346862792969,-1458.06420898438,3784.88305664063,0.0,-937.306030273438,-5273.85791015625,11397.11328125
1154390400083072000,-645.524108886719,-1754.41870117188,3749.39990234375,0.0,-297.835571289063,-5587.673828125,11266.1123046875
1154390400083203072,-479.701416015625,-2056.7001953125,3708.00268554688,0.0,306.595428466797,-5892.7734375,11117.64453125
1154390400083333120,-313.878723144531,-2341.20068359375,3660.69165039063,5.91223001480103,893.506713867188,-6197.87255859375,10916.775390625
1154390400083462912,-153.978240966797,-2601.99267578125,3595.63891601563,0.0,1445.37854003906,-6494.25439453125,10715.9072265625
1154390400083592960,17.7667198181152,-2874.638671875,3512.8447265625,5.91223001480103,1962.21081542969,-6755.76806640625,10471.37109375
1154390400083723008,195.43391418457,-3135.4306640625,3430.05029296875,5.91223001480103,2470.283203125,-6982.4130859375,10226.8349609375
1154390400083854080,367.178863525391,-3384.36840820313,3323.6005859375,0.0,3013.39501953125,-7156.755859375,9973.56640625
1154390400083983872,544.846069335938,-3621.4521484375,3205.32299804688,0.0,3547.7470703125,-7304.94677734375,9694.0966796875
1154390400084113920,716.591003417969,-3858.53564453125,3087.04541015625,0.0,4099.619140625,-7418.26904296875,9397.16015625
1154390400084243968,894.258178710938,-4083.76513671875,2951.02612304688,0.0,4660.25048828125,-7522.87451171875,9065.2900390625
1154390400084375040,1071.92541503906,-4297.14013671875,2797.26513671875,0.0,5185.8427734375,-7618.76318359375,8663.552734375
1154390400084505088,1243.67041015625,-4504.58837890625,2643.50439453125,0.0,5711.43505859375,-7697.21728515625,8191.9482421875
1154390400084634880,1409.49304199219,-4700.1826171875,2489.74340820313,0.0,6219.50732421875,-7775.67138671875,7702.876953125
1154390400084764928,1569.3935546875,-4889.849609375,2330.06860351563,5.91223001480103,6692.54052734375,-7827.97412109375,7161.40478515625
1154390400084894976,1729.29406738281,-5061.73486328125,2164.47998046875,0.0,7148.0537109375,-7871.5595703125,6602.4658203125
1154390400085026048,1883.27221679688,-5233.62060546875,1992.9775390625,0.0,7594.80712890625,-7871.5595703125,6017.32666015625
1154390400085156096,2037.25048828125,-5387.72509765625,1827.38891601563,0.0,8006.52099609375,-7871.5595703125,5423.4541015625
1154390400085285888,2179.38427734375,-5529.97509765625,1661.80029296875,0.0,8426.994140625,-7845.408203125,4794.64794921875
1154390400085415936,2321.51806640625,-5666.29833984375,1490.29772949219,0.0,8821.1884765625,-7819.2568359375,4157.10791015625
1154390400085545984,2451.80737304688,-5784.83984375,1330.62292480469,5.91223001480103,9180.34375,-7801.82275390625,3510.8349609375
1154390400085677056,2582.09643554688,-5885.6005859375,1159.12048339844,0.0,9548.2578125,-7758.23681640625,2864.56176757813
1154390400085807104,2700.54125976563,-5974.5068359375,999.445678710938,0.0,9889.892578125,-7697.21728515625,2192.08862304688
1154390400085936896,2818.98608398438,-6057.486328125,833.857055664063,5.91223001480103,10205.248046875,-7618.76318359375,1545.8154296875
1154390400086066944,2919.66430664063,-6116.7568359375,668.268432617188,5.91223001480103,10503.083984375,-7514.15771484375,899.542297363281
1154390400086196992,3014.42016601563,-6164.173828125,502.679779052734,0.0,10757.1201171875,-7392.11767578125,227.068923950195
1154390400086328064,3103.25366210938,-6193.80908203125,354.832794189453,5.91223001480103,10984.8759765625,-7235.2099609375,-384.2705078125
1154390400086458112,3186.1650390625,-6217.517578125,189.244155883789,5.91223001480103,11168.833984375,-7078.3017578125,-1004.34332275391
1154390400086587904,3257.23193359375,-6211.59033203125,29.5693988800049,0.0,11308.9912109375,-6895.2421875,-1598.21594238281
1154390400086717952,3328.298828125,-6193.80908203125,-136.019241333008,5.91223001480103,11361.55078125,-6686.03125,-2183.35498046875
1154390400086848000,3393.443359375,-6164.173828125,-301.607879638672,-5.91223001480103,11422.8701171875,-6459.38623046875,-2733.560546875
1154390400086979072,3446.74365234375,-6116.7568359375,-455.368743896484,0.0,11510.46875,-6206.58935546875,-3248.83227539063
1154390400087109120,3500.04370117188,-6063.4130859375,-632.78515625,0.0,11580.5478515625,-5927.6416015625,-3729.17041015625
1154390400087238912,3553.34375,-5980.43408203125,-798.373779296875,0.0,11633.1064453125,-5622.54248046875,-4200.775390625
1154390400087368960,3588.87719726563,-5897.45458984375,-969.876281738281,0.0,11624.3466796875,-5300.00927734375,-4663.646484375
1154390400087500032,3630.3330078125,-5802.62109375,-1135.46496582031,-5.91223001480103,11519.228515625,-4968.75830078125,-5091.583984375
1154390400087630080,3654.02197265625,-5684.07958984375,-1324.70910644531,0.0,11431.6298828125,-4602.6396484375,-5580.65576171875
1154390400087759872,3677.7109375,-5553.68359375,-1502.12548828125,0.0,11352.791015625,-4253.95458984375,-6052.26025390625
1154390400087889920,3695.4775390625,-5429.21435546875,-1673.62805175781,0.0,11265.1923828125,-3905.26977539063,-6532.5986328125
1154390400088019968,3695.4775390625,-5263.255859375,-1845.13049316406,0.0,11160.07421875,-3574.01928710938,-7021.669921875
1154390400088151040,3695.4775390625,-5109.15185546875,-2004.80529785156,-5.91223001480103,11028.67578125,-3260.20288085938,-7475.8076171875
1154390400088281088,3683.63305664063,-4937.26611328125,-2158.56616210938,0.0,10879.7578125,-2920.2353515625,-7964.87939453125
1154390400088410880,3648.099609375,-4747.59912109375,-2306.4130859375,-5.91223001480103,10722.080078125,-2580.267578125,-8419.017578125
1154390400088540928,3606.64404296875,-4540.15087890625,-2454.26025390625,-5.91223001480103,10546.8828125,-2214.1484375,-8846.955078125
1154390400088670976,3553.34375,-4326.77587890625,-2590.279296875,-11.8244600296021,10336.646484375,-1830.59521484375,-9231.2255859375
1154390400088802048,3494.12158203125,-4095.61938476563,-2714.47094726563,-5.91223001480103,10117.6494140625,-1438.32482910156,-9598.029296875
1154390400088932096,3423.0546875,-3864.462890625,-2838.66235351563,-5.91223001480103,9854.853515625,-1028.62023925781,-9929.8994140625
1154390400089061888,3334.22094726563,-3615.52490234375,-2956.93994140625,-5.91223001480103,9574.537109375,-645.06689453125,-10244.3017578125
1154390400089191936,3239.46508789063,-3354.73315429688,-3057.47583007813,-5.91223001480103,9250.421875,-235.362243652344,-10541.23828125
1154390400089321984,3126.94262695313,-3088.01391601563,-3163.92578125,-5.91223001480103,8917.546875,165.625289916992,-10794.5078125
1154390400089453056,3020.34228515625,-2821.294921875,-3252.63403320313,-5.91223001480103,8540.873046875,566.61279296875,-11004.109375
1154390400089583104,2895.97534179688,-2548.64868164063,-3335.42822265625,0.0,8164.1982421875,976.317443847656,-11196.2451171875
1154390400089712896,2765.68603515625,-2264.1484375,-3424.13647460938,0.0,7761.24462890625,1403.45629882813,-11309.779296875
1154390400089842944,2629.47436523438,-1973.72106933594,-3495.10302734375,-5.91223001480103,7340.7705078125,1813.16101074219,-11414.580078125
1154390400089972992,2481.41845703125,-1677.36657714844,-3554.24169921875,-5.91223001480103,6885.25732421875,2205.43139648438,-11484.4482421875
1154390400090104064,2321.51806640625,-1386.93908691406,-3619.29443359375,-11.8244600296021,6385.94482421875,2562.83325195313,-11545.58203125
1154390400090234112,2161.61743164063,-1084.65747070313,-3666.60546875,0.0,5842.8330078125,2902.80102539063,-11606.7158203125
1154390400090363904,2013.5615234375,-782.375915527344,-3713.91650390625,-11.8244600296021,5264.681640625,3216.61743164063,-11632.916015625
1154390400090493952,1847.73876953125,-468.240112304688,-3755.31372070313,-5.91223001480103,4660.25048828125,3521.71655273438,-11659.1162109375
1154390400090625024,1681.91613769531,-160.031433105469,-3778.96923828125,-5.91223001480103,4038.2998046875,3818.0986328125,-11667.849609375
1154390400090755072,1527.93786621094,148.177261352539,-3802.62475585938,-11.8244600296021,3390.06958007813,4123.19775390625,-11650.3828125
1154390400090885120,1362.11511230469,462.313018798828,-3808.53857421875,0.0,2741.83911132813,4402.1455078125,-11615.44921875
1154390400091014912,1202.21472167969,776.448791503906,-3808.53857421875,-5.91223001480103,2076.08911132813,4698.52783203125,-11554.3154296875
1154390400091144960,1042.31420898438,1084.65747070313,-3802.62475585938,-11.8244600296021,1419.09887695313,5003.626953125,-11475.71484375
1154390400091276032,882.413757324219,1381.01196289063,-3784.88305664063,0.0,770.868530273438,5308.72607421875,-11379.646484375
1154390400091406080,728.435485839844,1677.36657714844,-3749.39990234375,-11.8244600296021,157.677658081055,5622.54248046875,-11248.6455078125
1154390400091535872,574.457275390625,1967.7939453125,-3719.83032226563,-5.91223001480103,-437.993469238281,5936.35888671875,-11082.7109375
1154390400091665920,414.556793212891,2246.3671875,-3666.60546875,-5.91223001480103,-981.105407714844,6232.74072265625,-10890.5751953125
1154390400091795968,254.656311035156,2519.01342773438,-3601.552734375,0.0,-1480.41796875,6537.84033203125,-10663.505859375
1154390400091927040,82.9113540649414,2785.732421875,-3524.67236328125,-11.8244600296021,-1979.73046875,6790.63671875,-10427.7041015625
1154390400092057088,-82.9113540649414,3034.67016601563,-3441.87817382813,-5.91223001480103,-2461.5234375,6991.13037109375,-10183.16796875
1154390400092186880,-260.578552246094,3283.60791015625,-3347.25610351563,-5.91223001480103,-2978.35571289063,7139.3212890625,-9947.3662109375
1154390400092316928,-444.16796875,3526.61865234375,-3234.89233398438,-5.91223001480103,-3512.70776367188,7243.9267578125,-9702.830078125
1154390400092446976,-615.912963867188,3763.7021484375,-3104.78686523438,-5.91223001480103,-4055.81958007813,7339.81494140625,-9414.626953125
1154390400092578048,-799.502380371094,3994.85888671875,-2962.85375976563,0.0,-4590.171875,7426.986328125,-9082.7568359375
1154390400092708096,-977.169555664063,4220.08837890625,-2815.0068359375,-5.91223001480103,-5124.52392578125,7514.15771484375,-8681.01953125
1154390400092837888,-1160.75903320313,4427.5361328125,-2667.15991210938,0.0,-5641.35595703125,7601.32861328125,-8226.8818359375
1154390400092967936,-1326.58166503906,4629.0576171875,-2501.5712890625,-5.91223001480103,-6131.90869140625,7671.06591796875,-7737.810546875
1154390400093097984,-1504.24890136719,4818.72412109375,-2341.896484375,-5.91223001480103,-6622.46142578125,7732.08544921875,-7213.80517578125
1154390400093229056,-1664.1494140625,4996.537109375,-2176.30786132813,0.0,-7077.974609375,7758.23681640625,-6654.8662109375
1154390400093359104,-1824.0498046875,5162.49560546875,-2004.80529785156,-5.91223001480103,-7524.72802734375,7766.9541015625,-6087.19384765625
1154390400093488896,-1989.87255859375,5322.52685546875,-1839.21667480469,0.0,-7953.96142578125,7766.9541015625,-5475.8544921875
1154390400093618944,-2132.00634765625,5470.7041015625,-1673.62805175781,-5.91223001480103,-8374.435546875,7749.52001953125,-4855.78173828125
1154390400093750016,-2280.06225585938,5612.95458984375,-1496.21154785156,0.0,-8786.1494140625,7732.08544921875,-4226.9755859375
1154390400093880064,-2416.27392578125,5731.49609375,-1330.62292480469,0.0,-9180.34375,7705.93408203125,-3580.70239257813
1154390400094010112,-2540.64086914063,5838.18359375,-1159.12048339844,0.0,-9565.77734375,7653.63134765625,-2943.16259765625
1154390400094139904,-2665.0078125,5933.01708984375,-999.445678710938,0.0,-9916.171875,7592.61181640625,-2279.42260742188
1154390400094269952,-2777.53051757813,6004.142578125,-827.943176269531,-5.91223001480103,-10240.287109375,7514.15771484375,-1641.88305664063
1154390400094401024,-2884.130859375,6075.267578125,-662.354553222656,-5.91223001480103,-10546.8828125,7426.986328125,-1004.34332275391
1154390400094531072,-2978.88671875,6122.68408203125,-502.679779052734,-5.91223001480103,-10809.6787109375,7313.6640625,-375.537078857422
1154390400094661120,-3067.72021484375,6158.24658203125,-337.091156005859,-5.91223001480103,-11037.435546875,7165.47265625,244.535766601563
1154390400094790912,-3144.70922851563,6176.02783203125,-165.588638305664,0.0,-11212.6328125,6999.84765625,873.342041015625
1154390400094920960,-3221.69848632813,6176.02783203125,-5.91387987136841,0.0,-11344.03125,6834.22216796875,1484.68151855469
1154390400095052032,-3292.76538085938,6170.10107421875,159.674758911133,0.0,-11387.830078125,6642.44580078125,2078.55395507813
1154390400095182080,-3363.83227539063,6134.5380859375,331.177276611328,5.91223001480103,-11457.9091796875,6415.80029296875,2620.02612304688
1154390400095311872,-3417.13232421875,6093.048828125,496.765899658203,5.91223001480103,-11536.748046875,6145.56982421875,3161.49829101563
1154390400095441920,-3470.4326171875,6033.77783203125,662.354553222656,5.91223001480103,-11598.0673828125,5866.6220703125,3659.30322265625
1154390400095571968,-3517.810546875,5968.57958984375,845.684814453125,5.91223001480103,-11641.8662109375,5552.8056640625,4157.10791015625
1154390400095703040,-3559.26611328125,5885.6005859375,1017.18731689453,5.91223001480103,-11633.1064453125,5221.55517578125,4628.712890625
1154390400095833088,-3600.7216796875,5790.76708984375,1188.68981933594,5.91223001480103,-11527.98828125,4872.8701171875,5100.3173828125
1154390400095962880,-3630.3330078125,5684.07958984375,1360.1923828125,5.91223001480103,-11457.9091796875,4532.90234375,5580.65576171875
1154390400096092928,-3648.099609375,5565.53759765625,1537.60876464844,5.91223001480103,-11379.0703125,4166.783203125,6069.72705078125
1154390400096222976,-3659.94409179688,5435.1416015625,1709.111328125,0.0,-11291.4716796875,3818.0986328125,6558.798828125
1154390400096354048,-3671.78857421875,5286.96435546875,1874.69995117188,0.0,-11177.59375,3478.130859375,7056.603515625
1154390400096484096,-3671.78857421875,5132.85986328125,2028.46081542969,5.91223001480103,-11046.1953125,3155.59741210938,7554.40869140625
1154390400096613888,-3648.099609375,4960.974609375,2194.04931640625,5.91223001480103,-10897.27734375,2824.34692382813,8034.74658203125
1154390400096743936,-3612.56616210938,4771.3076171875,2330.06860351563,5.91223001480103,-10730.83984375,2475.662109375,8488.884765625
1154390400096875008,-3577.03271484375,4575.71337890625,2472.00170898438,0.0,-10546.8828125,2118.26025390625,8899.35546875
1154390400097005056,-3523.73266601563,4362.33837890625,2608.02099609375,0.0,-10345.40625,1734.70690917969,9274.892578125
1154390400097135104,-3458.58813476563,4143.0361328125,2738.12646484375,5.91223001480103,-10117.6494140625,1351.15368652344,9624.2294921875
1154390400097264896,-3387.52124023438,3911.87939453125,2856.40405273438,5.91223001480103,-9854.853515625,967.600341796875,9956.099609375
1154390400097394944,-3304.60986328125,3668.86889648438,2968.767578125,5.91223001480103,-9574.537109375,584.047058105469,10253.03515625
1154390400097526016,-3209.85400390625,3419.93090820313,3081.13134765625,0.0,-9259.1826171875,191.776641845703,10541.23828125
1154390400097656064,-3109.17578125,3165.06616210938,3175.75341796875,0.0,-8908.787109375,-200.493759155273,10794.5078125
1154390400097786112,-2990.73120117188,2898.34716796875,3270.37548828125,0.0,-8523.353515625,-592.76416015625,11012.8427734375
1154390400097915904,-2872.28637695313,2619.77392578125,3353.169921875,0.0,-8129.1591796875,-993.751708984375,11187.51171875
1154390400098045952,-2741.9970703125,2341.20068359375,3430.05029296875,-5.91223001480103,-7734.96484375,-1394.7392578125,11327.24609375
1154390400098177024,-2605.78540039063,2050.77319335938,3506.9306640625,5.91223001480103,-7314.4912109375,-1804.44384765625,11423.3134765625
1154390400098307072,-2463.65185546875,1760.34582519531,3571.9833984375,0.0,-6850.2177734375,-2187.9970703125,11484.4482421875
1154390400098437120,-2309.67358398438,1469.91833496094,3631.12231445313,0.0,-6368.42529296875,-2562.83325195313,11545.58203125
1154390400098566912,-2155.6953125,1167.63671875,3678.43334960938,0.0,-5834.0732421875,-2902.80102539063,11597.982421875
1154390400098696960,-1995.79479980469,871.2822265625,3731.658203125,0.0,-5273.44140625,-3225.33447265625,11632.916015625
1154390400098828032,-1835.89428710938,563.073547363281,3767.14135742188,0.0,-4695.2900390625,-3547.86791992188,11650.3828125
1154390400098958080,-1670.07165527344,260.791961669922,3796.7109375,0.0,-4090.85913085938,-3852.96704101563,11650.3828125
1154390400099087872,-1510.17114257813,-59.2709007263184,3820.36645507813,0.0,-3468.90844726563,-4140.63232421875,11641.6494140625
1154390400099217920,-1338.42614746094,-373.406677246094,3820.36645507813,0.0,-2829.43798828125,-4428.296875,11624.1826171875
1154390400099347968,-1172.603515625,-681.615356445313,3814.45263671875,0.0,-2181.20751953125,-4707.2451171875,11589.2490234375
1154390400099479040,-1012.70300292969,-983.89697265625,3808.53857421875,0.0,-1532.97717285156,-5012.34423828125,11519.3818359375
1154390400099609088,-846.880310058594,-1280.25146484375,3790.79711914063,5.91223001480103,-867.227111816406,-5308.72607421875,11414.580078125
1154390400099738880,-686.979797363281,-1582.53308105469,3761.2275390625,0.0,-227.756607055664,-5596.39111328125,11292.3125
1154390400099868928,-521.157104492188,-1878.88757324219,3719.83032226563,5.91223001480103,385.434265136719,-5910.20751953125,11143.8447265625
1154390400100000000,-367.178863525391,-2157.4609375,3666.60546875,0.0,963.585632324219,-6206.58935546875,10951.708984375
1154390400100130048,-207.278396606445,-2436.0341796875,3595.63891601563,0.0,1515.45739746094,-6485.53759765625,10715.9072265625
1154390400100260096,-41.4556770324707,-2702.75317382813,3518.75854492188,0.0,2023.52990722656,-6729.61669921875,10462.6376953125
1154390400100389888,130.289276123047,-2957.61791992188,3430.05029296875,0.0,2531.60229492188,-6938.82763671875,10218.1015625
1154390400100519936,302.034240722656,-3218.40991210938,3335.42822265625,0.0,3057.19458007813,-7087.0185546875,9964.8330078125
1154390400100651008,479.701416015625,-3455.49365234375,3217.15063476563,0.0,3591.54663085938,-7209.05859375,9711.5634765625
1154390400100781056,651.446350097656,-3692.5771484375,3092.95922851563,5.91223001480103,4143.41845703125,-7313.6640625,9414.626953125
1154390400100911104,829.113586425781,-3929.66088867188,2962.85375976563,5.91223001480103,4686.5302734375,-7400.8349609375,9082.7568359375
1154390400101040896,1006.78076171875,-4154.89013671875,2809.09301757813,0.0,5212.12255859375,-7488.00634765625,8681.01953125
1154390400101170944,1178.52575683594,-4362.33837890625,2661.24584960938,5.91223001480103,5728.95458984375,-7575.17724609375,8218.1484375
1154390400101302016,1344.34838867188,-4569.78662109375,2501.5712890625,0.0,6228.26708984375,-7644.91455078125,7729.0771484375
1154390400101432064,1504.24890136719,-4771.3076171875,2335.98266601563,5.91223001480103,6710.06005859375,-7705.93408203125,7196.33837890625
1154390400101562112,1670.07165527344,-4949.1201171875,2176.30786132813,0.0,7156.8134765625,-7740.802734375,6654.8662109375
1154390400101691904,1824.0498046875,-5121.005859375,2004.80529785156,5.91223001480103,7594.80712890625,-7749.52001953125,6069.72705078125
1154390400101821952,1978.02807617188,-5275.1103515625,1845.13049316406,0.0,8006.52099609375,-7740.802734375,5475.8544921875
1154390400101953024,2126.083984375,-5435.1416015625,1667.71411132813,5.91223001480103,8418.234375,-7723.36865234375,4864.51513671875
1154390400102083072,2268.2177734375,-5565.53759765625,1496.21154785156,0.0,8812.4287109375,-7705.93408203125,4226.9755859375
1154390400102213120,2410.3515625,-5695.93359375,1336.53686523438,5.91223001480103,9189.103515625,-7679.78271484375,3589.43579101563
1154390400102342912,2534.71850585938,-5808.54833984375,1165.03430175781,0.0,9557.017578125,-7644.91455078125,2934.42919921875
1154390400102472960,2659.08569335938,-5897.45458984375,999.445678710938,0.0,9889.892578125,-7583.89453125,2279.42260742188
1154390400102604032,2771.60815429688,-5986.36083984375,827.943176269531,5.91223001480103,10205.248046875,-7505.4404296875,1624.41613769531
1154390400102734080,2878.20849609375,-6051.55908203125,668.268432617188,0.0,10494.32421875,-7409.55224609375,969.40966796875
1154390400102863872,2972.96435546875,-6104.90283203125,502.679779052734,5.91223001480103,10757.1201171875,-7287.5126953125,305.669708251953
1154390400102993920,3061.7978515625,-6134.5380859375,343.005035400391,0.0,10993.63671875,-7130.6044921875,-331.869964599609
1154390400103124992,3150.63159179688,-6158.24658203125,183.330276489258,5.91223001480103,11195.11328125,-6956.26171875,-934.475952148438
1154390400103255040,3233.54296875,-6170.10107421875,11.8277597427368,0.0,11326.51171875,-6764.4853515625,-1537.08203125
1154390400103385088,3298.6875,-6158.24658203125,-147.84700012207,0.0,11379.0703125,-6563.99169921875,-2130.95458984375
1154390400103514880,3363.83227539063,-6134.5380859375,-313.435638427734,-5.91223001480103,11440.3896484375,-6337.34619140625,-2681.16015625
1154390400103644928,3417.13232421875,-6093.048828125,-473.110382080078,0.0,11527.98828125,-6084.5498046875,-3213.89868164063
1154390400103776000,3476.35473632813,-6039.705078125,-638.699035644531,-5.91223001480103,11598.0673828125,-5805.60205078125,-3702.97021484375
1154390400103906048,3523.73266601563,-5968.57958984375,-816.115417480469,-5.91223001480103,11641.8662109375,-5509.2197265625,-4183.30859375
1154390400104036096,3565.18823242188,-5891.52783203125,-987.617919921875,0.0,11633.1064453125,-5177.96923828125,-4646.1796875
1154390400104165888,3606.64404296875,-5802.62109375,-1153.20654296875,0.0,11536.748046875,-4838.00146484375,-5100.3173828125
1154390400104295936,3636.25512695313,-5690.00634765625,-1342.45068359375,0.0,11457.9091796875,-4480.599609375,-5580.65576171875
1154390400104427008,3659.94409179688,-5571.46484375,-1513.95324707031,-5.91223001480103,11370.310546875,-4131.9150390625,-6060.99365234375
1154390400104557056,3671.78857421875,-5435.1416015625,-1685.45581054688,0.0,11273.9521484375,-3783.23022460938,-6532.5986328125
1154390400104687104,3683.63305664063,-5292.8916015625,-1851.04443359375,0.0,11160.07421875,-3460.69677734375,-7030.4033203125
1154390400104816896,3671.78857421875,-5144.71435546875,-2004.80529785156,0.0,11019.916015625,-3146.88037109375,-7475.8076171875
1154390400104946944,3659.94409179688,-4972.82861328125,-2158.56616210938,-5.91223001480103,10862.23828125,-2815.6298828125,-7964.87939453125
1154390400105078016,3636.25512695313,-4789.0888671875,-2306.4130859375,0.0,10695.80078125,-2475.662109375,-8410.2841796875
1154390400105208064,3594.79956054688,-4599.421875,-2454.26025390625,0.0,10503.083984375,-2118.26025390625,-8838.2216796875
1154390400105338112,3547.42163085938,-4380.11962890625,-2590.279296875,0.0,10301.6064453125,-1743.42407226563,-9213.7587890625
1154390400105467904,3488.19921875,-4154.89013671875,-2720.384765625,0.0,10082.6103515625,-1359.87072753906,-9571.8291015625
1154390400105597952,3411.21020507813,-3929.66088867188,-2844.576171875,-5.91223001480103,9828.5732421875,-967.600341796875,-9903.6982421875
1154390400105729024,3334.22094726563,-3680.72290039063,-2962.85375976563,0.0,9548.2578125,-575.329956054688,-10218.1015625
1154390400105859072,3245.38745117188,-3431.78515625,-3069.3037109375,-5.91223001480103,9232.90234375,-183.059524536133,-10506.3046875
1154390400105989120,3138.787109375,-3165.06616210938,-3163.92578125,0.0,8900.02734375,217.928009033203,-10768.3076171875
1154390400106118912,3020.34228515625,-2898.34716796875,-3264.46166992188,-5.91223001480103,8523.353515625,610.198425292969,-11004.109375
1154390400106249984,2901.8974609375,-2625.70092773438,-3353.169921875,-11.8244600296021,8137.9189453125,1011.18591308594,-11187.51171875
1154390400106380032,2771.60815429688,-2341.20068359375,-3430.05029296875,-11.8244600296021,7734.96484375,1420.890625,-11309.779296875
1154390400106510080,2641.31884765625,-2056.7001953125,-3501.01684570313,0.0,7314.4912109375,1821.87817382813,-11414.580078125
1154390400106639872,2499.18530273438,-1760.34582519531,-3566.06958007813,0.0,6858.97802734375,2205.43139648438,-11484.4482421875
1154390400106769920,2339.28466796875,-1463.9912109375,-3625.20825195313,-11.8244600296021,6368.42529296875,2562.83325195313,-11571.7822265625
1154390400106900992,2179.38427734375,-1161.70971679688,-3678.43334960938,-11.8244600296021,5825.3134765625,2911.51806640625,-11597.982421875
1154390400107031040,2025.40600585938,-859.428100585938,-3725.74438476563,0.0,5255.921875,3234.05151367188,-11624.1826171875
1154390400107161088,1859.58325195313,-551.219360351563,-3761.2275390625,-11.8244600296021,4660.25048828125,3547.86791992188,-11659.1162109375
1154390400107290880,1705.60510253906,-243.010696411133,-3790.79711914063,0.0,4055.81958007813,3835.53295898438,-11659.1162109375
1154390400107420928,1533.86010742188,65.1979904174805,-3814.45263671875,-11.8244600296021,3407.58935546875,4123.19775390625,-11641.6494140625
1154390400107552000,1373.95959472656,385.260864257813,-3826.2802734375,-5.91223001480103,2750.59912109375,4419.580078125,-11606.7158203125
1154390400107682048,1214.05920410156,687.54248046875,-3820.36645507813,0.0,2084.84887695313,4707.2451171875,-11563.048828125
1154390400107812096,1054.15869140625,995.751159667969,-3814.45263671875,-5.91223001480103,1436.61865234375,5012.34423828125,-11493.181640625
1154390400107941888,894.258178710938,1298.03271484375,-3790.79711914063,-5.91223001480103,779.62841796875,5308.72607421875,-11397.11328125
1154390400108071936,734.357727050781,1594.38720703125,-3767.14135742188,-11.8244600296021,157.677658081055,5631.259765625,-11274.845703125
1154390400108203008,586.3017578125,1884.81469726563,-3719.83032226563,0.0,-455.513214111328,5927.6416015625,-11108.9111328125
1154390400108333056,426.401275634766,2163.38793945313,-3666.60546875,-11.8244600296021,-1007.38500976563,6232.74072265625,-10925.5087890625
1154390400108463104,266.500793457031,2436.0341796875,-3607.466796875,-5.91223001480103,-1524.21728515625,6511.68896484375,-10698.4404296875
1154390400108592896,106.600318908691,2702.75317382813,-3530.58618164063,-5.91223001480103,-2014.77001953125,6764.4853515625,-10462.6376953125
1154390400108722944,-71.0668792724609,2951.69091796875,-3435.96411132813,0.0,-2514.08251953125,6956.26171875,-10209.3681640625
1154390400108854016,-242.811828613281,3200.62866210938,-3341.34204101563,0.0,-3022.15502929688,7095.73583984375,-9956.099609375
1154390400108984064,-420.479034423828,3449.56640625,-3234.89233398438,-5.91223001480103,-3556.50708007813,7200.34130859375,-9720.296875
1154390400109114112,-598.146240234375,3692.5771484375,-3104.78686523438,0.0,-4090.85913085938,7278.79541015625,-9432.09375
1154390400109243904,-781.735656738281,3929.66088867188,-2968.767578125,0.0,-4633.97119140625,7348.5322265625,-9091.490234375
1154390400109374976,-953.480590820313,4154.89013671875,-2820.92065429688,-5.91223001480103,-5142.04345703125,7444.42041015625,-8698.486328125
1154390400109505024,-1137.07006835938,4368.265625,-2673.07373046875,-5.91223001480103,-5650.11572265625,7514.15771484375,-8244.3486328125
1154390400109635072,-1302.89270019531,4575.71337890625,-2507.48510742188,-5.91223001480103,-6149.42822265625,7583.89453125,-7746.5439453125
1154390400109765120,-1480.55993652344,4765.38037109375,-2341.896484375,-11.8244600296021,-6631.22119140625,7636.197265625,-7231.27197265625
1154390400109894912,-1646.38269042969,4955.04736328125,-2176.30786132813,-5.91223001480103,-7095.494140625,7671.06591796875,-6681.06640625
1154390400110025984,-1800.36083984375,5121.005859375,-2004.80529785156,-5.91223001480103,-7542.24755859375,7671.06591796875,-6122.12744140625
1154390400110156032,-1960.26135253906,5286.96435546875,-1839.21667480469,0.0,-7962.7216796875,7679.78271484375,-5510.7880859375
1154390400110286080,-2120.16186523438,5446.99609375,-1667.71411132813,-5.91223001480103,-8374.435546875,7662.3486328125,-4899.44873046875
1154390400110415872,-2268.2177734375,5583.31884765625,-1496.21154785156,-5.91223001480103,-8794.9091796875,7644.91455078125,-4261.9091796875
1154390400110545920,-2404.42944335938,5701.86083984375,-1330.62292480469,0.0,-9180.34375,7610.0458984375,-3633.10278320313
1154390400110676992,-2534.71850585938,5814.4755859375,-1153.20654296875,0.0,-9565.77734375,7583.89453125,-2986.82983398438
1154390400110807040,-2653.16333007813,5909.30908203125,-987.617919921875,0.0,-9907.412109375,7514.15771484375,-2323.08984375
1154390400110937088,-2771.60815429688,5992.2880859375,-822.029296875,0.0,-10240.287109375,7453.1376953125,-1685.55017089844
1154390400111066880,-2872.28637695313,6063.4130859375,-656.440673828125,0.0,-10538.123046875,7357.24951171875,-1039.27697753906
1154390400111196928,-2972.96435546875,6122.68408203125,-496.765899658203,0.0,-10809.6787109375,7235.2099609375,-401.737335205078
1154390400111328000,-3061.7978515625,6158.24658203125,-331.177276611328,0.0,-11037.435546875,7095.73583984375,235.802352905273
1154390400111458048,-3138.787109375,6176.02783203125,-159.674758911133,0.0,-11230.15234375,6938.82763671875,855.875183105469
1154390400111588096,-3221.69848632813,6181.955078125,0.0,0.0,-11361.55078125,6755.76806640625,1449.74780273438
1154390400111717888,-3292.76538085938,6170.10107421875,165.588638305664,0.0,-11405.3505859375,6563.99169921875,2052.35375976563
1154390400111847936,-3351.98779296875,6146.392578125,337.091156005859,0.0,-11475.4287109375,6328.62939453125,2611.29272460938
1154390400111979008,-3411.21020507813,6110.830078125,496.765899658203,0.0,-11545.5078125,6075.83251953125,3152.7646484375
1154390400112109056,-3470.4326171875,6057.486328125,674.182312011719,5.91223001480103,-11615.5869140625,5788.16796875,3659.30322265625
1154390400112239104,-3511.88818359375,5992.2880859375,833.857055664063,5.91223001480103,-11659.38671875,5483.068359375,4148.37451171875
1154390400112368896,-3553.34375,5909.30908203125,1017.18731689453,5.91223001480103,-11659.38671875,5143.10107421875,4628.712890625
1154390400112499968,-3594.79956054688,5814.4755859375,1194.60375976563,5.91223001480103,-11545.5078125,4794.416015625,5109.05078125
1154390400112630016,-3624.41064453125,5719.64208984375,1360.1923828125,0.0,-11475.4287109375,4445.7314453125,5589.38916015625
1154390400112760064,-3648.099609375,5612.95458984375,1537.60876464844,0.0,-11387.830078125,4097.04638671875,6069.72705078125
1154390400112890112,-3659.94409179688,5482.55859375,1703.19738769531,5.91223001480103,-11291.4716796875,3748.36157226563,6558.798828125
1154390400113019904,-3671.78857421875,5334.38134765625,1868.78601074219,0.0,-11177.59375,3417.11108398438,7056.603515625
1154390400113150976,-3665.86645507813,5180.27685546875,2028.46081542969,0.0,-11037.435546875,3085.86059570313,7554.40869140625
1154390400113281024,-3648.099609375,5014.318359375,2188.13549804688,0.0,-10888.517578125,2754.60986328125,8034.74658203125
1154390400113411072,-3624.41064453125,4836.50537109375,2330.06860351563,5.91223001480103,-10713.3203125,2414.64233398438,8480.1513671875
1154390400113541120,-3577.03271484375,4634.984375,2472.00170898438,5.91223001480103,-10529.36328125,2065.95751953125,8899.35546875
1154390400113670912,-3529.65502929688,4427.5361328125,2596.193359375,0.0,-10327.8857421875,1699.83837890625,9257.42578125
1154390400113801984,-3470.4326171875,4208.23388671875,2726.29858398438,0.0,-10100.1298828125,1316.28515625,9606.7626953125
1154390400113932032,-3399.36572265625,3983.00463867188,2844.576171875,0.0,-9846.09375,941.448974609375,9938.6328125
1154390400114062080,-3316.45434570313,3734.06689453125,2968.767578125,0.0,-9557.017578125,557.895690917969,10244.3017578125
1154390400114191872,-3221.69848632813,3485.12890625,3075.21752929688,0.0,-9241.662109375,174.342407226563,10532.5048828125
1154390400114321920,-3115.09814453125,3230.26416015625,3169.83959960938,0.0,-8900.02734375,-209.210876464844,10777.041015625
1154390400114452992,-3002.57568359375,2957.61791992188,3264.46166992188,0.0,-8532.11328125,-601.481262207031,11004.109375
1154390400114583040,-2884.130859375,2684.97192382813,3353.169921875,0.0,-8137.9189453125,-993.751708984375,11187.51171875
1154390400114713088,-2753.84155273438,2406.39868164063,3430.05029296875,0.0,-7734.96484375,-1403.45629882813,11327.24609375
1154390400114842880,-2617.6298828125,2121.89819335938,3506.9306640625,0.0,-7314.4912109375,-1795.72680664063,11423.3134765625
1154390400114972928,-2475.49633789063,1831.47082519531,3571.9833984375,5.91223001480103,-6858.97802734375,-2170.56298828125,11493.181640625
1154390400115104000,-2321.51806640625,1535.11633300781,3625.20825195313,-5.91223001480103,-6368.42529296875,-2545.39916992188,11545.58203125
1154390400115234048,-2167.53979492188,1232.83471679688,3678.43334960938,5.91223001480103,-5842.8330078125,-2876.64965820313,11597.982421875
1154390400115364096,-2001.71704101563,930.553161621094,3725.74438476563,5.91223001480103,-5282.201171875,-3216.61743164063,11632.916015625
1154390400115493888,-1847.73876953125,628.271545410156,3767.14135742188,0.0,-4704.0498046875,-3521.71655273438,11650.3828125
1154390400115624960,-1681.91613769531,320.062866210938,3790.79711914063,0.0,-4099.619140625,-3826.81567382813,11650.3828125
1154390400115755008,-1510.17114257813,0.0,3814.45263671875,0.0,-3477.66821289063,-4114.48095703125,11641.6494140625
1154390400115885056,-1338.42614746094,-314.135772705078,3820.36645507813,0.0,-2846.95751953125,-4393.4287109375,11624.1826171875
1154390400116015104,-1184.44799804688,-622.344482421875,3820.36645507813,0.0,-2198.72729492188,-4681.09375,11589.2490234375
1154390400116144896,-1018.62524414063,-930.553161621094,3802.62475585938,0.0,-1541.73706054688,-4968.75830078125,11510.6484375
1154390400116275968,-852.802551269531,-1232.83471679688,3784.88305664063,0.0,-875.986938476563,-5265.140625,11423.3134765625
1154390400116406016,-686.979797363281,-1535.11633300781,3755.31372070313,5.91223001480103,-236.516479492188,-5578.95703125,11301.0458984375
1154390400116536064,-527.079345703125,-1831.47082519531,3713.91650390625,0.0,394.194122314453,-5875.3388671875,11143.8447265625
1154390400116666112,-367.178863525391,-2110.04418945313,3660.69165039063,5.91223001480103,981.105407714844,-6180.43798828125,10960.4423828125
1154390400116795904,-207.278396606445,-2394.54443359375,3589.72509765625,0.0,1515.45739746094,-6459.38623046875,10742.107421875
1154390400116926976,-47.3779182434082,-2661.26342773438,3524.67236328125,0.0,2041.04956054688,-6703.46533203125,10488.837890625
1154390400117057024,130.289276123047,-2916.12841796875,3430.05029296875,0.0,2549.1220703125,-6903.958984375,10226.8349609375
1154390400117187072,296.111999511719,-3176.92041015625,3329.51440429688,0.0,3065.95434570313,-7043.43310546875,9982.2998046875
1154390400117317120,473.779174804688,-3408.07690429688,3217.15063476563,0.0,3609.06616210938,-7165.47265625,9720.296875
1154390400117446912,651.446350097656,-3657.0146484375,3092.95922851563,0.0,4152.17822265625,-7252.64404296875,9440.8271484375
1154390400117577984,823.191345214844,-3894.09814453125,2956.93994140625,5.91223001480103,4686.5302734375,-7339.81494140625,9091.490234375
1154390400117708032,1006.78076171875,-4119.32763671875,2809.09301757813,0.0,5203.3623046875,-7426.986328125,8681.01953125
1154390400117838080,1172.603515625,-4338.6298828125,2661.24584960938,0.0,5720.19482421875,-7505.4404296875,8235.615234375
1154390400117967872,1344.34838867188,-4552.00537109375,2501.5712890625,0.0,6219.50732421875,-7566.46044921875,7737.810546875
1154390400118097920,1510.17114257813,-4753.5263671875,2330.06860351563,0.0,6701.30029296875,-7618.76318359375,7205.07177734375
1154390400118228992,1675.99389648438,-4925.412109375,2170.39379882813,5.91223001480103,7148.0537109375,-7653.63134765625,6654.8662109375
1154390400118359040,1829.97204589844,-5103.224609375,2004.80529785156,5.91223001480103,7586.046875,-7662.3486328125,6087.19384765625
1154390400118489088,1983.95031738281,-5281.037109375,1827.38891601563,0.0,8006.52099609375,-7653.63134765625,5502.0546875
1154390400118618880,2143.85083007813,-5435.1416015625,1667.71411132813,5.91223001480103,8409.474609375,-7644.91455078125,4890.71533203125
1154390400118749952,2280.06225585938,-5577.39208984375,1502.12548828125,5.91223001480103,8803.6689453125,-7627.47998046875,4253.17578125
1154390400118880000,2422.19604492188,-5695.93359375,1324.70910644531,0.0,9189.103515625,-7610.0458984375,3606.90258789063
1154390400119010048,2546.56298828125,-5820.40234375,1165.03430175781,5.91223001480103,9539.498046875,-7566.46044921875,2960.62939453125
1154390400119140096,2676.85229492188,-5909.30908203125,993.531799316406,5.91223001480103,9881.1328125,-7522.87451171875,2296.8896484375
1154390400119269888,2795.29711914063,-5998.21533203125,833.857055664063,0.0,10214.0078125,-7453.1376953125,1650.61645507813
1154390400119400960,2895.97534179688,-6069.34033203125,656.440673828125,0.0,10511.84375,-7357.24951171875,986.876525878906
1154390400119531008,2996.6533203125,-6122.68408203125,502.679779052734,5.91223001480103,10774.6396484375,-7235.2099609375,358.070220947266
1154390400119661056,3085.48681640625,-6158.24658203125,337.091156005859,5.91223001480103,11011.15625,-7087.0185546875,-314.403137207031
1154390400119791104,3168.39819335938,-6181.955078125,171.502517700195,5.91223001480103,11195.11328125,-6921.3935546875,-917.009155273438
1154390400119920896,3239.46508789063,-6193.80908203125,5.91387987136841,0.0,11344.03125,-6729.61669921875,-1519.61511230469
1154390400120051968,3304.60986328125,-6187.88232421875,-147.84700012207,0.0,11405.3505859375,-6529.123046875,-2096.02099609375
1154390400120182016,3375.6767578125,-6164.173828125,-313.435638427734,-5.91223001480103,11457.9091796875,-6302.47802734375,-2663.69311523438
1154390400120312064,3434.89916992188,-6122.68408203125,-490.852020263672,0.0,11545.5078125,-6049.681640625,-3187.69848632813
1154390400120442112,3488.19921875,-6075.267578125,-650.526794433594,0.0,11624.3466796875,-5770.7333984375,-3685.50341796875
1154390400120571904,3535.5771484375,-6004.142578125,-822.029296875,-5.91223001480103,11650.626953125,-5465.63427734375,-4174.57470703125
1154390400120702976,3571.11059570313,-5927.09033203125,-993.531799316406,0.0,11650.626953125,-5143.10107421875,-4637.4462890625
1154390400120833024,3612.56616210938,-5838.18359375,-1176.86206054688,0.0,11554.267578125,-4794.416015625,-5091.583984375
1154390400120963072,3642.17749023438,-5731.49609375,-1342.45068359375,-5.91223001480103,11466.6689453125,-4445.7314453125,-5589.38916015625
1154390400121093120,3665.86645507813,-5612.95458984375,-1513.95324707031,0.0,11387.830078125,-4097.04638671875,-6060.99365234375
1154390400121222912,3683.63305664063,-5488.4853515625,-1679.54187011719,0.0,11273.9521484375,-3748.36157226563,-6550.0654296875
1154390400121353984,3689.55541992188,-5340.30810546875,-1851.04443359375,0.0,11151.314453125,-3425.828125,-7047.8701171875
1154390400121484032,3689.55541992188,-5198.05810546875,-2004.80529785156,0.0,11019.916015625,-3112.01196289063,-7493.27490234375
1154390400121614080,3677.7109375,-5026.17236328125,-2158.56616210938,-5.91223001480103,10862.23828125,-2789.478515625,-7973.61279296875
1154390400121743872,3648.099609375,-4836.50537109375,-2312.3271484375,0.0,10687.041015625,-2458.22778320313,-8427.7509765625
1154390400121874944,3612.56616210938,-4646.8388671875,-2454.26025390625,0.0,10494.32421875,-2100.82592773438,-8838.2216796875
1154390400122004992,3559.26611328125,-4427.5361328125,-2590.279296875,-11.8244600296021,10292.8466796875,-1734.70690917969,-9222.4921875
1154390400122135040,3500.04370117188,-4214.1611328125,-2720.384765625,-11.8244600296021,10073.849609375,-1351.15368652344,-9571.8291015625
1154390400122265088,3423.0546875,-3977.07739257813,-2838.66235351563,-5.91223001480103,9828.5732421875,-958.883239746094,-9903.6982421875
1154390400122394880,3351.98779296875,-3734.06689453125,-2951.02612304688,-11.8244600296021,9539.498046875,-584.047058105469,-10226.8349609375
1154390400122525952,3251.3095703125,-3479.20190429688,-3063.38989257813,-5.91223001480103,9224.142578125,-183.059524536133,-10515.0380859375
1154390400122656000,3156.5537109375,-3218.40991210938,-3163.92578125,-5.91223001480103,8882.5078125,200.493759155273,-10750.8408203125
1154390400122786048,3038.10888671875,-2945.76391601563,-3258.5478515625,0.0,8523.353515625,592.76416015625,-11012.8427734375
1154390400122916096,2907.81982421875,-2673.11767578125,-3347.25610351563,0.0,8146.6787109375,1002.46881103516,-11178.7783203125
1154390400123045888,2783.45263671875,-2388.61743164063,-3418.22265625,0.0,7743.724609375,1386.02209472656,-11309.779296875
1154390400123176960,2647.2412109375,-2104.11694335938,-3495.10302734375,0.0,7314.4912109375,1787.00964355469,-11440.7802734375
1154390400123307008,2505.107421875,-1807.76245117188,-3566.06958007813,0.0,6867.73779296875,2170.56298828125,-11493.181640625
1154390400123437056,2345.20703125,-1511.40795898438,-3613.38061523438,0.0,6377.18505859375,2536.68188476563,-11580.515625
1154390400123567104,2191.22875976563,-1203.19934082031,-3672.51928710938,0.0,5842.8330078125,2876.64965820313,-11597.982421875
1154390400123696896,2025.40600585938,-894.990600585938,-3719.83032226563,-11.8244600296021,5273.44140625,3190.46606445313,-11641.6494140625
1154390400123827968,1865.50549316406,-586.781921386719,-3755.31372070313,-5.91223001480103,4677.7705078125,3495.56518554688,-11650.3828125
1154390400123958016,1705.60510253906,-278.5732421875,-3790.79711914063,-5.91223001480103,4064.57958984375,3791.947265625,-11659.1162109375
1154390400124088064,1539.78234863281,41.489631652832,-3808.53857421875,0.0,3433.86889648438,4079.6123046875,-11641.6494140625
1154390400124218112,1373.95959472656,355.625396728516,-3826.2802734375,-11.8244600296021,2785.63842773438,4367.27734375,-11606.7158203125
1154390400124347904,1214.05920410156,663.834106445313,-3820.36645507813,-5.91223001480103,2128.64819335938,4654.9423828125,-11571.7822265625
1154390400124478976,1054.15869140625,977.969848632813,-3802.62475585938,-11.8244600296021,1462.89819335938,4951.32421875,-11493.181640625
1154390400124609024,888.3359375,1280.25146484375,-3790.79711914063,-5.91223001480103,814.667846679688,5256.42333984375,-11405.8466796875
1154390400124739072,728.435485839844,1582.53308105469,-3761.2275390625,-5.91223001480103,166.437515258789,5561.5224609375,-11283.5791015625
1154390400124869120,574.457275390625,1872.96044921875,-3719.83032226563,-11.8244600296021,-437.993469238281,5875.3388671875,-11126.3779296875
1154390400124999936,420.479034423828,2151.53369140625,-3666.60546875,-11.8244600296021,-998.625122070313,6180.43798828125,-10934.2421875
1154390400125129984,254.656311035156,2436.0341796875,-3601.552734375,0.0,-1524.21728515625,6459.38623046875,-10715.9072265625
1154390400125260032,82.9113540649414,2702.75317382813,-3524.67236328125,-5.91223001480103,-2032.28979492188,6712.1826171875,-10462.6376953125
1154390400125390080,-82.9113540649414,2951.69091796875,-3441.87817382813,-11.8244600296021,-2522.84252929688,6903.958984375,-10218.1015625
1154390400125519872,-260.578552246094,3206.5556640625,-3341.34204101563,-5.91223001480103,-3048.4345703125,7043.43310546875,-9973.56640625
1154390400125650944,-432.323516845703,3455.49365234375,-3228.978515625,-5.91223001480103,-3574.02685546875,7139.3212890625,-9720.296875
1154390400125780992,-604.068481445313,3698.50415039063,-3104.78686523438,-11.8244600296021,-4117.138671875,7209.05859375,-9440.8271484375
1154390400125911040,-793.580139160156,3929.66088867188,-2968.767578125,-5.91223001480103,-4642.73095703125,7296.2294921875,-9100.2236328125
1154390400126041088,-965.325073242188,4166.74462890625,-2826.83447265625,-5.91223001480103,-5159.56298828125,7374.68359375,-8698.486328125
1154390400126170880,-1148.91455078125,4380.11962890625,-2673.07373046875,-5.91223001480103,-5658.8759765625,7453.1376953125,-8244.3486328125
1154390400126301952,-1320.65942382813,4593.4951171875,-2513.39892578125,0.0,-6158.1884765625,7522.87451171875,-7764.0107421875
1154390400126432000,-1492.40441894531,4789.0888671875,-2353.72412109375,-5.91223001480103,-6639.98095703125,7566.46044921875,-7240.00537109375
1154390400126562048,-1658.22717285156,4972.82861328125,-2182.2216796875,-5.91223001480103,-7104.25439453125,7583.89453125,-6689.7998046875
1154390400126692096,-1812.20532226563,5150.64111328125,-2016.63305664063,0.0,-7542.24755859375,7601.32861328125,-6113.39404296875
1154390400126821888,-1972.10583496094,5316.60009765625,-1845.13049316406,-5.91223001480103,-7971.4814453125,7601.32861328125,-5519.521484375
1154390400126952960,-2132.00634765625,5476.63134765625,-1673.62805175781,0.0,-8383.1953125,7592.61181640625,-4908.18212890625
1154390400127083008,-2280.06225585938,5624.80859375,-1508.03930664063,-5.91223001480103,-8794.9091796875,7575.17724609375,-4279.3759765625
1154390400127213056,-2416.27392578125,5749.27734375,-1336.53686523438,-5.91223001480103,-9189.103515625,7557.7431640625,-3641.83618164063
1154390400127343104,-2546.56298828125,5861.89208984375,-1165.03430175781,0.0,-9548.2578125,7522.87451171875,-2995.56323242188
1154390400127472896,-2670.93017578125,5956.7255859375,-993.531799316406,0.0,-9907.412109375,7470.57177734375,-2340.556640625
1154390400127603968,-2783.45263671875,6045.6318359375,-827.943176269531,0.0,-10240.287109375,7400.8349609375,-1703.01696777344
1154390400127734016,-2878.20849609375,6122.68408203125,-662.354553222656,0.0,-10538.123046875,7313.6640625,-1048.01049804688
1154390400127864064,-2984.80883789063,6176.02783203125,-496.765899658203,-5.91223001480103,-10809.6787109375,7200.34130859375,-410.470764160156
1154390400127994112,-3079.56469726563,6211.59033203125,-337.091156005859,0.0,-11046.1953125,7060.8671875,218.335510253906
1154390400128124928,-3162.47607421875,6235.298828125,-171.502517700195,0.0,-11230.15234375,6912.67626953125,847.141784667969
1154390400128254976,-3233.54296875,6241.22607421875,-5.91387987136841,0.0,-11370.310546875,6729.61669921875,1441.01440429688
1154390400128385024,-3310.53198242188,6235.298828125,165.588638305664,0.0,-11422.8701171875,6537.84033203125,2034.88696289063
1154390400128515072,-3363.83227539063,6211.59033203125,325.263397216797,5.91223001480103,-11484.189453125,6311.19482421875,2593.82592773438
1154390400128645120,-3423.0546875,6176.02783203125,496.765899658203,0.0,-11563.0283203125,6049.681640625,3135.2978515625
1154390400128775936,-3482.27709960938,6122.68408203125,662.354553222656,5.91223001480103,-11633.1064453125,5770.7333984375,3650.56982421875
1154390400128905984,-3529.65502929688,6057.486328125,833.857055664063,5.91223001480103,-11676.90625,5465.63427734375,4148.37451171875
1154390400129036032,-3577.03271484375,5974.5068359375,1005.35955810547,0.0,-11668.146484375,5134.3837890625,4619.9794921875
1154390400129166080,-3606.64404296875,5885.6005859375,1182.77600097656,0.0,-11571.7880859375,4785.69873046875,5100.3173828125
1154390400129295872,-3636.25512695313,5784.83984375,1348.36462402344,0.0,-11492.94921875,4428.296875,5580.65576171875
1154390400129426944,-3659.94409179688,5666.29833984375,1525.78100585938,0.0,-11405.3505859375,4097.04638671875,6069.72705078125
1154390400129556992,-3671.78857421875,5541.8291015625,1697.28356933594,0.0,-11300.2314453125,3748.36157226563,6558.798828125
1154390400129687040,-3683.63305664063,5405.50634765625,1862.87219238281,5.91223001480103,-11177.59375,3417.11108398438,7056.603515625
1154390400129817088,-3671.78857421875,5245.474609375,2016.63305664063,0.0,-11037.435546875,3085.86059570313,7554.40869140625
1154390400129946880,-3659.94409179688,5079.51611328125,2170.39379882813,0.0,-10879.7578125,2772.04418945313,8034.74658203125
1154390400130077952,-3636.25512695313,4895.7763671875,2318.24096679688,0.0,-10722.080078125,2423.359375,8471.41796875
1154390400130208000,-3588.87719726563,4700.1826171875,2454.26025390625,5.91223001480103,-10529.36328125,2092.10888671875,8890.6220703125
1154390400130338048,-3547.42163085938,4486.80712890625,2590.279296875,0.0,-10310.3662109375,1725.98974609375,9266.1591796875
1154390400130468096,-3482.27709960938,4267.5048828125,2726.29858398438,0.0,-10100.1298828125,1342.4365234375,9615.49609375
1154390400130597888,-3411.21020507813,4036.34838867188,2838.66235351563,0.0,-9854.853515625,967.600341796875,9938.6328125
1154390400130728960,-3322.37646484375,3799.26489257813,2956.93994140625,0.0,-9557.017578125,584.047058105469,10244.3017578125
1154390400130859008,-3227.62060546875,3544.39990234375,3063.38989257813,0.0,-9250.421875,200.493759155273,10523.771484375
1154390400130989056,-3126.94262695313,3283.60791015625,3163.92578125,5.91223001480103,-8900.02734375,-174.342407226563,10777.041015625
1154390400131119104,-3014.42016601563,3016.88891601563,3258.5478515625,0.0,-8523.353515625,-566.61279296875,11012.8427734375
1154390400131249920,-2895.97534179688,2744.24267578125,3341.34204101563,0.0,-8137.9189453125,-950.166076660156,11187.51171875
1154390400131379968,-2759.763671875,2465.66943359375,3424.13647460938,0.0,-7734.96484375,-1351.15368652344,11335.9794921875
1154390400131510016,-2629.47436523438,2169.31494140625,3495.10302734375,0.0,-7314.4912109375,-1760.85827636719,11423.3134765625
1154390400131640064,-2481.41845703125,1878.88757324219,3560.15576171875,0.0,-6867.73779296875,-2135.6943359375,11501.9150390625
1154390400131770112,-2333.36254882813,1576.60595703125,3619.29443359375,0.0,-6377.18505859375,-2493.09643554688,11554.3154296875
1154390400131900928,-2167.53979492188,1274.32434082031,3672.51928710938,0.0,-5851.5927734375,-2841.78125,11606.7158203125
1154390400132030976,-2013.5615234375,972.042785644531,3725.74438476563,0.0,-5282.201171875,-3164.31469726563,11641.6494140625
1154390400132161024,-1847.73876953125,657.906982421875,3755.31372070313,-5.91223001480103,-4712.81005859375,-3478.130859375,11650.3828125
1154390400132291072,-1681.91613769531,349.698333740234,3784.88305664063,5.91223001480103,-4108.37890625,-3774.51293945313,11667.849609375
1154390400132421120,-1516.09338378906,29.6354503631592,3808.53857421875,0.0,-3477.66821289063,-4062.17797851563,11650.3828125
1154390400132551936,-1350.27062988281,-284.500335693359,3814.45263671875,0.0,-2846.95751953125,-4341.1259765625,11632.916015625
1154390400132681984,-1184.44799804688,-598.636108398438,3814.45263671875,5.91223001480103,-2189.96728515625,-4620.07373046875,11589.2490234375
1154390400132812032,-1012.70300292969,-906.844787597656,3808.53857421875,0.0,-1541.73706054688,-4925.1728515625,11519.3818359375
1154390400132942080,-852.802551269531,-1215.05346679688,3784.88305664063,0.0,-867.227111816406,-5221.55517578125,11432.046875
1154390400133071872,-686.979797363281,-1517.33508300781,3749.39990234375,0.0,-218.996734619141,-5517.93701171875,11309.779296875
1154390400133202944,-533.001586914063,-1819.61669921875,3713.91650390625,0.0,394.194122314453,-5823.0361328125,11161.3115234375
1154390400133332992,-367.178863525391,-2104.11694335938,3654.77783203125,5.91223001480103,989.865234375,-6119.41845703125,10969.17578125
1154390400133463040,-207.278396606445,-2376.76318359375,3589.72509765625,0.0,1541.73706054688,-6389.64892578125,10742.107421875
1154390400133593088,-41.4556770324707,-2655.33642578125,3512.8447265625,0.0,2058.5693359375,-6633.728515625,10497.5712890625
1154390400133722880,130.289276123047,-2922.05541992188,3430.05029296875,0.0,2566.64184570313,-6834.22216796875,10244.3017578125
1154390400133853952,302.034240722656,-3176.92041015625,3329.51440429688,5.91223001480103,3083.47412109375,-6991.13037109375,9991.033203125
1154390400133984000,473.779174804688,-3419.93090820313,3217.15063476563,5.91223001480103,3617.826171875,-7095.73583984375,9737.763671875
1154390400134114048,651.446350097656,-3662.94165039063,3092.95922851563,0.0,4169.69775390625,-7182.9072265625,9440.8271484375
1154390400134244096,823.191345214844,-3905.95239257813,2956.93994140625,0.0,4695.2900390625,-7270.078125,9100.2236328125
1154390400134374912,1000.85852050781,-4137.10888671875,2809.09301757813,5.91223001480103,5220.88232421875,-7348.5322265625,8698.486328125
1154390400134504960,1184.44799804688,-4356.4111328125,2655.33203125,0.0,5737.71435546875,-7435.70361328125,8235.615234375
1154390400134635008,1344.34838867188,-4569.78662109375,2507.48510742188,0.0,6228.26708984375,-7505.4404296875,7746.5439453125
1154390400134765056,1510.17114257813,-4771.3076171875,2335.98266601563,0.0,6718.81982421875,-7549.02587890625,7231.27197265625
1154390400134895104,1670.07165527344,-4960.974609375,2170.39379882813,0.0,7174.3330078125,-7575.17724609375,6681.06640625
1154390400135025920,1835.89428710938,-5138.787109375,2010.71911621094,0.0,7612.32666015625,-7592.61181640625,6104.66064453125
1154390400135155968,1983.95031738281,-5316.60009765625,1839.21667480469,0.0,8015.28076171875,-7583.89453125,5510.7880859375
1154390400135286016,2143.85083007813,-5476.63134765625,1667.71411132813,0.0,8418.234375,-7575.17724609375,4899.44873046875
1154390400135416064,2285.98461914063,-5618.88134765625,1502.12548828125,0.0,8812.4287109375,-7566.46044921875,4270.642578125
1154390400135546112,2428.11840820313,-5755.20458984375,1330.62292480469,0.0,9189.103515625,-7549.02587890625,3633.10278320313
1154390400135676928,2558.40747070313,-5861.89208984375,1159.12048339844,5.91223001480103,9557.017578125,-7514.15771484375,2978.09643554688
1154390400135806976,2676.85229492188,-5962.65283203125,999.445678710938,0.0,9898.65234375,-7461.85498046875,2314.3564453125
1154390400135937024,2795.29711914063,-6051.55908203125,827.943176269531,0.0,10222.767578125,-7400.8349609375,1659.34985351563
1154390400136067072,2901.8974609375,-6134.5380859375,668.268432617188,0.0,10511.84375,-7313.6640625,1004.34332275391
1154390400136197120,3002.57568359375,-6187.88232421875,502.679779052734,5.91223001480103,10792.1591796875,-7182.9072265625,323.136566162109
1154390400136327936,3085.48681640625,-6229.37158203125,337.091156005859,5.91223001480103,11019.916015625,-7043.43310546875,-296.936279296875
1154390400136457984,3168.39819335938,-6247.15283203125,177.416397094727,5.91223001480103,11212.6328125,-6886.52490234375,-917.009155273438
1154390400136588032,3245.38745117188,-6259.00732421875,17.7416400909424,0.0,11361.55078125,-6703.46533203125,-1510.88171386719
1154390400136718080,3316.45434570313,-6253.080078125,-147.84700012207,-5.91223001480103,11414.1103515625,-6502.9716796875,-2096.02099609375
1154390400136847872,3381.59887695313,-6229.37158203125,-307.521759033203,-5.91223001480103,11484.189453125,-6285.04345703125,-2654.95971679688
1154390400136978944,3440.8212890625,-6193.80908203125,-473.110382080078,0.0,11563.0283203125,-6032.2470703125,-3187.69848632813
1154390400137108992,3494.12158203125,-6140.46533203125,-644.612915039063,0.0,11633.1064453125,-5753.29931640625,-3685.50341796875
1154390400137239040,3535.5771484375,-6081.1943359375,-816.115417480469,0.0,11668.146484375,-5456.9169921875,-4174.57470703125
1154390400137369088,3577.03271484375,-5992.2880859375,-987.617919921875,0.0,11668.146484375,-5125.66650390625,-4637.4462890625
1154390400137499904,3618.48852539063,-5909.30908203125,-1153.20654296875,0.0,11563.0283203125,-4803.13330078125,-5082.8505859375
1154390400137629952,3648.099609375,-5802.62109375,-1330.62292480469,0.0,11484.189453125,-4437.01416015625,-5571.92236328125
1154390400137760000,3671.78857421875,-5684.07958984375,-1508.03930664063,0.0,11396.58984375,-4097.04638671875,-6069.72705078125
1154390400137890048,3683.63305664063,-5553.68359375,-1673.62805175781,0.0,11282.7119140625,-3748.36157226563,-6541.33203125
1154390400138020096,3689.55541992188,-5411.43310546875,-1851.04443359375,0.0,11151.314453125,-3425.828125,-7039.13671875
1154390400138150912,3689.55541992188,-5263.255859375,-2004.80529785156,-5.91223001480103,11011.15625,-3129.44604492188,-7502.00830078125
1154390400138280960,3671.78857421875,-5097.29736328125,-2152.65234375,0.0,10853.478515625,-2806.91259765625,-7982.34619140625
1154390400138411008,3648.099609375,-4901.70361328125,-2306.4130859375,-5.91223001480103,10678.28125,-2475.662109375,-8436.484375
1154390400138541056,3606.64404296875,-4712.03662109375,-2442.43237304688,-5.91223001480103,10485.5634765625,-2126.97729492188,-8846.955078125
1154390400138671104,3559.26611328125,-4498.66162109375,-2584.36547851563,0.0,10292.8466796875,-1769.57543945313,-9231.2255859375
1154390400138801920,3500.04370117188,-4273.43212890625,-2714.47094726563,-11.8244600296021,10073.849609375,-1377.30493164063,-9589.2958984375
1154390400138931968,3423.0546875,-4036.34838867188,-2832.74853515625,-5.91223001480103,9828.5732421875,-985.034606933594,-9921.166015625
1154390400139062016,3346.0654296875,-3793.33764648438,-2951.02612304688,0.0,9539.498046875,-601.481262207031,-10235.568359375
1154390400139192064,3257.23193359375,-3538.47290039063,-3057.47583007813,-11.8244600296021,9224.142578125,-226.645126342773,-10523.771484375
1154390400139322112,3150.63159179688,-3271.75366210938,-3158.01196289063,-11.8244600296021,8882.5078125,165.625289916992,-10785.7744140625
1154390400139452928,3038.10888671875,-3005.03466796875,-3246.71997070313,0.0,8523.353515625,549.178588867188,-11012.8427734375
1154390400139582976,2919.66430664063,-2726.46142578125,-3341.34204101563,-5.91223001480103,8129.1591796875,941.448974609375,-11170.044921875
1154390400139713024,2789.375,-2436.0341796875,-3412.30859375,-11.8244600296021,7726.205078125,1342.4365234375,-11344.712890625
1154390400139843072,2641.31884765625,-2145.60668945313,-3483.27514648438,0.0,7305.7314453125,1725.98974609375,-11449.513671875
1154390400139973120,2499.18530273438,-1849.25207519531,-3560.15576171875,-5.91223001480103,6850.2177734375,2118.26025390625,-11528.115234375
1154390400140103936,2345.20703125,-1546.97058105469,-3619.29443359375,-5.91223001480103,6359.66552734375,2484.37915039063,-11554.3154296875
1154390400140233984,2197.15087890625,-1250.61596679688,-3666.60546875,0.0,5834.0732421875,2824.34692382813,-11597.982421875
1154390400140364032,2025.40600585938,-930.553161621094,-3719.83032226563,-11.8244600296021,5264.681640625,3146.88037109375,-11667.849609375
1154390400140494080,1865.50549316406,-622.344482421875,-3755.31372070313,-5.91223001480103,4669.01025390625,3451.9794921875,-11659.1162109375
1154390400140624896,1705.60510253906,-308.208679199219,-3790.79711914063,-5.91223001480103,4055.81958007813,3739.64453125,-11667.849609375
1154390400140754944,1539.78234863281,11.8541803359985,-3802.62475585938,0.0,3416.34912109375,4027.3095703125,-11650.3828125
1154390400140884992,1373.95959472656,331.917053222656,-3820.36645507813,-11.8244600296021,2776.87866210938,4306.25732421875,-11615.44921875
1154390400141015040,1208.13696289063,646.052856445313,-3820.36645507813,-11.8244600296021,2119.88842773438,4602.6396484375,-11580.515625
1154390400141145088,1042.31420898438,960.188598632813,-3814.45263671875,-5.91223001480103,1454.13830566406,4881.58740234375,-11510.6484375
1154390400141275904,882.413757324219,1262.47021484375,-3790.79711914063,-5.91223001480103,797.148132324219,5195.40380859375,-11414.580078125
1154390400141405952,722.513244628906,1570.67895507813,-3761.2275390625,-5.91223001480103,175.197387695313,5500.5029296875,-11283.5791015625
1154390400141536000,574.457275390625,1867.03344726563,-3725.74438476563,-11.8244600296021,-455.513214111328,5805.60205078125,-11152.578125
1154390400141666048,414.556793212891,2145.60668945313,-3672.51928710938,-11.8244600296021,-1024.90478515625,6101.98388671875,-10960.4423828125
1154390400141796096,248.734069824219,2430.10693359375,-3601.552734375,-11.8244600296021,-1550.49694824219,6389.64892578125,-10733.3740234375
1154390400141926912,76.9891204833984,2702.75317382813,-3530.58618164063,-11.8244600296021,-2058.5693359375,6642.44580078125,-10488.837890625
1154390400142056960,-94.7558364868164,2957.61791992188,-3447.7919921875,-11.8244600296021,-2566.64184570313,6834.22216796875,-10244.3017578125
1154390400142187008,-260.578552246094,3218.40991210938,-3347.25610351563,-11.8244600296021,-3083.47412109375,6964.97900390625,-9991.033203125
1154390400142317056,-438.245758056641,3461.42065429688,-3234.89233398438,-5.91223001480103,-3600.30639648438,7060.8671875,-9737.763671875
1154390400142447104,-615.912963867188,3716.28564453125,-3104.78686523438,0.0,-4143.41845703125,7139.3212890625,-9449.560546875
1154390400142577920,-793.580139160156,3953.369140625,-2968.767578125,-11.8244600296021,-4669.01025390625,7217.775390625,-9108.95703125
1154390400142707968,-971.247314453125,4184.52587890625,-2820.92065429688,0.0,-5194.6025390625,7304.94677734375,-8715.953125
1154390400142838016,-1148.91455078125,4409.7548828125,-2673.07373046875,-5.91223001480103,-5702.67529296875,7383.40087890625,-8261.8154296875
1154390400142968064,-1314.73718261719,4623.13037109375,-2513.39892578125,0.0,-6193.22802734375,7453.1376953125,-7772.744140625
1154390400143098112,-1492.40441894531,4824.6513671875,-2347.81030273438,-11.8244600296021,-6683.7802734375,7496.72314453125,-7248.73876953125
1154390400143228928,-1646.38269042969,5014.318359375,-2194.04931640625,0.0,-7139.2939453125,7514.15771484375,-6698.533203125
1154390400143358976,-1812.20532226563,5198.05810546875,-2016.63305664063,0.0,-7577.287109375,7522.87451171875,-6130.861328125
1154390400143489024,-1972.10583496094,5364.0166015625,-1851.04443359375,-5.91223001480103,-8006.52099609375,7531.591796875,-5528.2548828125
1154390400143619072,-2120.16186523438,5524.0478515625,-1679.54187011719,0.0,-8418.234375,7522.87451171875,-4925.64892578125
1154390400143749888,-2268.2177734375,5666.29833984375,-1508.03930664063,0.0,-8821.1884765625,7514.15771484375,-4288.109375
1154390400143879936,-2410.3515625,5802.62109375,-1342.45068359375,-5.91223001480103,-9197.86328125,7488.00634765625,-3659.30322265625
1154390400144009984,-2534.71850585938,5915.23583984375,-1170.9482421875,0.0,-9574.537109375,7453.1376953125,-3004.29663085938
1154390400144140032,-2665.0078125,6021.923828125,-999.445678710938,0.0,-9924.9326171875,7409.55224609375,-2358.0234375
1154390400144270080,-2783.45263671875,6110.830078125,-839.770935058594,0.0,-10240.287109375,7357.24951171875,-1694.28356933594
1154390400144400896,-2890.05297851563,6181.955078125,-668.268432617188,0.0,-10555.642578125,7261.361328125,-1039.27697753906
1154390400144530944,-2984.80883789063,6235.298828125,-508.593658447266,-5.91223001480103,-10835.958984375,7156.755859375,-401.737335205078
1154390400144660992,-3073.64233398438,6276.78857421875,-343.005035400391,-5.91223001480103,-11063.71484375,7025.9990234375,227.068923950195
1154390400144791040,-3150.63159179688,6300.4970703125,-177.416397094727,0.0,-11238.9130859375,6860.37353515625,847.141784667969
1154390400144921088,-3227.62060546875,6306.423828125,-17.7416400909424,-5.91223001480103,-11370.310546875,6694.748046875,1458.48120117188
1154390400145051904,-3304.60986328125,6300.4970703125,159.674758911133,-5.91223001480103,-11440.3896484375,6502.9716796875,2034.88696289063
1154390400145181952,-3363.83227539063,6282.7158203125,313.435638427734,0.0,-11492.94921875,6276.32666015625,2602.55932617188
1154390400145312000,-3423.0546875,6253.080078125,484.938140869141,5.91223001480103,-11571.7880859375,6023.5302734375,3135.2978515625
1154390400145442048,-3470.4326171875,6199.736328125,656.440673828125,0.0,-11641.8662109375,5744.58203125,3650.56982421875
1154390400145572096,-3517.810546875,6128.611328125,822.029296875,0.0,-11685.666015625,5439.48291015625,4148.37451171875
1154390400145702912,-3559.26611328125,6051.55908203125,999.445678710938,0.0,-11685.666015625,5108.232421875,4628.712890625
1154390400145832960,-3600.7216796875,5968.57958984375,1176.86206054688,0.0,-11571.7880859375,4768.2646484375,5100.3173828125
1154390400145963008,-3624.41064453125,5861.89208984375,1342.45068359375,5.91223001480103,-11492.94921875,4437.01416015625,5580.65576171875
1154390400146093056,-3648.099609375,5749.27734375,1513.95324707031,0.0,-11405.3505859375,4079.6123046875,6069.72705078125
1154390400146223104,-3659.94409179688,5624.80859375,1685.45581054688,0.0,-11300.2314453125,3739.64453125,6567.5322265625
1154390400146353920,-3671.78857421875,5482.55859375,1851.04443359375,5.91223001480103,-11177.59375,3425.828125,7065.3369140625
1154390400146483968,-3671.78857421875,5316.60009765625,2010.71911621094,0.0,-11028.67578125,3103.29467773438,7545.67529296875
1154390400146614016,-3648.099609375,5150.64111328125,2158.56616210938,0.0,-10879.7578125,2789.478515625,8034.74658203125
1154390400146744064,-3624.41064453125,4966.9013671875,2306.4130859375,5.91223001480103,-10695.80078125,2458.22778320313,8471.41796875
1154390400146874880,-3588.87719726563,4771.3076171875,2454.26025390625,0.0,-10511.84375,2118.26025390625,8890.6220703125
1154390400147004928,-3529.65502929688,4563.859375,2584.36547851563,5.91223001480103,-10310.3662109375,1752.14111328125,9266.1591796875
1154390400147134976,-3470.4326171875,4338.6298828125,2714.47094726563,0.0,-10082.6103515625,1377.30493164063,9615.49609375
1154390400147265024,-3399.36572265625,4107.4736328125,2838.66235351563,0.0,-9828.5732421875,1002.46881103516,9938.6328125
1154390400147395072,-3322.37646484375,3864.462890625,2951.02612304688,0.0,-9548.2578125,610.198425292969,10253.03515625
1154390400147525888,-3233.54296875,3609.59790039063,3057.47583007813,0.0,-9215.3828125,244.079360961914,10532.5048828125
1154390400147655936,-3126.94262695313,3342.87890625,3163.92578125,0.0,-8873.748046875,-139.473922729492,10785.7744140625
1154390400147785984,-3008.49780273438,3076.15991210938,3258.5478515625,0.0,-8505.8330078125,-523.027221679688,11012.8427734375
1154390400147916032,-2890.05297851563,2797.58666992188,3341.34204101563,5.91223001480103,-8111.63916015625,-906.580505371094,11196.2451171875
1154390400148046080,-2759.763671875,2513.08618164063,3418.22265625,0.0,-7717.4453125,-1298.85095214844,11344.712890625
1154390400148176896,-2623.55224609375,2216.73168945313,3495.10302734375,0.0,-7288.21142578125,-1691.12133789063,11440.7802734375
1154390400148306944,-2481.41845703125,1932.2314453125,3554.24169921875,0.0,-6832.6982421875,-2074.67456054688,11510.6484375
1154390400148436992,-2321.51806640625,1624.02270507813,3619.29443359375,-5.91223001480103,-6350.9052734375,-2423.359375,11563.048828125
1154390400148567040,-2167.53979492188,1321.74108886719,3672.51928710938,5.91223001480103,-5825.3134765625,-2780.76123046875,11615.44921875
1154390400148697088,-2013.5615234375,1013.53240966797,3713.91650390625,0.0,-5273.44140625,-3112.01196289063,11632.916015625
1154390400148827904,-1847.73876953125,699.396667480469,3755.31372070313,0.0,-4695.2900390625,-3425.828125,11659.1162109375
1154390400148957952,-1681.91613769531,379.333770751953,3784.88305664063,0.0,-4090.85913085938,-3713.4931640625,11676.5830078125
1154390400149088000,-1516.09338378906,65.1979904174805,3802.62475585938,0.0,-3460.1484375,-4001.158203125,11667.849609375
1154390400149218048,-1344.34838867188,-254.864883422852,3808.53857421875,0.0,-2820.67797851563,-4280.10595703125,11641.6494140625
1154390400149348096,-1184.44799804688,-569.000671386719,3814.45263671875,0.0,-2163.68774414063,-4567.77099609375,11589.2490234375
1154390400149478912,-1018.62524414063,-889.063537597656,3802.62475585938,0.0,-1515.45739746094,-4846.71875,11536.8486328125
1154390400149608960,-852.802551269531,-1203.19934082031,3778.96923828125,0.0,-849.707336425781,-5143.10107421875,11432.046875
1154390400149739008,-692.902038574219,-1505.48095703125,3755.31372070313,5.91223001480103,-201.477005004883,-5448.2001953125,11318.5126953125
1154390400149869056,-533.001586914063,-1807.76245117188,3713.91650390625,5.91223001480103,420.473754882813,-5753.29931640625,11178.7783203125
1154390400150000128,-379.023345947266,-2092.26293945313,3660.69165039063,0.0,1016.14489746094,-6049.681640625,10986.642578125
1154390400150129920,-213.200637817383,-2376.76318359375,3589.72509765625,0.0,1559.2568359375,-6319.912109375,10768.3076171875
1154390400150259968,-41.4556770324707,-2655.33642578125,3518.75854492188,0.0,2084.84887695313,-6572.70849609375,10515.0380859375
1154390400150390016,118.444793701172,-2916.12841796875,3430.05029296875,0.0,2592.92138671875,-6773.2021484375,10261.7685546875
1154390400150520064,302.034240722656,-3176.92041015625,3329.51440429688,0.0,3118.513671875,-6912.67626953125,10008.5
1154390400150650880,467.85693359375,-3425.85815429688,3217.15063476563,0.0,3652.86572265625,-7025.9990234375,9746.4970703125
1154390400150780928,639.601867675781,-3674.7958984375,3092.95922851563,0.0,4195.9775390625,-7113.169921875,9449.560546875
1154390400150910976,823.191345214844,-3923.73364257813,2956.93994140625,0.0,4730.32958984375,-7200.34130859375,9117.6904296875
1154390400151041024,994.936279296875,-4154.89013671875,2815.0068359375,0.0,5247.162109375,-7287.5126953125,8707.2197265625
1154390400151171072,1172.603515625,-4380.11962890625,2667.15991210938,0.0,5763.994140625,-7365.96630859375,8244.3486328125
1154390400151301888,1338.42614746094,-4593.4951171875,2501.5712890625,0.0,6245.787109375,-7435.70361328125,7764.0107421875
1154390400151431936,1510.17114257813,-4800.94287109375,2341.896484375,0.0,6736.33984375,-7479.2890625,7248.73876953125
1154390400151561984,1670.07165527344,-4996.537109375,2176.30786132813,0.0,7191.85302734375,-7505.4404296875,6689.7998046875
1154390400151692032,1824.0498046875,-5174.349609375,2010.71911621094,0.0,7629.84619140625,-7514.15771484375,6113.39404296875
1154390400151822080,1978.02807617188,-5358.08935546875,1845.13049316406,5.91223001480103,8032.80029296875,-7522.87451171875,5510.7880859375
1154390400151952896,2132.00634765625,-5512.19384765625,1673.62805175781,0.0,8435.7548828125,-7514.15771484375,4908.18212890625
1154390400152082944,2285.98461914063,-5660.37109375,1502.12548828125,0.0,8829.9482421875,-7505.4404296875,4279.3759765625
1154390400152212992,2416.27392578125,-5802.62109375,1336.53686523438,0.0,9215.3828125,-7479.2890625,3633.10278320313
1154390400152343040,2546.56298828125,-5915.23583984375,1165.03430175781,5.91223001480103,9574.537109375,-7435.70361328125,2986.82983398438
1154390400152473088,2670.93017578125,-6021.923828125,999.445678710938,5.91223001480103,9916.171875,-7392.11767578125,2323.08984375
1154390400152603904,2789.375,-6110.830078125,833.857055664063,0.0,10240.287109375,-7339.81494140625,1668.08325195313
1154390400152733952,2895.97534179688,-6181.955078125,668.268432617188,5.91223001480103,10529.36328125,-7261.361328125,1013.07678222656
1154390400152864000,2996.6533203125,-6247.15283203125,514.507568359375,0.0,10800.9189453125,-7156.755859375,366.803649902344
1154390400152994048,3079.56469726563,-6288.642578125,337.091156005859,0.0,11037.435546875,-7008.564453125,-305.669708251953
1154390400153125120,3168.39819335938,-6306.423828125,183.330276489258,5.91223001480103,11221.392578125,-6851.65625,-908.275695800781
1154390400153254912,3239.46508789063,-6324.205078125,17.7416400909424,0.0,11370.310546875,-6668.59716796875,-1510.88171386719
1154390400153384960,3310.53198242188,-6318.2783203125,-147.84700012207,5.91223001480103,11422.8701171875,-6476.8203125,-2087.28735351563
1154390400153515008,3369.75439453125,-6300.4970703125,-301.607879638672,5.91223001480103,11484.189453125,-6241.4580078125,-2637.49291992188
1154390400153645056,3434.89916992188,-6264.93408203125,-467.196502685547,5.91223001480103,11571.7880859375,-6006.095703125,-3170.23168945313
1154390400153776128,3482.27709960938,-6211.59033203125,-632.78515625,0.0,11641.8662109375,-5735.865234375,-3685.50341796875
1154390400153905920,3529.65502929688,-6146.392578125,-810.201538085938,0.0,11685.666015625,-5430.765625,-4165.84130859375
1154390400154035968,3571.11059570313,-6069.34033203125,-987.617919921875,0.0,11668.146484375,-5108.232421875,-4637.4462890625
1154390400154166016,3606.64404296875,-5974.5068359375,-1159.12048339844,0.0,11563.0283203125,-4768.2646484375,-5091.583984375
1154390400154296064,3636.25512695313,-5873.74658203125,-1330.62292480469,-5.91223001480103,11484.189453125,-4419.580078125,-5580.65576171875
1154390400154426880,3659.94409179688,-5755.20458984375,-1502.12548828125,0.0,11396.58984375,-4088.32934570313,-6060.99365234375
1154390400154556928,3677.7109375,-5624.80859375,-1673.62805175781,-5.91223001480103,11282.7119140625,-3748.36157226563,-6550.0654296875
1154390400154686976,3683.63305664063,-5476.63134765625,-1839.21667480469,0.0,11151.314453125,-3434.54541015625,-7039.13671875
1154390400154817024,3683.63305664063,-5334.38134765625,-1992.9775390625,0.0,11011.15625,-3138.16333007813,-7502.00830078125
1154390400154947072,3665.86645507813,-5168.4228515625,-2146.73828125,0.0,10844.71875,-2824.34692382813,-7982.34619140625
1154390400155077888,3642.17749023438,-4972.82861328125,-2294.58544921875,0.0,10669.521484375,-2493.09643554688,-8445.2177734375
1154390400155207936,3606.64404296875,-4771.3076171875,-2442.43237304688,-11.8244600296021,10476.8037109375,-2153.12866210938,-8855.6884765625
1154390400155337984,3553.34375,-4563.859375,-2578.45166015625,0.0,10275.3271484375,-1778.29248046875,-9239.958984375
1154390400155468032,3494.12158203125,-4332.703125,-2708.55688476563,-11.8244600296021,10056.330078125,-1394.7392578125,-9615.49609375
1154390400155598080,3423.0546875,-4101.54638671875,-2832.74853515625,-5.91223001480103,9802.2939453125,-1019.90307617188,-9947.3662109375
1154390400155728896,3340.14331054688,-3858.53564453125,-2939.1982421875,-11.8244600296021,9521.978515625,-645.06689453125,-10279.2353515625
1154390400155858944,3245.38745117188,-3597.74365234375,-3045.64819335938,-11.8244600296021,9215.3828125,-261.513610839844,-10576.171875
1154390400155988992,3138.787109375,-3336.95166015625,-3146.18408203125,0.0,8864.98828125,122.039680480957,-10846.908203125
1154390400156119040,3032.18676757813,-3058.37841796875,-3240.80615234375,-5.91223001480103,8497.0732421875,514.310119628906,-11056.509765625
1154390400156250112,2907.81982421875,-2779.80517578125,-3329.51440429688,0.0,8120.39892578125,906.580505371094,-11266.1123046875
1154390400156379904,2777.53051757813,-2495.30493164063,-3394.56713867188,-11.8244600296021,7708.68505859375,1298.85095214844,-11414.580078125
1154390400156509952,2635.39672851563,-2198.95043945313,-3471.44750976563,-5.91223001480103,7288.21142578125,1691.12133789063,-11484.4482421875
1154390400156640000,2493.26293945313,-1902.59594726563,-3530.58618164063,-11.8244600296021,6832.6982421875,2074.67456054688,-11554.3154296875
1154390400156770048,2333.36254882813,-1606.24145507813,-3583.81127929688,-5.91223001480103,6342.1455078125,2423.359375,-11606.7158203125
1154390400156901120,2179.38427734375,-1292.10571289063,-3637.0361328125,-5.91223001480103,5807.79345703125,2763.3271484375,-11650.3828125
1154390400157030912,2019.48376464844,-983.89697265625,-3678.43334960938,0.0,5247.162109375,3094.57763671875,-11685.31640625
1154390400157160960,1853.66101074219,-663.834106445313,-3719.83032226563,-5.91223001480103,4660.25048828125,3399.6767578125,-11702.783203125
1154390400157291008,1693.76062011719,-349.698333740234,-3749.39990234375,-5.91223001480103,4047.05981445313,3696.05883789063,-11702.783203125
1154390400157421056,1527.93786621094,-29.6354503631592,-3767.14135742188,-5.91223001480103,3407.58935546875,3975.0068359375,-11694.0498046875
1154390400157552128,1362.11511230469,296.354522705078,-3784.88305664063,-5.91223001480103,2759.35888671875,4253.95458984375,-11676.5830078125
1154390400157681920,1202.21472167969,610.490295410156,-3778.96923828125,-11.8244600296021,2102.36865234375,4532.90234375,-11624.1826171875
1154390400157811968,1030.4697265625,930.553161621094,-3767.14135742188,0.0,1454.13830566406,4820.5673828125,-11554.3154296875
1154390400157942016,876.491516113281,1238.76184082031,-3743.48583984375,-5.91223001480103,797.148132324219,5125.66650390625,-11458.2470703125
1154390400158072064,710.668762207031,1546.97058105469,-3719.83032226563,-5.91223001480103,148.917785644531,5430.765625,-11344.712890625
1154390400158202880,562.61279296875,1843.32507324219,-3672.51928710938,-5.91223001480103,-473.032958984375,5735.865234375,-11196.2451171875
1154390400158332928,396.790069580078,2127.82543945313,-3619.29443359375,-5.91223001480103,-1059.94421386719,6032.2470703125,-11021.576171875
1154390400158462976,236.889587402344,2418.25268554688,-3554.24169921875,-11.8244600296021,-1594.29626464844,6328.62939453125,-10803.2412109375
1154390400158593024,71.0668792724609,2684.97192382813,-3471.44750976563,-5.91223001480103,-2111.12866210938,6581.42578125,-10549.9716796875
1154390400158723072,-100.678077697754,2945.76391601563,-3388.65307617188,-11.8244600296021,-2610.44116210938,6773.2021484375,-10296.7021484375
1154390400158853888,-272.423034667969,3206.5556640625,-3288.1171875,0.0,-3118.513671875,6903.958984375,-10043.43359375
1154390400158983936,-450.090209960938,3449.56640625,-3175.75341796875,-11.8244600296021,-3495.18798828125,7174.18994140625,-9624.2294921875
1154390400159113984,-633.679626464844,3692.5771484375,-3057.47583007813,-11.8244600296021,-3828.06298828125,7531.591796875,-9135.1572265625
1154390400159244032,-823.191345214844,3911.87939453125,-2933.28442382813,-5.91223001480103,-4204.7373046875,7888.99365234375,-8646.0859375
1154390400159375104,-1012.70300292969,4119.32763671875,-2803.17895507813,0.0,-4686.5302734375,8176.65869140625,-8218.1484375
1154390400159504896,-1196.29248046875,4297.14013671875,-2655.33203125,-5.91223001480103,-5264.681640625,8342.2841796875,-7868.8115234375
1154390400159634944,-1373.95959472656,4457.171875,-2495.6572265625,0.0,-5886.63232421875,8473.041015625,-7528.20849609375
1154390400159764992,-1539.78234863281,4605.34912109375,-2330.06860351563,-5.91223001480103,-6456.02392578125,8656.1005859375,-7091.537109375
1154390400159895040,-1699.68286132813,4735.7451171875,-2146.73828125,0.0,-6964.09619140625,8882.7451171875,-6567.5322265625
1154390400160026112,-1847.73876953125,4836.50537109375,-1969.32202148438,-5.91223001480103,-7419.609375,9083.2392578125,-5973.65966796875
1154390400160155904,-1989.87255859375,4913.5576171875,-1791.90563964844,0.0,-7840.08349609375,9187.8447265625,-5353.5869140625
1154390400160285952,-2132.00634765625,4990.60986328125,-1608.57531738281,-5.91223001480103,-8260.556640625,9240.1474609375,-4733.513671875
1154390400160416000,-2262.29565429688,5043.95361328125,-1425.24499511719,0.0,-8663.5107421875,9266.298828125,-4095.97412109375
1154390400160546048,-2386.66259765625,5091.37060546875,-1241.91479492188,-5.91223001480103,-9057.705078125,9301.1669921875,-3432.23413085938
1154390400160677120,-2499.18530273438,5103.224609375,-1064.49841308594,0.0,-9425.6201171875,9309.884765625,-2759.7607421875
1154390400160806912,-2605.78540039063,5115.07861328125,-881.168090820313,0.0,-9749.734375,9301.1669921875,-2087.28735351563
1154390400160936960,-2700.54125976563,5103.224609375,-709.665588378906,0.0,-10047.5703125,9240.1474609375,-1441.01440429688
1154390400161067008,-2795.29711914063,5079.51611328125,-532.249206542969,0.0,-10310.3662109375,9161.693359375,-794.741271972656
1154390400161197056,-2878.20849609375,5049.880859375,-360.746673583984,0.0,-10564.40234375,9048.37109375,-139.734725952148
1154390400161328128,-2961.11987304688,4996.537109375,-183.330276489258,0.0,-10774.6396484375,8908.896484375,515.271789550781
1154390400161457920,-3026.2646484375,4913.5576171875,-5.91387987136841,0.0,-10967.3564453125,8734.5546875,1144.078125
1154390400161587968,-3091.4091796875,4842.4326171875,165.588638305664,-5.91223001480103,-11125.0341796875,8507.9091796875,1764.15087890625
1154390400161718016,-3150.63159179688,4747.59912109375,331.177276611328,0.0,-11238.9130859375,8263.830078125,2349.2900390625
1154390400161848064,-3203.931640625,4640.91162109375,508.593658447266,5.91223001480103,-11352.791015625,8002.31640625,2882.02880859375
1154390400161978880,-3245.38745117188,4516.44287109375,680.09619140625,0.0,-11422.8701171875,7679.78271484375,3406.03393554688
1154390400162108928,-3286.84301757813,4391.9736328125,857.512573242188,0.0,-11466.6689453125,7313.6640625,3868.9052734375
1154390400162238976,-3316.45434570313,4249.7236328125,1034.92895507813,0.0,-11527.98828125,6895.2421875,4296.8427734375
1154390400162369024,-3340.14331054688,4107.4736328125,1212.34533691406,0.0,-11589.3076171875,6424.517578125,4716.046875
1154390400162500096,-3363.83227539063,3953.369140625,1395.67565917969,0.0,-11624.3466796875,5927.6416015625,5143.984375
1154390400162629888,-3381.59887695313,3793.33764648438,1573.09204101563,5.91223001480103,-11598.0673828125,5413.33154296875,5606.85595703125
1154390400162759936,-3387.52124023438,3639.2333984375,1762.33618164063,5.91223001480103,-11431.6298828125,4872.8701171875,6087.19384765625
1154390400162889984,-3399.36572265625,3479.20190429688,1933.83874511719,0.0,-11300.2314453125,4332.40869140625,6584.9990234375
1154390400163020032,-3399.36572265625,3319.17041015625,2105.34130859375,0.0,-11151.314453125,3800.66430664063,7109.00439453125
1154390400163151104,-3399.36572265625,3153.2119140625,2259.10205078125,0.0,-10993.63671875,3277.63720703125,7615.54248046875
1154390400163280896,-3375.6767578125,2987.25341796875,2412.86303710938,5.91223001480103,-10835.958984375,2806.91259765625,8104.6142578125
1154390400163410944,-3357.90991210938,2809.44067382813,2554.79614257813,5.91223001480103,-10652.0009765625,2336.18823242188,8567.4853515625
1154390400163540992,-3328.298828125,2631.6279296875,2678.98754882813,5.91223001480103,-10468.0439453125,1891.61511230469,8995.4228515625
1154390400163671040,-3280.9208984375,2441.96118164063,2803.17895507813,0.0,-10275.3271484375,1438.32482910156,9388.4267578125
1154390400163802112,-3227.62060546875,2252.29418945313,2921.45654296875,0.0,-10056.330078125,1002.46881103516,9772.697265625
1154390400163931904,-3162.47607421875,2044.84606933594,3033.8203125,0.0,-9837.333984375,540.46142578125,10122.0341796875
1154390400164061952,-3079.56469726563,1837.39794921875,3128.4423828125,0.0,-9557.017578125,113.322563171387,10445.1708984375
1154390400164192000,-2984.80883789063,1618.09558105469,3217.15063476563,0.0,-9259.1826171875,-313.816314697266,10733.3740234375
1154390400164322048,-2890.05297851563,1392.8662109375,3294.03100585938,0.0,-8917.546875,-723.52099609375,10986.642578125
1154390400164453120,-2777.53051757813,1161.70971679688,3376.82543945313,5.91223001480103,-8558.392578125,-1141.94274902344,11187.51171875
1154390400164582912,-2665.0078125,930.553161621094,3435.96411132813,0.0,-8181.71826171875,-1569.08166503906,11327.24609375
1154390400164712960,-2534.71850585938,681.615356445313,3501.01684570313,0.0,-7796.28369140625,-1970.06921386719,11414.580078125
1154390400164843008,-2404.42944335938,426.75048828125,3560.15576171875,5.91223001480103,-7393.330078125,-2362.33959960938,11475.71484375
1154390400164973056,-2262.29565429688,165.958526611328,3625.20825195313,0.0,-6937.81689453125,-2737.17578125,11501.9150390625
1154390400165104128,-2108.3173828125,-94.8334426879883,3666.60546875,5.91223001480103,-6464.78369140625,-3085.86059570313,11545.58203125
1154390400165233920,-1960.26135253906,-361.552490234375,3708.00268554688,0.0,-5956.71142578125,-3434.54541015625,11571.7822265625
1154390400165363968,-1800.36083984375,-634.198669433594,3749.39990234375,0.0,-5431.119140625,-3791.947265625,11580.515625
1154390400165494016,-1646.38269042969,-906.844787597656,3784.88305664063,0.0,-4896.76708984375,-4175.50048828125,11580.515625
1154390400165625088,-1474.6376953125,-1179.49096679688,3808.53857421875,0.0,-4344.8955078125,-4576.48828125,11528.115234375
1154390400165754880,-1308.81494140625,-1446.2099609375,3820.36645507813,5.91223001480103,-3784.263671875,-4977.4755859375,11475.71484375
1154390400165884928,-1137.07006835938,-1712.92907714844,3826.2802734375,0.0,-3214.8720703125,-5378.46337890625,11440.7802734375
1154390400166014976,-965.325073242188,-1973.72106933594,3820.36645507813,0.0,-2592.92138671875,-5753.29931640625,11370.9130859375
1154390400166145024,-793.580139160156,-2222.65869140625,3802.62475585938,0.0,-1970.970703125,-6145.56982421875,11309.779296875
1154390400166276096,-621.835205078125,-2465.66943359375,3773.05541992188,0.0,-1313.98046875,-6546.55712890625,11213.7119140625
1154390400166405888,-456.012451171875,-2696.82592773438,3731.658203125,5.91223001480103,-674.509948730469,-6964.97900390625,11091.4443359375
1154390400166535936,-296.111999511719,-2910.201171875,3678.43334960938,0.0,-26.2796096801758,-7374.68359375,10951.708984375
1154390400166665984,-130.289276123047,-3117.6494140625,3607.466796875,0.0,586.911254882813,-7766.9541015625,10785.7744140625
1154390400166796032,23.6889591217041,-3301.38916015625,3524.67236328125,0.0,1191.34228515625,-8124.35595703125,10567.4384765625
1154390400166927104,183.589431762695,-3479.20190429688,3435.96411132813,0.0,1778.25354003906,-8429.455078125,10331.63671875
1154390400167056896,331.645416259766,-3645.16040039063,3329.51440429688,0.0,2347.64501953125,-8690.96875,10043.43359375
1154390400167186944,491.5458984375,-3805.19189453125,3223.064453125,0.0,2917.03662109375,-8900.1796875,9737.763671875
1154390400167316992,645.524108886719,-3959.29614257813,3104.78686523438,0.0,3468.90844726563,-9065.8046875,9397.16015625
1154390400167447040,799.502380371094,-4095.61938476563,2968.767578125,0.0,4012.02026367188,-9205.279296875,9039.08984375
1154390400167578112,965.325073242188,-4226.01513671875,2832.74853515625,0.0,4546.3720703125,-9309.884765625,8637.3525390625
1154390400167707904,1113.38110351563,-4356.4111328125,2684.9013671875,5.91223001480103,5054.44482421875,-9414.490234375,8191.9482421875
1154390400167837952,1261.43713378906,-4469.02587890625,2537.05444335938,0.0,5536.23779296875,-9492.9443359375,7737.810546875
1154390400167968000,1409.49304199219,-4587.56787109375,2377.37963867188,0.0,6000.5107421875,-9571.3974609375,7248.73876953125
1154390400168098048,1563.47131347656,-4676.47412109375,2211.791015625,5.91223001480103,6447.26416015625,-9623.7001953125,6724.73388671875
1154390400168229120,1711.52734375,-4759.45361328125,2052.1162109375,5.91223001480103,6850.2177734375,-9667.2861328125,6165.794921875
1154390400168358912,1847.73876953125,-4848.35986328125,1886.52770996094,5.91223001480103,7253.171875,-9649.8515625,5598.12255859375
1154390400168488960,1989.87255859375,-4913.5576171875,1715.02514648438,0.0,7647.3662109375,-9641.134765625,4995.5166015625
1154390400168619008,2132.00634765625,-4972.82861328125,1543.52270507813,0.0,8050.3203125,-9623.7001953125,4384.17724609375
1154390400168750080,2268.2177734375,-5014.318359375,1372.02014160156,0.0,8435.7548828125,-9606.2666015625,3755.37084960938
1154390400168880128,2392.5849609375,-5043.95361328125,1206.43151855469,0.0,8821.1884765625,-9588.83203125,3117.8310546875
1154390400169009920,2522.87426757813,-5061.73486328125,1034.92895507813,0.0,9171.5830078125,-9545.2470703125,2480.29150390625
1154390400169139968,2629.47436523438,-5067.662109375,869.34033203125,5.91223001480103,9521.978515625,-9484.2265625,1860.21850585938
1154390400169270016,2741.9970703125,-5055.80810546875,697.837829589844,5.91223001480103,9854.853515625,-9405.7724609375,1231.41223144531
1154390400169401088,2836.7529296875,-5026.17236328125,526.335327148438,5.91223001480103,10152.6884765625,-9301.1669921875,611.339416503906
1154390400169530880,2925.58642578125,-4978.755859375,354.832794189453,0.0,10424.2451171875,-9170.41015625,-34.9336814880371
1154390400169660928,3008.49780273438,-4919.48486328125,183.330276489258,5.91223001480103,10669.521484375,-8996.068359375,-611.339416503906
1154390400169790976,3085.48681640625,-4848.35986328125,5.91387987136841,0.0,10888.517578125,-8795.57421875,-1187.7451171875
1154390400169921024,3144.70922851563,-4771.3076171875,-165.588638305664,0.0,11072.4755859375,-8568.9287109375,-1755.41748046875
1154390400170052096,3209.85400390625,-4670.546875,-337.091156005859,0.0,11230.15234375,-8333.56640625,-2323.08984375
1154390400170181888,3257.23193359375,-4552.00537109375,-514.507568359375,0.0,11326.51171875,-8054.619140625,-2882.02880859375
1154390400170311936,3310.53198242188,-4427.5361328125,-691.923950195313,0.0,11361.55078125,-7766.9541015625,-3440.96752929688
1154390400170441984,3340.14331054688,-4291.21337890625,-863.426452636719,-5.91223001480103,11405.3505859375,-7444.42041015625,-3973.70629882813
1154390400170572032,3375.6767578125,-4148.962890625,-1034.92895507813,0.0,11466.6689453125,-7078.3017578125,-4471.51123046875
1154390400170703104,3399.36572265625,-3988.931640625,-1212.34533691406,-5.91223001480103,11492.94921875,-6677.31396484375,-4960.5830078125
1154390400170832896,3428.97680664063,-3828.90014648438,-1389.76171875,0.0,11492.94921875,-6241.4580078125,-5414.720703125
1154390400170962944,3434.89916992188,-3645.16040039063,-1561.26428222656,0.0,11379.0703125,-5770.7333984375,-5877.591796875
1154390400171092992,3440.8212890625,-3479.20190429688,-1732.76684570313,-5.91223001480103,11317.751953125,-5308.72607421875,-6340.46337890625
1154390400171223040,3446.74365234375,-3295.46215820313,-1904.26928710938,0.0,11230.15234375,-4803.13330078125,-6820.80126953125
1154390400171354112,3446.74365234375,-3111.72241210938,-2058.0302734375,0.0,11125.0341796875,-4306.25732421875,-7301.1396484375
1154390400171483904,3428.97680664063,-2927.982421875,-2205.87719726563,0.0,11011.15625,-3844.25,-7755.27734375
1154390400171613952,3405.28784179688,-2732.388671875,-2353.72412109375,0.0,10879.7578125,-3347.3740234375,-8218.1484375
1154390400171744000,3369.75439453125,-2524.9404296875,-2495.6572265625,0.0,10722.080078125,-2859.21533203125,-8663.552734375
1154390400171875072,3322.37646484375,-2323.41943359375,-2625.7626953125,0.0,10555.642578125,-2362.33959960938,-9100.2236328125
1154390400172005120,3269.07641601563,-2110.04418945313,-2744.04028320313,-11.8244600296021,10362.92578125,-1865.46374511719,-9493.2275390625
1154390400172134912,3203.931640625,-1890.74182128906,-2856.40405273438,-5.91223001480103,10143.9287109375,-1368.587890625,-9860.03125
1154390400172264960,3126.94262695313,-1665.51232910156,-2962.85375976563,-5.91223001480103,9924.9326171875,-871.712036132813,-10183.16796875
1154390400172395008,3038.10888671875,-1440.28295898438,-3069.3037109375,-11.8244600296021,9653.3759765625,-366.119049072266,-10480.1044921875
1154390400172526080,2937.43090820313,-1203.19934082031,-3152.09790039063,0.0,9364.30078125,113.322563171387,-10742.107421875
1154390400172656128,2830.83056640625,-972.042785644531,-3234.89233398438,-11.8244600296021,9040.185546875,627.632629394531,-10960.4423828125
1154390400172785920,2712.3857421875,-740.886291503906,-3311.77270507813,-11.8244600296021,8698.55078125,1133.2255859375,-11152.578125
1154390400172915968,2588.01879882813,-497.875579833984,-3376.82543945313,-5.91223001480103,8339.3955078125,1656.25280761719,-11292.3125
1154390400173046016,2457.7294921875,-254.864883422852,-3447.7919921875,-11.8244600296021,7962.7216796875,2161.845703125,-11405.8466796875
1154390400173177088,2315.595703125,-23.7083606719971,-3495.10302734375,-11.8244600296021,7551.0078125,2658.7216796875,-11484.4482421875
1154390400173306880,2167.53979492188,219.302337646484,-3548.32788085938,0.0,7121.77392578125,3112.01196289063,-11536.8486328125
1154390400173436928,2019.48376464844,462.313018798828,-3583.81127929688,-11.8244600296021,6631.22119140625,3556.5849609375,-11580.515625
1154390400173566976,1865.50549316406,699.396667480469,-3619.29443359375,-11.8244600296021,6123.14892578125,3966.28979492188,-11606.7158203125
1154390400173697024,1699.68286132813,948.334411621094,-3660.69165039063,-5.91223001480103,5597.556640625,4375.994140625,-11580.515625
1154390400173828096,1539.78234863281,1191.34509277344,-3678.43334960938,-11.8244600296021,5036.9248046875,4785.69873046875,-11545.58203125
1154390400173957888,1373.95959472656,1422.50158691406,-3696.1748046875,-5.91223001480103,4467.53369140625,5195.40380859375,-11510.6484375
1154390400174087936,1202.21472167969,1665.51232910156,-3696.1748046875,-5.91223001480103,3880.62231445313,5613.8251953125,-11458.2470703125
1154390400174217984,1042.31420898438,1890.74182128906,-3702.0888671875,-5.91223001480103,3284.951171875,6032.2470703125,-11397.11328125
1154390400174348032,870.569274902344,2110.04418945313,-3690.26098632813,-5.91223001480103,2645.48071289063,6459.38623046875,-11327.24609375
1154390400174479104,704.746520996094,2329.34643554688,-3666.60546875,-11.8244600296021,2006.01013183594,6886.52490234375,-11239.912109375
1154390400174608896,544.846069335938,2530.86743164063,-3625.20825195313,0.0,1349.01989746094,7322.380859375,-11135.111328125
1154390400174738944,384.945587158203,2714.60717773438,-3583.81127929688,-5.91223001480103,700.78955078125,7723.36865234375,-11004.109375
1154390400174868992,230.967346191406,2892.419921875,-3518.75854492188,0.0,52.5592193603516,8098.20458984375,-10873.1083984375
1154390400175000064,76.9891204833984,3052.45141601563,-3447.7919921875,-5.91223001480103,-578.1513671875,8438.171875,-10698.4404296875
1154390400175130112,-71.0668792724609,3206.5556640625,-3364.99755859375,-5.91223001480103,-1182.58239746094,8717.1201171875,-10480.1044921875
1154390400175259904,-219.12287902832,3360.66015625,-3276.28955078125,-11.8244600296021,-1769.49365234375,8961.19921875,-10244.3017578125
1154390400175389952,-367.178863525391,3496.98315429688,-3175.75341796875,-5.91223001480103,-2338.88525390625,9144.2587890625,-9964.8330078125
1154390400175520000,-521.157104492188,3633.30615234375,-3063.38989257813,-5.91223001480103,-2890.75708007813,9301.1669921875,-9659.1630859375
1154390400175651072,-675.135314941406,3757.77514648438,-2945.11206054688,0.0,-3425.10888671875,9414.490234375,-9327.29296875
1154390400175781120,-823.191345214844,3888.17114257813,-2809.09301757813,-5.91223001480103,-3941.94140625,9527.8125,-8943.0224609375
1154390400175910912,-977.169555664063,4006.712890625,-2673.07373046875,-5.91223001480103,-4441.25390625,9614.9833984375,-8532.5517578125
1154390400176040960,-1137.07006835938,4119.32763671875,-2531.140625,-5.91223001480103,-4923.046875,9684.720703125,-8069.6806640625
1154390400176171008,-1279.20373535156,4214.1611328125,-2383.29370117188,-5.91223001480103,-5369.80029296875,9737.0234375,-7571.87548828125
1154390400176302080,-1445.02648925781,4314.921875,-2235.44653320313,-5.91223001480103,-5816.55322265625,9754.45703125,-7047.8701171875
1154390400176432128,-1593.08251953125,4403.828125,-2075.77172851563,0.0,-6237.02734375,9780.6083984375,-6523.865234375
1154390400176561920,-1752.98303222656,4492.734375,-1922.01098632813,-5.91223001480103,-6657.5009765625,9789.326171875,-5964.92626953125
1154390400176691968,-1895.11669921875,4557.93212890625,-1762.33618164063,0.0,-7086.734375,9771.8916015625,-5388.5205078125
1154390400176822016,-2049.09497070313,4629.0576171875,-1602.66149902344,0.0,-7498.4482421875,9754.45703125,-4794.64794921875
1154390400176953088,-2191.22875976563,4688.328125,-1437.07275390625,0.0,-7927.68212890625,9737.0234375,-4192.0419921875
1154390400177082880,-2333.36254882813,4723.890625,-1277.39807128906,0.0,-8356.916015625,9702.154296875,-3580.70239257813
1154390400177212928,-2457.7294921875,4759.45361328125,-1111.80944824219,0.0,-8768.6298828125,9676.0029296875,-2969.36303710938
1154390400177342976,-2582.09643554688,4771.3076171875,-952.134643554688,0.0,-9154.0634765625,9632.41796875,-2358.0234375
1154390400177473024,-2688.69677734375,4771.3076171875,-786.546020507813,0.0,-9530.73828125,9562.6806640625,-1746.68408203125
1154390400177604096,-2795.29711914063,4759.45361328125,-620.957397460938,0.0,-9854.853515625,9466.79296875,-1135.34460449219
1154390400177733888,-2890.05297851563,4729.81787109375,-455.368743896484,-5.91223001480103,-10152.6884765625,9344.7529296875,-532.738647460938
1154390400177863936,-2978.88671875,4688.328125,-283.866241455078,0.0,-10441.7646484375,9187.8447265625,52.400520324707
1154390400177993984,-3055.87573242188,4629.0576171875,-124.191474914551,0.0,-10713.3203125,9004.78515625,646.273132324219
1154390400178125056,-3126.94262695313,4557.93212890625,53.2249183654785,0.0,-10932.3173828125,8786.857421875,1222.67883300781
1154390400178255104,-3198.00952148438,4474.953125,218.813552856445,0.0,-11125.0341796875,8534.060546875,1807.81799316406
1154390400178384896,-3245.38745117188,4386.046875,384.402191162109,-5.91223001480103,-11238.9130859375,8281.2646484375,2401.69067382813
1154390400178514944,-3304.60986328125,4279.35888671875,555.904724121094,5.91223001480103,-11291.4716796875,8002.31640625,2995.56323242188
1154390400178644992,-3340.14331054688,4166.74462890625,715.579467773438,5.91223001480103,-11361.55078125,7688.5,3563.23559570313
1154390400178776064,-3381.59887695313,4036.34838867188,881.168090820313,0.0,-11449.1494140625,7322.380859375,4095.97412109375
1154390400178906112,-3411.21020507813,3905.95239257813,1052.67065429688,5.91223001480103,-11527.98828125,6895.2421875,4585.0458984375
1154390400179035904,-3434.89916992188,3763.7021484375,1212.34533691406,0.0,-11589.3076171875,6407.08349609375,5047.9169921875
1154390400179165952,-3458.58813476563,3615.52490234375,1383.84790039063,0.0,-11606.8271484375,5901.490234375,5493.3212890625
1154390400179296000,-3470.4326171875,3467.34765625,1543.52270507813,5.91223001480103,-11571.7880859375,5352.31201171875,5938.72607421875
1154390400179427072,-3476.35473632813,3325.09765625,1709.111328125,5.91223001480103,-11475.4287109375,4794.416015625,6392.86376953125
1154390400179557120,-3470.4326171875,3170.9931640625,1862.87219238281,0.0,-11405.3505859375,4227.80322265625,6864.46826171875
1154390400179686912,-3470.4326171875,3016.88891601563,2016.63305664063,0.0,-11300.2314453125,3669.90747070313,7344.806640625
1154390400179816960,-3452.66577148438,2862.78466796875,2152.65234375,0.0,-11186.353515625,3129.44604492188,7833.8779296875
1154390400179947008,-3423.0546875,2708.68017578125,2288.67163085938,0.0,-11037.435546875,2615.13598632813,8296.7490234375
1154390400180078080,-3393.443359375,2542.7216796875,2418.77685546875,0.0,-10853.478515625,2126.97729492188,8750.8876953125
1154390400180208128,-3346.0654296875,2376.76318359375,2531.140625,5.91223001480103,-10669.521484375,1682.40417480469,9170.091796875
1154390400180337920,-3298.6875,2193.0234375,2643.50439453125,0.0,-10468.0439453125,1246.54821777344,9563.095703125
1154390400180467968,-3233.54296875,2009.28356933594,2744.04028320313,0.0,-10249.0478515625,810.692199707031,9921.166015625
1154390400180598016,-3156.5537109375,1813.68957519531,2838.66235351563,0.0,-10003.771484375,374.836181640625,10235.568359375
1154390400180729088,-3061.7978515625,1612.16857910156,2927.37060546875,0.0,-9749.734375,-61.0198402404785,10523.771484375
1154390400180858880,-2967.04223632813,1404.72033691406,3004.2509765625,0.0,-9460.6591796875,-488.158721923828,10768.3076171875
1154390400180988928,-2854.51953125,1191.34509277344,3087.04541015625,0.0,-9145.3037109375,-924.014709472656,10986.642578125
1154390400181118976,-2741.9970703125,966.11572265625,3163.92578125,5.91223001480103,-8803.6689453125,-1377.30493164063,11178.7783203125
1154390400181250048,-2611.70776367188,740.886291503906,3223.064453125,5.91223001480103,-8435.7548828125,-1821.87817382813,11309.779296875
1154390400181380096,-2475.49633789063,503.802673339844,3276.28955078125,5.91223001480103,-8041.56005859375,-2257.73413085938,11397.11328125
1154390400181509888,-2333.36254882813,266.719055175781,3335.42822265625,0.0,-7621.08642578125,-2667.43872070313,11466.98046875
1154390400181639936,-2185.30639648438,29.6354503631592,3382.7392578125,5.91223001480103,-7183.09326171875,-3059.70922851563,11510.6484375
1154390400181769984,-2025.40600585938,-219.302337646484,3424.13647460938,0.0,-6683.7802734375,-3417.11108398438,11545.58203125
1154390400181901056,-1859.58325195313,-468.240112304688,3465.53369140625,0.0,-6175.7080078125,-3791.947265625,11545.58203125
1154390400182031104,-1693.76062011719,-729.032104492188,3501.01684570313,0.0,-5641.35595703125,-4158.06640625,11545.58203125
1154390400182160896,-1533.86010742188,-983.89697265625,3524.67236328125,5.91223001480103,-5098.244140625,-4550.3369140625,11519.3818359375
1154390400182290944,-1356.19287109375,-1232.83471679688,3548.32788085938,0.0,-4520.0927734375,-4942.60693359375,11484.4482421875
1154390400182420992,-1184.44799804688,-1487.69958496094,3560.15576171875,5.91223001480103,-3933.18139648438,-5369.74609375,11440.7802734375
1154390400182552064,-1012.70300292969,-1736.63745117188,3560.15576171875,5.91223001480103,-3328.75048828125,-5796.884765625,11388.3798828125
1154390400182682112,-846.880310058594,-1967.7939453125,3554.24169921875,0.0,-2706.7998046875,-6250.17529296875,11318.5126953125
1154390400182811904,-681.057556152344,-2187.09619140625,3530.58618164063,0.0,-2076.08911132813,-6686.03125,11213.7119140625
1154390400182941952,-509.312622070313,-2406.39868164063,3501.01684570313,0.0,-1454.13830566406,-7139.3212890625,11100.177734375
1154390400183072000,-343.489898681641,-2607.91967773438,3453.70581054688,0.0,-832.187622070313,-7575.17724609375,10942.9755859375
1154390400183203072,-177.667190551758,-2791.65942382813,3400.48095703125,0.0,-210.236877441406,-7976.1650390625,10785.7744140625
1154390400183333120,-17.7667198181152,-2969.47216796875,3335.42822265625,5.91223001480103,385.434265136719,-8359.7177734375,10593.638671875
1154390400183462912,142.133758544922,-3135.4306640625,3258.5478515625,5.91223001480103,989.865234375,-8708.4033203125,10366.5703125
1154390400183592960,296.111999511719,-3289.53515625,3169.83959960938,-5.91223001480103,1585.53637695313,-8978.6337890625,10130.767578125
1154390400183723008,456.012451171875,-3431.78515625,3069.3037109375,5.91223001480103,2198.72729492188,-9213.99609375,9877.498046875
1154390400183854080,604.068481445313,-3562.18115234375,2951.02612304688,0.0,2803.158203125,-9397.0556640625,9598.029296875
1154390400183984128,758.046691894531,-3692.5771484375,2838.66235351563,0.0,3398.82934570313,-9527.8125,9257.42578125
1154390400184113920,912.02490234375,-3811.11889648438,2708.55688476563,5.91223001480103,3968.22094726563,-9641.134765625,8899.35546875
1154390400184243968,1066.00317382813,-3923.73364257813,2572.53784179688,0.0,4485.05322265625,-9728.3056640625,8471.41796875
1154390400184375040,1208.13696289063,-4036.34838867188,2430.60473632813,0.0,4984.36572265625,-9798.04296875,8008.54638671875
1154390400184505088,1350.27062988281,-4131.181640625,2288.67163085938,5.91223001480103,5439.87890625,-9850.345703125,7510.74169921875
1154390400184634880,1504.24890136719,-4231.9423828125,2140.82446289063,-5.91223001480103,5877.87255859375,-9867.7802734375,6978.0029296875
1154390400184764928,1652.30493164063,-4314.921875,1992.9775390625,0.0,6298.34619140625,-9893.931640625,6427.79736328125
1154390400184894976,1800.36083984375,-4397.90087890625,1839.21667480469,0.0,6718.81982421875,-9902.6484375,5860.125
1154390400185026048,1942.49462890625,-4474.953125,1685.45581054688,0.0,7121.77392578125,-9850.345703125,5266.25244140625
1154390400185156096,2090.55053710938,-4528.296875,1525.78100585938,0.0,7542.24755859375,-9859.0625,4654.9130859375
1154390400185285888,2226.76220703125,-4593.4951171875,1377.93395996094,0.0,7962.7216796875,-9806.759765625,4034.84033203125
1154390400185415936,2362.9736328125,-4634.984375,1224.17309570313,0.0,8383.1953125,-9763.1748046875,3423.50073242188
1154390400185545984,2487.3408203125,-4664.6201171875,1070.41223144531,0.0,8786.1494140625,-9737.0234375,2803.42797851563
1154390400185677056,2605.78540039063,-4664.6201171875,922.565246582031,0.0,9162.8232421875,-9693.4375,2200.82202148438
1154390400185807104,2718.30810546875,-4676.47412109375,762.890502929688,0.0,9521.978515625,-9588.83203125,1598.21594238281
1154390400185936896,2813.06396484375,-4664.6201171875,603.215759277344,0.0,9854.853515625,-9484.2265625,1004.34332275391
1154390400186066944,2907.81982421875,-4640.91162109375,443.540985107422,0.0,10152.6884765625,-9353.4697265625,410.470764160156
1154390400186196992,2990.73120117188,-4593.4951171875,283.866241455078,0.0,10441.7646484375,-9170.41015625,-192.13525390625
1154390400186328064,3073.64233398438,-4540.15087890625,118.27759552002,0.0,10704.560546875,-8961.19921875,-751.074157714844
1154390400186458112,3144.70922851563,-4469.02587890625,-47.3110389709473,0.0,10949.8369140625,-8717.1201171875,-1301.27966308594
1154390400186587904,3209.85400390625,-4391.9736328125,-206.985794067383,0.0,11142.5537109375,-8481.7578125,-1877.68542480469
1154390400186717952,3263.15405273438,-4308.99462890625,-378.488311767578,0.0,11282.7119140625,-8228.9619140625,-2454.09106445313
1154390400186848000,3304.60986328125,-4196.3798828125,-538.1630859375,0.0,11335.271484375,-7976.1650390625,-3039.23022460938
1154390400186979072,3357.90991210938,-4083.76513671875,-709.665588378906,0.0,11387.830078125,-7671.06591796875,-3606.90258789063
1154390400187109120,3387.52124023438,-3959.29614257813,-869.34033203125,0.0,11449.1494140625,-7313.6640625,-4122.17431640625
1154390400187238912,3417.13232421875,-3822.97314453125,-1034.92895507813,-5.91223001480103,11501.708984375,-6912.67626953125,-4593.779296875
1154390400187368960,3446.74365234375,-3668.86889648438,-1200.517578125,0.0,11545.5078125,-6502.9716796875,-5065.3837890625
1154390400187500032,3470.4326171875,-3520.69165039063,-1366.10620117188,5.91223001480103,11536.748046875,-6032.2470703125,-5528.2548828125
1154390400187630080,3476.35473632813,-3366.58715820313,-1531.69494628906,0.0,11440.3896484375,-5561.5224609375,-5999.85986328125
1154390400187760128,3488.19921875,-3194.70166015625,-1697.28356933594,-5.91223001480103,11361.55078125,-5064.64697265625,-6480.19775390625
1154390400187889920,3488.19921875,-3028.7431640625,-1851.04443359375,0.0,11282.7119140625,-4559.0537109375,-6969.26953125
1154390400188019968,3482.27709960938,-2874.638671875,-1987.06359863281,-5.91223001480103,11212.6328125,-4079.6123046875,-7405.9404296875
1154390400188151040,3464.51025390625,-2696.82592773438,-2134.91064453125,-5.91223001480103,11125.0341796875,-3582.736328125,-7895.01220703125
1154390400188281088,3434.89916992188,-2519.01342773438,-2270.92993164063,-5.91223001480103,10993.63671875,-3103.29467773438,-8340.416015625
1154390400188410880,3393.443359375,-2329.34643554688,-2406.94921875,-5.91223001480103,10862.23828125,-2615.13598632813,-8768.3544921875
1154390400188540928,3351.98779296875,-2127.82543945313,-2525.22680664063,0.0,10687.041015625,-2144.41162109375,-9178.8251953125
1154390400188670976,3280.9208984375,-1926.30432128906,-2631.67651367188,0.0,10503.083984375,-1673.68701171875,-9554.3623046875
1154390400188802048,3209.85400390625,-1718.85620117188,-2738.12646484375,-5.91223001480103,10284.0869140625,-1202.96252441406,-9903.6982421875
1154390400188932096,3126.94262695313,-1505.48095703125,-2838.66235351563,0.0,10047.5703125,-723.52099609375,-10226.8349609375
1154390400189061888,3038.10888671875,-1280.25146484375,-2939.1982421875,-5.91223001480103,9776.0146484375,-235.362243652344,-10515.0380859375
1154390400189191936,2931.5087890625,-1060.94909667969,-3021.99267578125,-5.91223001480103,9478.1787109375,252.796478271484,-10768.3076171875
1154390400189321984,2818.98608398438,-829.792602539063,-3110.70092773438,-5.91223001480103,9171.5830078125,758.389465332031,-10960.4423828125
1154390400189453056,2700.54125976563,-604.563171386719,-3169.83959960938,-5.91223001480103,8829.9482421875,1272.69958496094,-11161.3115234375
1154390400189583104,2570.251953125,-361.552490234375,-3234.89233398438,-11.8244600296021,8470.7939453125,1787.00964355469,-11283.5791015625
1154390400189712896,2434.04052734375,-136.32307434082,-3299.94506835938,0.0,8085.359375,2292.6025390625,-11362.1796875
1154390400189842944,2285.98461914063,100.760536193848,-3353.169921875,0.0,7673.6455078125,2780.76123046875,-11458.2470703125
1154390400189972992,2137.92846679688,337.844146728516,-3400.48095703125,-5.91223001480103,7218.13232421875,3242.76879882813,-11510.6484375
1154390400190104064,1983.95031738281,569.000671386719,-3435.96411132813,-5.91223001480103,6736.33984375,3678.62475585938,-11545.58203125
1154390400190234112,1824.0498046875,812.011352539063,-3483.27514648438,-5.91223001480103,6210.74755859375,4105.763671875,-11563.048828125
1154390400190363904,1658.22717285156,1049.09497070313,-3518.75854492188,-11.8244600296021,5676.3955078125,4515.46826171875,-11528.115234375
1154390400190493952,1486.48217773438,1274.32434082031,-3530.58618164063,-5.91223001480103,5124.52392578125,4933.89013671875,-11510.6484375
1154390400190625024,1326.58166503906,1505.48095703125,-3548.32788085938,-11.8244600296021,4546.3720703125,5352.31201171875,-11466.98046875
1154390400190755072,1160.75903320313,1736.63745117188,-3554.24169921875,-5.91223001480103,3950.701171875,5779.45068359375,-11432.046875
1154390400190885120,994.936279296875,1955.93969726563,-3554.24169921875,-5.91223001480103,3319.99047851563,6206.58935546875,-11379.646484375
1154390400191014912,823.191345214844,2175.2421875,-3542.4140625,-5.91223001480103,2680.52001953125,6625.01123046875,-11309.779296875
1154390400191144960,657.368591308594,2376.76318359375,-3518.75854492188,-5.91223001480103,2032.28979492188,7043.43310546875,-11231.1787109375
1154390400191276032,497.468139648438,2572.35717773438,-3477.361328125,0.0,1384.05944824219,7461.85498046875,-11117.64453125
1154390400191406080,343.489898681641,2750.169921875,-3430.05029296875,-5.91223001480103,735.829040527344,7862.84228515625,-10977.9091796875
1154390400191536128,183.589431762695,2922.05541992188,-3376.82543945313,-11.8244600296021,122.638175964355,8237.6787109375,-10811.974609375
1154390400191665920,29.611198425293,3076.15991210938,-3299.94506835938,-11.8244600296021,-464.273101806641,8603.7978515625,-10602.3720703125
1154390400191795968,-124.367034912109,3224.33715820313,-3234.89233398438,0.0,-1051.18432617188,8917.6142578125,-10349.103515625
1154390400191927040,-272.423034667969,3366.58715820313,-3140.27026367188,0.0,-1620.57592773438,9161.693359375,-10104.5673828125
1154390400192057088,-432.323516845703,3502.91040039063,-3039.734375,-11.8244600296021,-2207.48706054688,9370.904296875,-9816.3642578125
1154390400192186880,-580.379516601563,3627.37915039063,-2927.37060546875,0.0,-2803.158203125,9510.3779296875,-9536.8955078125
1154390400192316928,-734.357727050781,3745.9208984375,-2809.09301757813,-5.91223001480103,-3381.3095703125,9623.7001953125,-9213.7587890625
1154390400192446976,-876.491516113281,3864.462890625,-2690.8154296875,0.0,-3933.18139648438,9710.8720703125,-8846.955078125
1154390400192578048,-1024.54748535156,3977.07739257813,-2554.79614257813,-5.91223001480103,-4450.013671875,9798.04296875,-8436.484375
1154390400192708096,-1184.44799804688,4077.83813476563,-2412.86303710938,-5.91223001480103,-4949.326171875,9859.0625,-7956.14599609375
1154390400192837888,-1326.58166503906,4172.67138671875,-2276.84375,0.0,-5413.599609375,9902.6484375,-7467.07421875
1154390400192967936,-1474.6376953125,4261.57763671875,-2123.08276367188,-5.91223001480103,-5860.3525390625,9928.7998046875,-6960.5361328125
1154390400193097984,-1628.61596679688,4344.55712890625,-1981.14978027344,0.0,-6289.58642578125,9937.5166015625,-6419.06396484375
1154390400193229056,-1770.74963378906,4421.609375,-1821.47497558594,-5.91223001480103,-6710.06005859375,9928.7998046875,-5842.658203125
1154390400193359104,-1918.8056640625,4486.80712890625,-1667.71411132813,0.0,-7113.01416015625,9911.365234375,-5257.51904296875
1154390400193488896,-2060.939453125,4546.078125,-1513.95324707031,-5.91223001480103,-7551.0078125,9885.2138671875,-4654.9130859375
1154390400193618944,-2197.15087890625,4599.421875,-1366.10620117188,0.0,-7962.7216796875,9859.0625,-4043.57373046875
1154390400193750016,-2327.44018554688,4640.91162109375,-1206.43151855469,0.0,-8383.1953125,9815.4775390625,-3423.50073242188
1154390400193880064,-2451.80737304688,4658.69287109375,-1052.67065429688,0.0,-8794.9091796875,9780.6083984375,-2812.16137695313
1154390400194010112,-2570.251953125,4670.546875,-898.909729003906,-5.91223001480103,-9180.34375,9719.5888671875,-2209.55541992188
1154390400194139904,-2676.85229492188,4670.546875,-745.148864746094,-5.91223001480103,-9539.498046875,9632.41796875,-1598.21594238281
1154390400194269952,-2771.60815429688,4652.765625,-585.47412109375,0.0,-9872.373046875,9519.095703125,-1013.07678222656
1154390400194401024,-2866.36401367188,4623.13037109375,-425.799346923828,-5.91223001480103,-10178.96875,9388.3388671875,-419.204162597656
1154390400194531072,-2949.275390625,4581.640625,-266.124603271484,0.0,-10468.0439453125,9231.4306640625,139.734725952148
1154390400194661120,-3032.18676757813,4528.296875,-100.535957336426,5.91223001480103,-10739.6005859375,9013.501953125,716.140441894531
1154390400194790912,-3103.25366210938,4463.09912109375,65.0526809692383,0.0,-10967.3564453125,8778.1396484375,1275.07934570313
1154390400194920960,-3162.47607421875,4374.1923828125,236.555191040039,0.0,-11151.314453125,8534.060546875,1851.48510742188
1154390400195052032,-3221.69848632813,4285.2861328125,390.316070556641,0.0,-11273.9521484375,8281.2646484375,2454.09106445313
1154390400195182080,-3263.15405273438,4178.5986328125,555.904724121094,5.91223001480103,-11317.751953125,8019.75048828125,3047.96362304688
1154390400195312128,-3310.53198242188,4060.05688476563,715.579467773438,5.91223001480103,-11370.310546875,7714.6513671875,3606.90258789063
1154390400195441920,-3340.14331054688,3935.587890625,881.168090820313,5.91223001480103,-11449.1494140625,7348.5322265625,4130.90771484375
1154390400195571968,-3375.6767578125,3799.26489257813,1046.75671386719,0.0,-11519.228515625,6938.82763671875,4619.9794921875
1154390400195703040,-3399.36572265625,3657.0146484375,1212.34533691406,0.0,-11571.7880859375,6494.25439453125,5091.583984375
1154390400195833088,-3423.0546875,3508.83740234375,1377.93395996094,5.91223001480103,-11563.0283203125,6023.5302734375,5545.72216796875
1154390400195962880,-3428.97680664063,3354.73315429688,1537.60876464844,5.91223001480103,-11440.3896484375,5526.654296875,6008.59326171875
1154390400196092928,-3434.89916992188,3200.62866210938,1703.19738769531,5.91223001480103,-11405.3505859375,5003.626953125,6462.73095703125
1154390400196222976,-3434.89916992188,3040.59716796875,1856.95825195313,5.91223001480103,-11352.791015625,4471.8828125,6925.6025390625
1154390400196354048,-3423.0546875,2874.638671875,2010.71911621094,5.91223001480103,-11291.4716796875,3931.42114257813,7388.4736328125
1154390400196484096,-3411.21020507813,2708.68017578125,2152.65234375,5.91223001480103,-11212.6328125,3399.6767578125,7842.611328125
1154390400196613888,-3375.6767578125,2524.9404296875,2288.67163085938,0.0,-11098.7548828125,2876.64965820313,8279.2822265625
1154390400196743936,-3340.14331054688,2353.0546875,2418.77685546875,0.0,-10958.5966796875,2362.33959960938,8715.953125
1154390400196875008,-3286.84301757813,2175.2421875,2537.05444335938,0.0,-10774.6396484375,1882.89794921875,9135.1572265625
1154390400197005056,-3221.69848632813,1985.5751953125,2649.41821289063,0.0,-10546.8828125,1412.17346191406,9528.162109375
1154390400197135104,-3150.63159179688,1784.05419921875,2761.78198242188,0.0,-10310.3662109375,950.166076660156,9903.6982421875
1154390400197264896,-3079.56469726563,1594.38720703125,2850.48999023438,0.0,-10038.810546875,479.441619873047,10244.3017578125
1154390400197394944,-2984.80883789063,1386.93908691406,2939.1982421875,5.91223001480103,-9758.4951171875,17.4342403411865,10541.23828125
1154390400197526016,-2884.130859375,1167.63671875,3021.99267578125,5.91223001480103,-9469.4189453125,-453.290252685547,10777.041015625
1154390400197656064,-2777.53051757813,954.261535644531,3092.95922851563,5.91223001480103,-9145.3037109375,-932.731872558594,10986.642578125
1154390400197786112,-2653.16333007813,740.886291503906,3169.83959960938,0.0,-8803.6689453125,-1420.890625,11161.3115234375
1154390400197915904,-2534.71850585938,515.656860351563,3228.978515625,0.0,-8435.7548828125,-1900.33215332031,11301.0458984375
1154390400198045952,-2398.50708007813,290.427429199219,3294.03100585938,0.0,-8050.3203125,-2362.33959960938,11397.11328125
1154390400198177024,-2262.29565429688,65.1979904174805,3341.34204101563,0.0,-7638.6064453125,-2806.91259765625,11466.98046875
1154390400198307072,-2108.3173828125,-177.812698364258,3388.65307617188,5.91223001480103,-7174.3330078125,-3225.33447265625,11519.3818359375
1154390400198437120,-1954.33911132813,-408.969207763672,3430.05029296875,-5.91223001480103,-6683.7802734375,-3608.8876953125,11554.3154296875
1154390400198566912,-1800.36083984375,-646.052856445313,3459.61962890625,0.0,-6175.7080078125,-3992.44091796875,11563.048828125
1154390400198696960,-1634.53820800781,-894.990600585938,3501.01684570313,0.0,-5623.83642578125,-4375.994140625,11563.048828125
1154390400198828032,-1468.71545410156,-1138.00134277344,3524.67236328125,5.91223001480103,-5063.20458984375,-4759.5478515625,11528.115234375
1154390400198958080,-1302.89270019531,-1381.01196289063,3542.4140625,5.91223001480103,-4493.81298828125,-5160.53515625,11484.4482421875
1154390400199088128,-1137.07006835938,-1612.16857910156,3548.32788085938,5.91223001480103,-3898.14184570313,-5578.95703125,11440.7802734375
1154390400199217920,-971.247314453125,-1855.17919921875,3554.24169921875,5.91223001480103,-3284.951171875,-6014.81298828125,11379.646484375
1154390400199347968,-805.424621582031,-2068.55444335938,3542.4140625,0.0,-2663.00024414063,-6450.6689453125,11318.5126953125
1154390400199479040,-639.601867675781,-2287.85668945313,3518.75854492188,0.0,-2023.52990722656,-6895.2421875,11222.4453125
1154390400199609088,-485.623657226563,-2489.3779296875,3489.18920898438,0.0,-1401.5791015625,-7322.380859375,11126.3779296875
1154390400199738880,-319.800933837891,-2679.04467773438,3435.96411132813,0.0,-770.868530273438,-7732.08544921875,10986.642578125
1154390400199868928,-165.822708129883,-2862.78466796875,3382.7392578125,0.0,-166.437515258789,-8141.7900390625,10820.7080078125
1154390400200000000,-11.8444795608521,-3022.81591796875,3305.85888671875,0.0,420.473754882813,-8525.34375,10611.10546875
1154390400200130048,153.978240966797,-3176.92041015625,3223.064453125,0.0,998.625122070313,-8847.876953125,10375.3037109375
1154390400200260096,302.034240722656,-3325.09765625,3140.27026367188,0.0,1568.0166015625,-9144.2587890625,10122.0341796875
1154390400200389888,467.85693359375,-3443.63940429688,3033.8203125,0.0,2172.44775390625,-9388.3388671875,9851.2978515625
1154390400200519936,615.912963867188,-3574.03540039063,2927.37060546875,0.0,2776.87866210938,-9553.9638671875,9563.095703125
1154390400200651008,763.968933105469,-3698.50415039063,2803.17895507813,-5.91223001480103,3381.3095703125,-9693.4375,9257.42578125
1154390400200781056,917.947143554688,-3811.11889648438,2678.98754882813,0.0,3976.98071289063,-9780.6083984375,8908.0888671875
1154390400200911104,1066.00317382813,-3917.806640625,2537.05444335938,5.91223001480103,4511.3330078125,-9867.7802734375,8480.1513671875
1154390400201040896,1196.29248046875,-4018.56713867188,2395.12133789063,0.0,5028.1650390625,-9937.5166015625,8017.27978515625
1154390400201170944,1350.27062988281,-4107.4736328125,2253.18823242188,0.0,5483.67822265625,-9989.8193359375,7510.74169921875
1154390400201302016,1492.40441894531,-4196.3798828125,2105.34130859375,0.0,5930.431640625,-10015.970703125,6986.736328125
1154390400201432064,1634.53820800781,-4285.2861328125,1951.58032226563,0.0,6359.66552734375,-9998.537109375,6427.79736328125
1154390400201562112,1776.671875,-4350.484375,1803.7333984375,0.0,6771.37939453125,-10015.970703125,5860.125
1154390400201691904,1918.8056640625,-4409.7548828125,1649.97253417969,0.0,7191.85302734375,-9998.537109375,5257.51904296875
1154390400201821952,2060.939453125,-4480.88037109375,1490.29772949219,0.0,7603.56689453125,-9946.234375,4646.1796875
1154390400201953024,2197.15087890625,-4522.36962890625,1336.53686523438,5.91223001480103,8015.28076171875,-9920.0830078125,4026.10668945313
1154390400202083072,2315.595703125,-4563.859375,1188.68981933594,5.91223001480103,8426.994140625,-9885.2138671875,3397.30053710938
1154390400202213120,2439.962890625,-4575.71337890625,1034.92895507813,0.0,8829.9482421875,-9867.7802734375,2785.96118164063
1154390400202342912,2552.4853515625,-4593.4951171875,881.168090820313,5.91223001480103,9206.623046875,-9780.6083984375,2174.62158203125
1154390400202472960,2659.08569335938,-4581.640625,721.493347167969,0.0,9557.017578125,-9693.4375,1589.48254394531
1154390400202604032,2753.84155273438,-4569.78662109375,561.818603515625,0.0,9881.1328125,-9588.83203125,986.876525878906
1154390400202734080,2854.51953125,-4540.15087890625,413.971588134766,0.0,10178.96875,-9449.3583984375,410.470764160156
1154390400202864128,2931.5087890625,-4480.88037109375,248.382949829102,0.0,10468.0439453125,-9283.7333984375,-183.401824951172
1154390400202993920,3008.49780273438,-4421.609375,76.8804397583008,-5.91223001480103,10730.83984375,-9065.8046875,-742.340759277344
1154390400203124992,3079.56469726563,-4356.4111328125,-88.7081985473633,0.0,10967.3564453125,-8830.4423828125,-1301.27966308594
1154390400203255040,3138.787109375,-4267.5048828125,-254.296829223633,0.0,11160.07421875,-8586.36328125,-1877.68542480469
1154390400203385088,3192.08715820313,-4172.67138671875,-413.971588134766,0.0,11265.1923828125,-8333.56640625,-2462.82446289063
1154390400203514880,3245.38745117188,-4065.98388671875,-579.560241699219,0.0,11317.751953125,-8063.3359375,-3056.69702148438
1154390400203644928,3274.99853515625,-3941.51489257813,-745.148864746094,0.0,11387.830078125,-7766.9541015625,-3598.16918945313
1154390400203776000,3316.45434570313,-3811.11889648438,-904.823608398438,-5.91223001480103,11457.9091796875,-7409.55224609375,-4104.70751953125
1154390400203906048,3351.98779296875,-3662.94165039063,-1082.23999023438,0.0,11519.228515625,-7008.564453125,-4593.779296875
1154390400204036096,3363.83227539063,-3520.69165039063,-1247.82861328125,0.0,11554.267578125,-6581.42578125,-5047.9169921875
1154390400204165888,3393.443359375,-3384.36840820313,-1407.50341796875,-5.91223001480103,11536.748046875,-6136.8525390625,-5475.8544921875
1154390400204295936,3411.21020507813,-3206.5556640625,-1579.00598144531,-5.91223001480103,11405.3505859375,-5657.4111328125,-5991.12646484375
1154390400204427008,3417.13232421875,-3040.59716796875,-1738.6806640625,0.0,11352.791015625,-5151.81787109375,-6471.46435546875
1154390400204557056,3411.21020507813,-2862.78466796875,-1898.35546875,0.0,11291.4716796875,-4646.22509765625,-6951.802734375
1154390400204687104,3405.28784179688,-2684.97192382813,-2052.1162109375,0.0,11221.392578125,-4140.63232421875,-7440.8740234375
1154390400204816896,3387.52124023438,-2519.01342773438,-2194.04931640625,0.0,11116.2744140625,-3669.90747070313,-7868.8115234375
1154390400204946944,3357.90991210938,-2341.20068359375,-2330.06860351563,0.0,11011.15625,-3181.74877929688,-8331.6826171875
1154390400205078016,3316.45434570313,-2139.67944335938,-2454.26025390625,0.0,10870.998046875,-2693.59008789063,-8777.087890625
1154390400205208064,3263.15405273438,-1950.0126953125,-2572.53784179688,-5.91223001480103,10695.80078125,-2214.1484375,-9187.55859375
1154390400205338112,3198.00952148438,-1736.63745117188,-2690.8154296875,-11.8244600296021,10494.32421875,-1734.70690917969,-9563.095703125
1154390400205467904,3126.94262695313,-1529.18920898438,-2803.17895507813,-5.91223001480103,10284.0869140625,-1246.54821777344,-9921.166015625
1154390400205597952,3038.10888671875,-1309.88696289063,-2897.80102539063,-11.8244600296021,10038.810546875,-758.389465332031,-10235.568359375
1154390400205729024,2949.275390625,-1096.51171875,-2986.50927734375,0.0,9776.0146484375,-278.947845458984,-10515.0380859375
1154390400205859072,2842.67504882813,-871.2822265625,-3075.21752929688,-5.91223001480103,9478.1787109375,235.362243652344,-10759.57421875
1154390400205989120,2736.07470703125,-640.125732421875,-3158.01196289063,-5.91223001480103,9154.0634765625,740.955200195313,-10986.642578125
1154390400206118912,2617.6298828125,-408.969207763672,-3223.064453125,-11.8244600296021,8821.1884765625,1272.69958496094,-11170.044921875
1154390400206249984,2487.3408203125,-177.812698364258,-3294.03100585938,-5.91223001480103,8453.2744140625,1804.44384765625,-11301.0458984375
1154390400206380032,2345.20703125,59.2709007263184,-3353.169921875,-11.8244600296021,8067.83984375,2318.75390625,-11397.11328125
1154390400206510080,2208.99536132813,284.500335693359,-3400.48095703125,0.0,7647.3662109375,2815.6298828125,-11466.98046875
1154390400206640128,2060.939453125,509.729766845703,-3447.7919921875,0.0,7200.61279296875,3286.35424804688,-11510.6484375
1154390400206769920,1918.8056640625,746.813354492188,-3489.18920898438,0.0,6710.06005859375,3739.64453125,-11545.58203125
1154390400206900992,1752.98303222656,972.042785644531,-3530.58618164063,-5.91223001480103,6184.4677734375,4166.783203125,-11536.8486328125
1154390400207031040,1587.16027832031,1209.12634277344,-3566.06958007813,-5.91223001480103,5641.35595703125,4602.6396484375,-11536.8486328125
1154390400207161088,1427.259765625,1440.28295898438,-3589.72509765625,-5.91223001480103,5089.484375,5038.49560546875,-11519.3818359375
1154390400207290880,1267.35925292969,1665.51232910156,-3595.63891601563,-5.91223001480103,4511.3330078125,5465.63427734375,-11475.71484375
1154390400207420928,1101.53662109375,1878.88757324219,-3601.552734375,-5.91223001480103,3898.14184570313,5884.05615234375,-11458.2470703125
1154390400207552000,941.636108398438,2092.26293945313,-3601.552734375,0.0,3258.67138671875,6311.19482421875,-11405.8466796875
1154390400207682048,781.735656738281,2299.7109375,-3589.72509765625,-11.8244600296021,2601.68115234375,6738.333984375,-11353.4462890625
1154390400207812096,621.835205078125,2495.30493164063,-3554.24169921875,-5.91223001480103,1944.69104003906,7156.755859375,-11274.845703125
1154390400207941888,467.85693359375,2684.97192382813,-3518.75854492188,-5.91223001480103,1287.70080566406,7557.7431640625,-11187.51171875
1154390400208071936,319.800933837891,2856.857421875,-3459.61962890625,-5.91223001480103,639.470458984375,7941.29638671875,-11039.04296875
1154390400208203008,165.822708129883,3022.81591796875,-3400.48095703125,-5.91223001480103,43.7993469238281,8324.849609375,-10864.375
1154390400208333056,11.8444795608521,3165.06616210938,-3329.51440429688,-11.8244600296021,-534.35205078125,8682.251953125,-10654.7724609375
1154390400208463104,-130.289276123047,3313.24340820313,-3246.71997070313,-5.91223001480103,-1086.22387695313,8987.3505859375,-10401.50390625
1154390400208592896,-284.267517089844,3443.63940429688,-3152.09790039063,-5.91223001480103,-1638.09558105469,9266.298828125,-10130.767578125
1154390400208722944,-432.323516845703,3574.03540039063,-3057.47583007813,-11.8244600296021,-2198.72729492188,9484.2265625,-9842.564453125
1154390400208854016,-586.3017578125,3692.5771484375,-2951.02612304688,-5.91223001480103,-2776.87866210938,9632.41796875,-9554.3623046875
1154390400208984064,-734.357727050781,3805.19189453125,-2826.83447265625,-5.91223001480103,-3372.5498046875,9737.0234375,-9239.958984375
1154390400209114112,-888.3359375,3923.73364257813,-2696.72924804688,-5.91223001480103,-3941.94140625,9815.4775390625,-8881.888671875
1154390400209243904,-1030.4697265625,4024.494140625,-2560.7099609375,0.0,-4467.53369140625,9893.931640625,-8471.41796875
1154390400209374976,-1178.52575683594,4119.32763671875,-2418.77685546875,-11.8244600296021,-4966.84619140625,9954.951171875,-7999.81298828125
1154390400209505024,-1326.58166503906,4208.23388671875,-2276.84375,0.0,-5431.119140625,10007.25390625,-7519.47509765625
1154390400209635072,-1468.71545410156,4285.2861328125,-2117.1689453125,-11.8244600296021,-5869.11279296875,10015.970703125,-6995.4697265625
1154390400209765120,-1616.771484375,4368.265625,-1963.40808105469,-5.91223001480103,-6307.10595703125,10033.4052734375,-6462.73095703125
1154390400209894912,-1764.82751464844,4439.390625,-1815.56115722656,0.0,-6736.33984375,10015.970703125,-5895.05859375
1154390400210025984,-1912.88342285156,4498.66162109375,-1655.88635253906,-11.8244600296021,-7156.8134765625,10015.970703125,-5309.91943359375
1154390400210156032,-2043.17272949219,4557.93212890625,-1502.12548828125,-5.91223001480103,-7586.046875,9989.8193359375,-4698.580078125
1154390400210286080,-2179.38427734375,4593.4951171875,-1342.45068359375,-5.91223001480103,-8006.52099609375,9963.66796875,-4078.50732421875
1154390400210416128,-2315.595703125,4634.984375,-1188.68981933594,5.91223001480103,-8418.234375,9928.7998046875,-3449.70092773438
1154390400210545920,-2428.11840820313,4646.8388671875,-1029.01513671875,-5.91223001480103,-8829.9482421875,9885.2138671875,-2829.62817382813
1154390400210676992,-2546.56298828125,4652.765625,-875.254211425781,-5.91223001480103,-9206.623046875,9824.1943359375,-2209.55541992188
1154390400210807040,-2653.16333007813,4640.91162109375,-721.493347167969,-5.91223001480103,-9557.017578125,9745.740234375,-1598.21594238281
1154390400210937088,-2747.91918945313,4623.13037109375,-555.904724121094,-11.8244600296021,-9889.892578125,9641.134765625,-1013.07678222656
1154390400211066880,-2830.83056640625,4587.56787109375,-396.229949951172,0.0,-10187.728515625,9501.6611328125,-419.204162597656
1154390400211196928,-2919.66430664063,4546.078125,-236.555191040039,-5.91223001480103,-10476.8037109375,9344.7529296875,139.734725952148
1154390400211328000,-2996.6533203125,4480.88037109375,-70.9665603637695,0.0,-10739.6005859375,9118.107421875,707.407043457031
1154390400211458048,-3067.72021484375,4409.7548828125,100.535957336426,0.0,-10967.3564453125,8891.462890625,1266.34594726563
1154390400211588096,-3126.94262695313,4314.921875,266.124603271484,0.0,-11151.314453125,8647.3828125,1860.21850585938
1154390400211717888,-3180.24267578125,4220.08837890625,431.713226318359,5.91223001480103,-11265.1923828125,8403.3037109375,2454.09106445313
1154390400211847936,-3227.62060546875,4107.4736328125,597.301879882813,0.0,-11317.751953125,8141.7900390625,3047.96362304688
1154390400211979008,-3274.99853515625,3988.931640625,751.062744140625,5.91223001480103,-11379.0703125,7836.69091796875,3606.90258789063
1154390400212109056,-3304.60986328125,3858.53564453125,922.565246582031,0.0,-11440.3896484375,7479.2890625,4130.90771484375
1154390400212239104,-3328.298828125,3710.3583984375,1094.06774902344,0.0,-11510.46875,7060.8671875,4611.24609375
1154390400212368896,-3357.90991210938,3562.18115234375,1259.65637207031,0.0,-11554.267578125,6633.728515625,5074.1171875
1154390400212499968,-3375.6767578125,3408.07690429688,1425.24499511719,0.0,-11545.5078125,6171.72119140625,5545.72216796875
1154390400212630016,-3387.52124023438,3242.11840820313,1590.83374023438,0.0,-11449.1494140625,5666.1279296875,5999.85986328125
1154390400212760064,-3393.443359375,3076.15991210938,1750.50842285156,0.0,-11387.830078125,5160.53515625,6462.73095703125
1154390400212890112,-3399.36572265625,2904.27416992188,1904.26928710938,-5.91223001480103,-11344.03125,4628.791015625,6925.6025390625
1154390400213019904,-3381.59887695313,2732.388671875,2058.0302734375,0.0,-11282.7119140625,4079.6123046875,7397.20703125
1154390400213150976,-3363.83227539063,2566.42993164063,2205.87719726563,0.0,-11203.873046875,3539.15087890625,7851.3447265625
1154390400213281024,-3328.298828125,2382.69018554688,2347.81030273438,0.0,-11098.7548828125,3016.12353515625,8288.015625
1154390400213411072,-3292.76538085938,2198.95043945313,2472.00170898438,0.0,-10958.5966796875,2493.09643554688,8724.6865234375
1154390400213541120,-3227.62060546875,2009.28356933594,2596.193359375,0.0,-10792.1591796875,1996.22045898438,9135.1572265625
1154390400213670912,-3168.39819335938,1819.61669921875,2708.55688476563,5.91223001480103,-10573.162109375,1508.06176757813,9536.8955078125
1154390400213801984,-3097.33129882813,1618.09558105469,2815.0068359375,0.0,-10327.8857421875,1028.62023925781,9912.431640625
1154390400213932032,-3020.34228515625,1416.57458496094,2909.62890625,0.0,-10065.08984375,549.178588867188,10253.03515625
1154390400214062080,-2925.58642578125,1209.12634277344,3004.2509765625,0.0,-9767.2548828125,69.7369613647461,10549.9716796875
1154390400214192128,-2824.90844726563,995.751159667969,3081.13134765625,0.0,-9460.6591796875,-409.704650878906,10803.2412109375
1154390400214321920,-2718.30810546875,770.521728515625,3152.09790039063,0.0,-9127.7841796875,-924.014709472656,11004.109375
1154390400214452992,-2599.86328125,551.219360351563,3228.978515625,0.0,-8803.6689453125,-1420.890625,11178.7783203125
1154390400214583040,-2469.57397460938,331.917053222656,3282.20336914063,0.0,-8435.7548828125,-1917.76647949219,11318.5126953125
1154390400214713088,-2339.28466796875,106.687622070313,3347.25610351563,0.0,-8050.3203125,-2405.92504882813,11414.580078125
1154390400214842880,-2203.0732421875,-118.541801452637,3388.65307617188,5.91223001480103,-7621.08642578125,-2859.21533203125,11484.4482421875
1154390400214972928,-2060.939453125,-349.698333740234,3435.96411132813,0.0,-7174.3330078125,-3295.07153320313,11536.8486328125
1154390400215104000,-1906.96118164063,-574.927734375,3477.361328125,0.0,-6683.7802734375,-3704.77612304688,11554.3154296875
1154390400215234048,-1741.13854980469,-812.011352539063,3512.8447265625,5.91223001480103,-6166.9482421875,-4097.04638671875,11580.515625
1154390400215364096,-1587.16027832031,-1049.09497070313,3542.4140625,0.0,-5615.076171875,-4489.31689453125,11571.7822265625
1154390400215493888,-1421.33752441406,-1280.25146484375,3560.15576171875,5.91223001480103,-5063.20458984375,-4881.58740234375,11545.58203125
1154390400215624960,-1261.43713378906,-1517.33508300781,3577.89721679688,0.0,-4485.05322265625,-5282.57470703125,11510.6484375
1154390400215755008,-1101.53662109375,-1742.564453125,3583.81127929688,0.0,-3871.8623046875,-5700.99658203125,11466.98046875
1154390400215885056,-935.7138671875,-1967.7939453125,3583.81127929688,0.0,-3258.67138671875,-6128.13525390625,11423.3134765625
1154390400216015104,-775.813415527344,-2181.16918945313,3577.89721679688,5.91223001480103,-2619.20092773438,-6572.70849609375,11353.4462890625
1154390400216144896,-609.99072265625,-2388.61743164063,3542.4140625,0.0,-2006.01013183594,-7008.564453125,11266.1123046875
1154390400216275968,-450.090209960938,-2584.21142578125,3506.9306640625,0.0,-1349.01989746094,-7435.70361328125,11170.044921875
1154390400216406016,-296.111999511719,-2762.02392578125,3459.61962890625,5.91223001480103,-727.069152832031,-7845.408203125,11030.3095703125
1154390400216536064,-142.133758544922,-2939.83666992188,3394.56713867188,0.0,-131.398040771484,-8246.3955078125,10855.6416015625
1154390400216666112,11.8444795608521,-3099.8681640625,3323.6005859375,5.91223001480103,455.513214111328,-8612.5146484375,10646.0390625
1154390400216795904,171.74494934082,-3248.04541015625,3240.80615234375,0.0,1007.38500976563,-8943.765625,10392.7705078125
1154390400216926976,325.723175048828,-3384.36840820313,3152.09790039063,5.91223001480103,1568.0166015625,-9231.4306640625,10130.767578125
1154390400217057024,473.779174804688,-3508.83740234375,3045.64819335938,0.0,2128.64819335938,-9475.509765625,9842.564453125
1154390400217187072,633.679626464844,-3633.30615234375,2939.1982421875,0.0,2733.07934570313,-9667.2861328125,9563.095703125
1154390400217317120,781.735656738281,-3751.84814453125,2815.0068359375,0.0,3346.27026367188,-9798.04296875,9257.42578125
1154390400217446912,935.7138671875,-3858.53564453125,2678.98754882813,0.0,3950.701171875,-9893.931640625,8908.0888671875
1154390400217577984,1077.84765625,-3959.29614257813,2548.88232421875,0.0,4493.81298828125,-9963.66796875,8506.3515625
1154390400217708032,1219.9814453125,-4054.12963867188,2395.12133789063,5.91223001480103,4993.12548828125,-10033.4052734375,8043.47998046875
1154390400217838080,1368.03735351563,-4143.0361328125,2247.2744140625,-5.91223001480103,5466.15869140625,-10085.7080078125,7545.67529296875
1154390400217968128,1516.09338378906,-4214.1611328125,2093.51342773438,0.0,5912.912109375,-10103.142578125,7021.669921875
1154390400218097920,1658.22717285156,-4291.21337890625,1939.75256347656,0.0,6342.1455078125,-10120.576171875,6462.73095703125
1154390400218228992,1800.36083984375,-4362.33837890625,1791.90563964844,5.91223001480103,6762.619140625,-10120.576171875,5886.3251953125
1154390400218359040,1936.57238769531,-4427.5361328125,1638.14477539063,0.0,7183.09326171875,-10076.9912109375,5283.71923828125
1154390400218489088,2078.7060546875,-4474.953125,1472.55603027344,0.0,7603.56689453125,-10059.556640625,4672.3798828125
1154390400218618880,2208.99536132813,-4522.36962890625,1324.70910644531,0.0,8024.04052734375,-10033.4052734375,4043.57373046875
1154390400218749952,2333.36254882813,-4552.00537109375,1159.12048339844,5.91223001480103,8435.7548828125,-9998.537109375,3406.03393554688
1154390400218880000,2451.80737304688,-4569.78662109375,1011.2734375,5.91223001480103,8838.7080078125,-9954.951171875,2777.22778320313
1154390400219010048,2570.251953125,-4557.93212890625,857.512573242188,5.91223001480103,9206.623046875,-9911.365234375,2174.62158203125
1154390400219140096,2676.85229492188,-4557.93212890625,697.837829589844,5.91223001480103,9557.017578125,-9806.759765625,1572.015625
1154390400219269888,2759.763671875,-4534.22412109375,544.076965332031,0.0,9881.1328125,-9702.154296875,969.40966796875
1154390400219400960,2860.44189453125,-4492.734375,384.402191162109,0.0,10178.96875,-9562.6806640625,393.00390625
1154390400219531008,2937.43090820313,-4433.46337890625,218.813552856445,5.91223001480103,10450.5244140625,-9397.0556640625,-200.868667602539
1154390400219661056,3014.42016601563,-4368.265625,53.2249183654785,0.0,10730.83984375,-9170.41015625,-751.074157714844
1154390400219791104,3079.56469726563,-4291.21337890625,-112.363716125488,0.0,10967.3564453125,-8935.0478515625,-1318.74645996094
1154390400219920896,3138.787109375,-4208.23388671875,-277.952362060547,0.0,11160.07421875,-8699.685546875,-1895.15222167969
1154390400220051968,3192.08715820313,-4107.4736328125,-443.540985107422,0.0,11256.4326171875,-8455.6064453125,-2480.29150390625
1154390400220182016,3239.46508789063,-3988.931640625,-609.129638671875,5.91223001480103,11308.9912109375,-8194.0927734375,-3065.4306640625
1154390400220312064,3280.9208984375,-3864.462890625,-774.71826171875,0.0,11379.0703125,-7880.27685546875,-3615.63598632813
1154390400220442112,3316.45434570313,-3722.21264648438,-940.306884765625,0.0,11449.1494140625,-7531.591796875,-4122.17431640625
1154390400220571904,3340.14331054688,-3574.03540039063,-1105.8955078125,0.0,11510.46875,-7113.169921875,-4611.24609375
1154390400220702976,3363.83227539063,-3419.93090820313,-1271.48413085938,0.0,11554.267578125,-6677.31396484375,-5065.3837890625
1154390400220833024,3387.52124023438,-3277.68090820313,-1437.07275390625,5.91223001480103,11536.748046875,-6250.17529296875,-5493.3212890625
1154390400220963072,3405.28784179688,-3099.8681640625,-1614.4892578125,0.0,11405.3505859375,-5744.58203125,-5999.85986328125
1154390400221093120,3399.36572265625,-2922.05541992188,-1774.16394042969,0.0,11361.55078125,-5247.70654296875,-6488.93115234375
1154390400221222912,3399.36572265625,-2756.09692382813,-1933.83874511719,-5.91223001480103,11300.2314453125,-4724.67919921875,-6969.26953125
1154390400221353984,3393.443359375,-2572.35717773438,-2081.68579101563,0.0,11221.392578125,-4219.0859375,-7458.3408203125
1154390400221484032,3375.6767578125,-2394.54443359375,-2223.61889648438,-5.91223001480103,11142.5537109375,-3722.21020507813,-7895.01220703125
1154390400221614080,3340.14331054688,-2210.8046875,-2359.63818359375,0.0,11028.67578125,-3225.33447265625,-8357.8828125
1154390400221744128,3304.60986328125,-2015.21069335938,-2483.82958984375,0.0,10888.517578125,-2728.45849609375,-8794.5546875
1154390400221874944,3251.3095703125,-1819.61669921875,-2608.02099609375,0.0,10730.83984375,-2240.2998046875,-9205.025390625
1154390400222004992,3180.24267578125,-1612.16857910156,-2720.384765625,0.0,10538.123046875,-1752.14111328125,-9589.2958984375
1154390400222135040,3103.25366210938,-1404.72033691406,-2820.92065429688,-11.8244600296021,10310.3662109375,-1255.26525878906,-9947.3662109375
1154390400222265088,3020.34228515625,-1179.49096679688,-2927.37060546875,-5.91223001480103,10065.08984375,-767.106567382813,-10270.501953125
1154390400222394880,2925.58642578125,-966.11572265625,-3010.16479492188,-11.8244600296021,9793.5341796875,-261.513610839844,-10558.705078125
1154390400222525952,2824.90844726563,-734.959167480469,-3098.873046875,-5.91223001480103,9504.4580078125,252.796478271484,-10794.5078125
1154390400222656000,2712.3857421875,-509.729766845703,-3175.75341796875,-5.91223001480103,9180.34375,767.106567382813,-10977.9091796875
1154390400222786048,2582.09643554688,-284.500335693359,-3246.71997070313,-5.91223001480103,8838.7080078125,1298.85095214844,-11152.578125
1154390400222916096,2451.80737304688,-53.3438110351563,-3305.85888671875,-11.8244600296021,8479.5537109375,1848.02941894531,-11318.5126953125
1154390400223045888,2315.595703125,171.885620117188,-3364.99755859375,-5.91223001480103,8085.359375,2379.77392578125,-11405.8466796875
1154390400223176960,2179.38427734375,397.115051269531,-3412.30859375,-11.8244600296021,7673.6455078125,2894.083984375,-11484.4482421875
1154390400223307008,2031.32824707031,622.344482421875,-3471.44750976563,-11.8244600296021,7218.13232421875,3373.525390625,-11501.9150390625
1154390400223437056,1877.34997558594,853.5009765625,-3501.01684570313,-11.8244600296021,6718.81982421875,3818.0986328125,-11563.048828125
1154390400223567104,1717.44958496094,1084.65747070313,-3530.58618164063,-5.91223001480103,6210.74755859375,4262.671875,-11571.7822265625
1154390400223696896,1557.54907226563,1309.88696289063,-3566.06958007813,-11.8244600296021,5676.3955078125,4707.2451171875,-11528.115234375
1154390400223827968,1397.64855957031,1523.26220703125,-3589.72509765625,0.0,5107.00390625,5143.10107421875,-11519.3818359375
1154390400223958016,1225.90368652344,1748.49157714844,-3595.63891601563,-5.91223001480103,4528.8525390625,5570.23974609375,-11493.181640625
1154390400224088064,1071.92541503906,1967.7939453125,-3601.552734375,-11.8244600296021,3906.90185546875,6006.095703125,-11466.98046875
1154390400224218112,906.102661132813,2169.31494140625,-3601.552734375,-5.91223001480103,3276.19116210938,6433.23486328125,-11423.3134765625
1154390400224347904,746.202209472656,2370.83618164063,-3577.89721679688,-11.8244600296021,2619.20092773438,6860.37353515625,-11370.9130859375
1154390400224478976,592.223999023438,2554.57592773438,-3548.32788085938,-11.8244600296021,1953.45092773438,7270.078125,-11292.3125
1154390400224609024,438.245758056641,2732.388671875,-3506.9306640625,-5.91223001480103,1305.22058105469,7679.78271484375,-11187.51171875
1154390400224739072,284.267517089844,2898.34716796875,-3453.70581054688,-5.91223001480103,656.990234375,8063.3359375,-11056.509765625
1154390400224869120,136.211517333984,3064.3056640625,-3382.7392578125,-5.91223001480103,52.5592193603516,8429.455078125,-10873.1083984375
1154390400224999936,-11.8444795608521,3194.70166015625,-3317.6865234375,0.0,-508.072448730469,8778.1396484375,-10654.7724609375
1154390400225129984,-159.900466918945,3342.87890625,-3234.89233398438,-5.91223001480103,-1059.94421386719,9091.9560546875,-10392.7705078125
1154390400225260032,-313.878723144531,3467.34765625,-3140.27026367188,-5.91223001480103,-1611.81604003906,9370.904296875,-10113.30078125
1154390400225390080,-461.934692382813,3597.74365234375,-3039.734375,-5.91223001480103,-2163.68774414063,9588.83203125,-9816.3642578125
1154390400225520128,-615.912963867188,3710.3583984375,-2927.37060546875,-11.8244600296021,-2741.83911132813,9745.740234375,-9528.162109375
1154390400225650944,-769.891174316406,3811.11889648438,-2809.09301757813,-5.91223001480103,-3328.75048828125,9841.62890625,-9222.4921875
1154390400225780992,-923.869384765625,3923.73364257813,-2673.07373046875,-5.91223001480103,-3898.14184570313,9928.7998046875,-8864.421875
1154390400225911040,-1066.00317382813,4024.494140625,-2537.05444335938,0.0,-4441.25390625,10007.25390625,-8445.2177734375
1154390400226041088,-1208.13696289063,4113.400390625,-2401.03515625,-5.91223001480103,-4940.56640625,10068.2734375,-7991.07958984375
1154390400226170880,-1356.19287109375,4202.30712890625,-2253.18823242188,-5.91223001480103,-5404.83935546875,10111.859375,-7502.00830078125
1154390400226301952,-1504.24890136719,4273.43212890625,-2099.42724609375,-5.91223001480103,-5851.5927734375,10129.2939453125,-6995.4697265625
1154390400226432000,-1652.30493164063,4344.55712890625,-1945.66650390625,-5.91223001480103,-6280.82666015625,10138.0107421875,-6453.99755859375
1154390400226562048,-1800.36083984375,4415.68212890625,-1791.90563964844,-11.8244600296021,-6710.06005859375,10138.0107421875,-5877.591796875
1154390400226692096,-1942.49462890625,4469.02587890625,-1632.23083496094,-5.91223001480103,-7139.2939453125,10120.576171875,-5292.45263671875
1154390400226821888,-2084.62841796875,4516.44287109375,-1466.64221191406,0.0,-7568.52734375,10103.142578125,-4681.11328125
1154390400226952960,-2214.91772460938,4552.00537109375,-1318.79516601563,0.0,-7989.0009765625,10068.2734375,-4052.30712890625
1154390400227083008,-2345.20703125,4581.640625,-1165.03430175781,-5.91223001480103,-8409.474609375,10042.1220703125,-3423.50073242188
1154390400227213056,-2457.7294921875,4599.421875,-1005.35955810547,0.0,-8812.4287109375,10007.25390625,-2794.69458007813
1154390400227343104,-2570.251953125,4599.421875,-845.684814453125,0.0,-9197.86328125,9937.5166015625,-2174.62158203125
1154390400227472896,-2676.85229492188,4581.640625,-691.923950195313,0.0,-9548.2578125,9859.0625,-1563.2822265625
1154390400227603968,-2771.60815429688,4552.00537109375,-532.249206542969,0.0,-9872.373046875,9745.740234375,-978.14306640625
1154390400227734016,-2860.44189453125,4516.44287109375,-366.660552978516,0.0,-10178.96875,9606.2666015625,-384.2705078125
1154390400227864064,-2943.35327148438,4463.09912109375,-206.985794067383,0.0,-10468.0439453125,9449.3583984375,183.401824951172
1154390400227994112,-3020.34228515625,4397.90087890625,-41.397159576416,0.0,-10730.83984375,9213.99609375,742.340759277344
1154390400228124928,-3085.48681640625,4320.8486328125,118.27759552002,0.0,-10976.1162109375,8978.6337890625,1292.54626464844
1154390400228254976,-3150.63159179688,4226.01513671875,289.780120849609,0.0,-11160.07421875,8725.8369140625,1868.95190429688
1154390400228385024,-3198.00952148438,4125.2548828125,455.368743896484,0.0,-11265.1923828125,8481.7578125,2471.55786132813
1154390400228515072,-3239.46508789063,4012.64013671875,620.957397460938,5.91223001480103,-11308.9912109375,8220.244140625,3074.1640625
1154390400228645120,-3280.9208984375,3882.244140625,780.632141113281,0.0,-11379.0703125,7906.42822265625,3633.10278320313
1154390400228775936,-3316.45434570313,3745.9208984375,952.134643554688,5.91223001480103,-11449.1494140625,7549.02587890625,4157.10791015625
1154390400228905984,-3346.0654296875,3597.74365234375,1111.80944824219,5.91223001480103,-11519.228515625,7139.3212890625,4637.4462890625
1154390400229036032,-3369.75439453125,3443.63940429688,1277.39807128906,5.91223001480103,-11563.0283203125,6686.03125,5100.3173828125
1154390400229166080,-3387.52124023438,3289.53515625,1448.90051269531,5.91223001480103,-11545.5078125,6215.306640625,5563.18896484375
1154390400229296128,-3399.36572265625,3129.50366210938,1614.4892578125,0.0,-11449.1494140625,5718.4306640625,6026.06005859375
1154390400229426944,-3399.36572265625,2963.54516601563,1768.25012207031,0.0,-11387.830078125,5204.12060546875,6488.93115234375
1154390400229556992,-3399.36572265625,2785.732421875,1922.01098632813,0.0,-11344.03125,4654.9423828125,6960.5361328125
1154390400229687040,-3387.52124023438,2613.8466796875,2075.77172851563,5.91223001480103,-11291.4716796875,4105.763671875,7423.4072265625
1154390400229817088,-3369.75439453125,2436.0341796875,2223.61889648438,5.91223001480103,-11221.392578125,3556.5849609375,7877.54541015625
1154390400229946880,-3328.298828125,2252.29418945313,2365.55200195313,0.0,-11125.0341796875,3016.12353515625,8305.482421875
1154390400230077952,-3286.84301757813,2074.4814453125,2489.74340820313,5.91223001480103,-10993.63671875,2493.09643554688,8733.419921875
1154390400230208000,-3233.54296875,1884.81469726563,2608.02099609375,0.0,-10818.4384765625,1978.78625488281,9152.625
1154390400230338048,-3168.39819335938,1701.07482910156,2720.384765625,5.91223001480103,-10608.2021484375,1481.91040039063,9545.62890625
1154390400230468096,-3091.4091796875,1493.62670898438,2820.92065429688,5.91223001480103,-10371.685546875,993.751708984375,9929.8994140625
1154390400230597888,-3008.49780273438,1292.10571289063,2915.54272460938,0.0,-10100.1298828125,514.310119628906,10270.501953125
1154390400230728960,-2913.74194335938,1090.58459472656,2998.33715820313,0.0,-9811.0537109375,34.868480682373,10567.4384765625
1154390400230859008,-2813.06396484375,877.209350585938,3087.04541015625,0.0,-9504.4580078125,-462.007354736328,10811.974609375
1154390400230989056,-2706.46362304688,663.834106445313,3158.01196289063,0.0,-9180.34375,-976.317443847656,11021.576171875
1154390400231119104,-2588.01879882813,444.531768798828,3228.978515625,0.0,-8847.46875,-1490.62756347656,11178.7783203125
1154390400231249920,-2457.7294921875,225.229431152344,3282.20336914063,0.0,-8479.5537109375,-1996.22045898438,11318.5126953125
1154390400231379968,-2321.51806640625,5.92709016799927,3335.42822265625,0.0,-8085.359375,-2484.37915039063,11414.580078125
1154390400231510016,-2185.30639648438,-213.375244140625,3388.65307617188,-5.91223001480103,-7664.8857421875,-2955.10375976563,11493.181640625
1154390400231640064,-2037.25048828125,-432.677581787109,3430.05029296875,0.0,-7200.61279296875,-3390.95971679688,11545.58203125
1154390400231770112,-1877.34997558594,-657.906982421875,3471.44750976563,0.0,-6710.06005859375,-3800.66430664063,11571.7822265625
1154390400231900928,-1729.29406738281,-894.990600585938,3501.01684570313,5.91223001480103,-6201.98779296875,-4201.65185546875,11580.515625
1154390400232030976,-1563.47131347656,-1120.22009277344,3536.50024414063,5.91223001480103,-5650.11572265625,-4593.92236328125,11563.048828125
1154390400232161024,-1397.64855957031,-1351.37658691406,3554.24169921875,0.0,-5107.00390625,-5003.626953125,11536.8486328125
1154390400232291072,-1231.82592773438,-1582.53308105469,3566.06958007813,0.0,-4511.3330078125,-5404.61474609375,11510.6484375
1154390400232421120,-1071.92541503906,-1807.76245117188,3571.9833984375,0.0,-3915.66162109375,-5823.0361328125,11466.98046875
1154390400232551936,-912.02490234375,-2015.21069335938,3566.06958007813,0.0,-3293.7109375,-6267.609375,11405.8466796875
1154390400232681984,-746.202209472656,-2228.5859375,3548.32788085938,0.0,-2663.00024414063,-6703.46533203125,11335.9794921875
1154390400232812032,-580.379516601563,-2436.0341796875,3524.67236328125,0.0,-2023.52990722656,-7148.03857421875,11257.37890625
1154390400232942080,-426.401275634766,-2619.77392578125,3477.361328125,0.0,-1384.05944824219,-7575.17724609375,11143.8447265625
1154390400233072128,-266.500793457031,-2797.58666992188,3435.96411132813,0.0,-762.108642578125,-7984.8818359375,11021.576171875
1154390400233202944,-112.522552490234,-2957.61791992188,3370.91162109375,5.91223001480103,-166.437515258789,-8385.869140625,10838.1748046875
